user_id,sequence_movie_ids,sequence_ratings,sex,age_group,occupation
1,"1721,1270,1022,2340,1836,3408,1207,2804","4,5,5,3,5,4,4,5",0,0,10
1,"1270,1022,2340,1836,3408,1207,2804,260","5,5,3,5,4,4,5,4",0,0,10
1,"1022,2340,1836,3408,1207,2804,260,720","5,3,5,4,4,5,4,3",0,0,10
1,"2340,1836,3408,1207,2804,260,720,1193","3,5,4,4,5,4,3,5",0,0,10
1,"1836,3408,1207,2804,260,720,1193,919","5,4,4,5,4,3,5,4",0,0,10
1,"3408,1207,2804,260,720,1193,919,608","4,4,5,4,3,5,4,4",0,0,10
1,"1207,2804,260,720,1193,919,608,2692","4,5,4,3,5,4,4,4",0,0,10
1,"2804,260,720,1193,919,608,2692,1961","5,4,3,5,4,4,4,5",0,0,10
1,"720,1193,919,608,2692,1961,2028,3105","3,5,4,4,4,5,5,5",0,0,10
1,"1193,919,608,2692,1961,2028,3105,938","5,4,4,4,5,5,5,4",0,0,10
1,"919,608,2692,1961,2028,3105,938,1035","4,4,4,5,5,5,4,5",0,0,10
1,"608,2692,1961,2028,3105,938,1035,1962","4,4,5,5,5,4,5,4",0,0,10
1,"1961,2028,3105,938,1035,1962,1028,2018","5,5,5,4,5,4,5,4",0,0,10
1,"2028,3105,938,1035,1962,1028,2018,150","5,5,4,5,4,5,4,5",0,0,10
1,"3105,938,1035,1962,1028,2018,150,1097","5,4,5,4,5,4,5,4",0,0,10
1,"938,1035,1962,1028,2018,150,1097,914","4,5,4,5,4,5,4,3",0,0,10
1,"2018,150,1097,914,1287,2797,1246,2762","4,5,4,3,5,4,4,4",0,0,10
1,"150,1097,914,1287,2797,1246,2762,661","5,4,3,5,4,4,4,3",0,0,10
1,"1097,914,1287,2797,1246,2762,661,2918","4,3,5,4,4,4,3,4",0,0,10
1,"1287,2797,1246,2762,661,2918,531,3114","5,4,4,4,3,4,4,4",0,0,10
1,"2797,1246,2762,661,2918,531,3114,2791","4,4,4,3,4,4,4,4",0,0,10
1,"1246,2762,661,2918,531,3114,2791,1029","4,4,3,4,4,4,4,5",0,0,10
1,"2762,661,2918,531,3114,2791,1029,2321","4,3,4,4,4,4,5,3",0,0,10
1,"2918,531,3114,2791,1029,2321,1197,594","4,4,4,4,5,3,3,4",0,0,10
1,"531,3114,2791,1029,2321,1197,594,2398","4,4,4,5,3,3,4,4",0,0,10
1,"3114,2791,1029,2321,1197,594,2398,1545","4,4,5,3,3,4,4,4",0,0,10
1,"2791,1029,2321,1197,594,2398,1545,527","4,5,3,3,4,4,4,5",0,0,10
1,"1029,2321,1197,594,2398,1545,527,745","5,3,3,4,4,4,5,3",0,0,10
1,"2321,1197,594,2398,1545,527,745,595","3,3,4,4,4,5,3,5",0,0,10
1,"1197,594,2398,1545,527,745,595,588","3,4,4,4,5,3,5,4",0,0,10
1,"594,2398,1545,527,745,595,588,1","4,4,4,5,3,5,4,5",0,0,10
1,"2398,1545,527,745,595,588,1,2687","4,4,5,3,5,4,5,3",0,0,10
1,"1545,527,745,595,588,1,2687,783","4,5,3,5,4,5,3,4",0,0,10
1,"527,745,595,588,1,2687,783,2294","5,3,5,4,5,3,4,4",0,0,10
1,"745,595,588,1,2687,783,2294,2355","3,5,4,5,3,4,4,5",0,0,10
1,"595,588,1,2687,783,2294,2355,1907","5,4,5,3,4,4,5,4",0,0,10
1,"588,1,2687,783,2294,2355,1907,1566","4,5,3,4,4,5,4,4",0,0,10
1,"1,2687,783,2294,2355,1907,1566,48","5,3,4,4,5,4,4,5",0,0,10
1,"1,2687,783,2294,2355,1907,1566,48","5,3,4,4,5,4,4,5",0,0,10
10,"858,743,1210,1948,2312,3751,1282,551","3,3,4,4,5,5,5,3",0,3,1
10,"743,1210,1948,2312,3751,1282,551,2858","3,4,4,5,5,5,3,3",0,3,1
10,"1210,1948,2312,3751,1282,551,2858,2033","4,4,5,5,5,3,3,3",0,3,1
10,"1948,2312,3751,1282,551,2858,2033,3155","4,5,5,5,3,3,3,5",0,3,1
10,"2312,3751,1282,551,2858,2033,3155,480","5,5,5,3,3,3,5,4",0,3,1
10,"3751,1282,551,2858,2033,3155,480,2791","5,5,3,3,3,5,4,4",0,3,1
10,"1282,551,2858,2033,3155,480,2791,1544","5,3,3,3,5,4,4,4",0,3,1
10,"551,2858,2033,3155,480,2791,1544,2135","3,3,3,5,4,4,4,4",0,3,1
10,"2858,2033,3155,480,2791,1544,2135,3675","3,3,5,4,4,4,4,5",0,3,1
10,"2033,3155,480,2791,1544,2135,3675,2657","3,5,4,4,4,4,5,4",0,3,1
10,"480,2791,1544,2135,3675,2657,2399,648","4,4,4,4,5,4,4,4",0,3,1
10,"2791,1544,2135,3675,2657,2399,648,3189","4,4,4,5,4,4,4,4",0,3,1
10,"1544,2135,3675,2657,2399,648,3189,3481","4,4,5,4,4,4,4,4",0,3,1
10,"2135,3675,2657,2399,648,3189,3481,3408","4,5,4,4,4,4,4,4",0,3,1
10,"3675,2657,2399,648,3189,3481,3408,3629","5,4,4,4,4,4,4,3",0,3,1
10,"2657,2399,648,3189,3481,3408,3629,1204","4,4,4,4,4,4,3,4",0,3,1
10,"2399,648,3189,3481,3408,3629,1204,1148","4,4,4,4,4,3,4,5",0,3,1
10,"648,3189,3481,3408,3629,1204,1148,2762","4,4,4,4,3,4,5,5",0,3,1
10,"3189,3481,3408,3629,1204,1148,2762,919","4,4,4,3,4,5,5,5",0,3,1
10,"3481,3408,3629,1204,1148,2762,919,1927","4,4,3,4,5,5,5,3",0,3,1
10,"3408,3629,1204,1148,2762,919,1927,541","4,3,4,5,5,5,3,5",0,3,1
10,"3629,1204,1148,2762,919,1927,541,1198","3,4,5,5,5,3,5,5",0,3,1
10,"1204,1148,2762,919,1927,541,1198,1234","4,5,5,5,3,5,5,4",0,3,1
10,"1148,2762,919,1927,541,1198,1234,3037","5,5,5,3,5,5,4,5",0,3,1
10,"2762,919,1927,541,1198,1234,3037,2300","5,5,3,5,5,4,5,5",0,3,1
10,"919,1927,541,1198,1234,3037,2300,1293","5,3,5,5,4,5,5,4",0,3,1
10,"1927,541,1198,1234,3037,2300,1293,912","3,5,5,4,5,5,4,3",0,3,1
10,"541,1198,1234,3037,2300,1293,912,1291","5,5,4,5,5,4,3,5",0,3,1
10,"1198,1234,3037,2300,1293,912,1291,1270","5,4,5,5,4,3,5,4",0,3,1
10,"1234,3037,2300,1293,912,1291,1270,1954","4,5,5,4,3,5,4,3",0,3,1
10,"3037,2300,1293,912,1291,1270,1954,3114","5,5,4,3,5,4,3,4",0,3,1
10,"2300,1293,912,1291,1270,1954,3114,1302","5,4,3,5,4,3,4,5",0,3,1
10,"1293,912,1291,1270,1954,3114,1302,1214","4,3,5,4,3,4,5,4",0,3,1
10,"1291,1270,1954,3114,1302,1214,1079,1215","5,4,3,4,5,4,5,4",0,3,1
10,"1270,1954,3114,1302,1214,1079,1215,1080","4,3,4,5,4,5,4,5",0,3,1
10,"1954,3114,1302,1214,1079,1215,1080,1201","3,4,5,4,5,4,5,2",0,3,1
10,"3114,1302,1214,1079,1215,1080,1201,110","4,5,4,5,4,5,2,4",0,3,1
10,"1214,1079,1215,1080,1201,110,223,588","4,5,4,5,2,4,2,4",0,3,1
10,"1079,1215,1080,1201,110,223,588,913","5,4,5,2,4,2,4,3",0,3,1
10,"1215,1080,1201,110,223,588,913,1278","4,5,2,4,2,4,3,5",0,3,1
10,"1080,1201,110,223,588,913,1278,954","5,2,4,2,4,3,5,5",0,3,1
10,"1201,110,223,588,913,1278,954,2918","2,4,2,4,3,5,5,5",0,3,1
10,"110,223,588,913,1278,954,2918,1387","4,2,4,3,5,5,5,3",0,3,1
10,"223,588,913,1278,954,2918,1387,2716","2,4,3,5,5,5,3,4",0,3,1
10,"588,913,1278,954,2918,1387,2716,1294","4,3,5,5,5,3,4,4",0,3,1
10,"1278,954,2918,1387,2716,1294,3868,3035","5,5,5,3,4,4,3,3",0,3,1
10,"954,2918,1387,2716,1294,3868,3035,2997","5,5,3,4,4,3,3,4",0,3,1
10,"2918,1387,2716,1294,3868,3035,2997,1028","5,3,4,4,3,3,4,5",0,3,1
10,"1387,2716,1294,3868,3035,2997,1028,3296","3,4,4,3,3,4,5,4",0,3,1
10,"2716,1294,3868,3035,2997,1028,3296,3702","4,4,3,3,4,5,4,3",0,3,1
10,"1294,3868,3035,2997,1028,3296,3702,589","4,3,3,4,5,4,3,4",0,3,1
10,"3868,3035,2997,1028,3296,3702,589,277","3,3,4,5,4,3,4,3",0,3,1
10,"3035,2997,1028,3296,3702,589,277,2959","3,4,5,4,3,4,3,3",0,3,1
10,"2997,1028,3296,3702,589,277,2959,2336","4,5,4,3,4,3,3,5",0,3,1
10,"1028,3296,3702,589,277,2959,2336,2872","5,4,3,4,3,3,5,4",0,3,1
10,"3296,3702,589,277,2959,2336,2872,3095","4,3,4,3,3,5,4,4",0,3,1
10,"3702,589,277,2959,2336,2872,3095,3198","3,4,3,3,5,4,4,3",0,3,1
10,"589,277,2959,2336,2872,3095,3198,926","4,3,3,5,4,4,3,4",0,3,1
10,"2959,2336,2872,3095,3198,926,3471,1254","3,5,4,4,3,4,5,3",0,3,1
10,"2336,2872,3095,3198,926,3471,1254,3671","5,4,4,3,4,5,3,4",0,3,1
10,"2872,3095,3198,926,3471,1254,3671,1411","4,4,3,4,5,3,4,4",0,3,1
10,"3095,3198,926,3471,1254,3671,1411,2324","4,3,4,5,3,4,4,5",0,3,1
10,"3198,926,3471,1254,3671,1411,2324,150","3,4,5,3,4,4,5,5",0,3,1
10,"926,3471,1254,3671,1411,2324,150,1682","4,5,3,4,4,5,5,5",0,3,1
10,"1254,3671,1411,2324,150,1682,2000,3194","3,4,4,5,5,5,5,4",0,3,1
10,"3671,1411,2324,150,1682,2000,3194,1271","4,4,5,5,5,5,4,5",0,3,1
10,"2324,150,1682,2000,3194,1271,3358,1580","5,5,5,5,4,5,5,5",0,3,1
10,"150,1682,2000,3194,1271,3358,1580,2501","5,5,5,4,5,5,5,5",0,3,1
10,"2000,3194,1271,3358,1580,2501,802,2863","5,4,5,5,5,5,5,4",0,3,1
10,"3194,1271,3358,1580,2501,802,2863,953","4,5,5,5,5,5,4,5",0,3,1
10,"1271,3358,1580,2501,802,2863,953,1","5,5,5,5,5,4,5,5",0,3,1
10,"3358,1580,2501,802,2863,953,1,1269","5,5,5,5,4,5,5,5",0,3,1
10,"2501,802,2863,953,1,1269,3087,2355","5,5,4,5,5,5,5,4",0,3,1
10,"802,2863,953,1,1269,3087,2355,3525","5,4,5,5,5,5,4,2",0,3,1
10,"2863,953,1,1269,3087,2355,3525,1307","4,5,5,5,5,4,2,5",0,3,1
10,"953,1,1269,3087,2355,3525,1307,1250","5,5,5,5,4,2,5,3",0,3,1
10,"1,1269,3087,2355,3525,1307,1250,1084","5,5,5,4,2,5,3,4",0,3,1
10,"1269,3087,2355,3525,1307,1250,1084,364","5,5,4,2,5,3,4,4",0,3,1
10,"2355,3525,1307,1250,1084,364,3451,2100","4,2,5,3,4,4,5,5",0,3,1
10,"3525,1307,1250,1084,364,3451,2100,180","2,5,3,4,4,5,5,2",0,3,1
10,"1307,1250,1084,364,3451,2100,180,914","5,3,4,4,5,5,2,5",0,3,1
10,"1250,1084,364,3451,2100,180,914,1947","3,4,4,5,5,2,5,5",0,3,1
10,"1084,364,3451,2100,180,914,1947,3703","4,4,5,5,2,5,5,2",0,3,1
10,"364,3451,2100,180,914,1947,3703,356","4,5,5,2,5,5,2,5",0,3,1
10,"3451,2100,180,914,1947,3703,356,3066","5,5,2,5,5,2,5,2",0,3,1
10,"2100,180,914,1947,3703,356,3066,2529","5,2,5,5,2,5,2,4",0,3,1
10,"180,914,1947,3703,356,3066,2529,3699","2,5,5,2,5,2,4,5",0,3,1
10,"914,1947,3703,356,3066,2529,3699,1253","5,5,2,5,2,4,5,5",0,3,1
10,"1947,3703,356,3066,2529,3699,1253,2080","5,2,5,2,4,5,5,4",0,3,1
10,"3703,356,3066,2529,3699,1253,2080,2291","2,5,2,4,5,5,4,4",0,3,1
10,"356,3066,2529,3699,1253,2080,2291,3723","5,2,4,5,5,4,4,4",0,3,1
10,"3066,2529,3699,1253,2080,2291,3723,594","2,4,5,5,4,4,4,5",0,3,1
10,"2529,3699,1253,2080,2291,3723,594,3097","4,5,5,4,4,4,5,5",0,3,1
10,"3699,1253,2080,2291,3723,594,3097,1230","5,5,4,4,4,5,5,4",0,3,1
10,"1253,2080,2291,3723,594,3097,1230,2040","5,4,4,4,5,5,4,4",0,3,1
10,"2080,2291,3723,594,3097,1230,2040,368","4,4,4,5,5,4,4,4",0,3,1
10,"3723,594,3097,1230,2040,368,2804,587","4,5,5,4,4,4,5,5",0,3,1
10,"594,3097,1230,2040,368,2804,587,920","5,5,4,4,4,5,5,5",0,3,1
10,"3097,1230,2040,368,2804,587,920,653","5,4,4,4,5,5,5,4",0,3,1
10,"1230,2040,368,2804,587,920,653,62","4,4,4,5,5,5,4,5",0,3,1
10,"2040,368,2804,587,920,653,62,2496","4,4,5,5,5,4,5,4",0,3,1
10,"368,2804,587,920,653,62,2496,3100","4,5,5,5,4,5,4,3",0,3,1
10,"2804,587,920,653,62,2496,3100,3359","5,5,5,4,5,4,3,3",0,3,1
10,"587,920,653,62,2496,3100,3359,3255","5,5,4,5,4,3,3,4",0,3,1
10,"920,653,62,2496,3100,3359,3255,2948","5,4,5,4,3,3,4,4",0,3,1
10,"653,62,2496,3100,3359,3255,2948,943","4,5,4,3,3,4,4,4",0,3,1
10,"2496,3100,3359,3255,2948,943,1408,2874","4,3,3,4,4,4,4,5",0,3,1
10,"3100,3359,3255,2948,943,1408,2874,915","3,3,4,4,4,4,5,5",0,3,1
10,"3359,3255,2948,943,1408,2874,915,918","3,4,4,4,4,5,5,5",0,3,1
10,"2948,943,1408,2874,915,918,539,1653","4,4,4,5,5,5,5,5",0,3,1
10,"943,1408,2874,915,918,539,1653,592","4,4,5,5,5,5,5,4",0,3,1
10,"1408,2874,915,918,539,1653,592,1104","4,5,5,5,5,5,4,4",0,3,1
10,"2874,915,918,539,1653,592,1104,1243","5,5,5,5,5,4,4,5",0,3,1
10,"918,539,1653,592,1104,1243,2041,1257","5,5,5,4,4,5,3,5",0,3,1
10,"539,1653,592,1104,1243,2041,1257,1088","5,5,4,4,5,3,5,5",0,3,1
10,"1653,592,1104,1243,2041,1257,1088,2302","5,4,4,5,3,5,5,5",0,3,1
10,"592,1104,1243,2041,1257,1088,2302,2321","4,4,5,3,5,5,5,4",0,3,1
10,"1104,1243,2041,1257,1088,2302,2321,3386","4,5,3,5,5,5,4,4",0,3,1
10,"2041,1257,1088,2302,2321,3386,1287,1967","3,5,5,5,4,4,3,5",0,3,1
10,"1257,1088,2302,2321,3386,1287,1967,1012","5,5,5,4,4,3,5,3",0,3,1
10,"1088,2302,2321,3386,1287,1967,1012,3247","5,5,4,4,3,5,3,4",0,3,1
10,"2302,2321,3386,1287,1967,1012,3247,1921","5,4,4,3,5,3,4,4",0,3,1
10,"2321,3386,1287,1967,1012,3247,1921,316","4,4,3,5,3,4,4,5",0,3,1
10,"3386,1287,1967,1012,3247,1921,316,2662","4,3,5,3,4,4,5,4",0,3,1
10,"1967,1012,3247,1921,316,2662,104,971","5,3,4,4,5,4,3,5",0,3,1
10,"1012,3247,1921,316,2662,104,971,3086","3,4,4,5,4,3,5,4",0,3,1
10,"3247,1921,316,2662,104,971,3086,1357","4,4,5,4,3,5,4,5",0,3,1
10,"1921,316,2662,104,971,3086,1357,2371","4,5,4,3,5,4,5,4",0,3,1
10,"316,2662,104,971,3086,1357,2371,2294","5,4,3,5,4,5,4,4",0,3,1
10,"104,971,3086,1357,2371,2294,2078,590","3,5,4,5,4,4,4,5",0,3,1
10,"971,3086,1357,2371,2294,2078,590,2174","5,4,5,4,4,4,5,5",0,3,1
10,"3086,1357,2371,2294,2078,590,2174,963","4,5,4,4,4,5,5,5",0,3,1
10,"1357,2371,2294,2078,590,2174,963,2001","5,4,4,4,5,5,5,4",0,3,1
10,"2294,2078,590,2174,963,2001,3363,2617","4,4,5,5,5,4,5,4",0,3,1
10,"2078,590,2174,963,2001,3363,2617,7","4,5,5,5,4,5,4,4",0,3,1
10,"590,2174,963,2001,3363,2617,7,1019","5,5,5,4,5,4,4,4",0,3,1
10,"2001,3363,2617,7,1019,2003,2137,2967","4,5,4,4,4,4,4,4",0,3,1
10,"3363,2617,7,1019,2003,2137,2967,1356","5,4,4,4,4,4,4,5",0,3,1
10,"7,1019,2003,2137,2967,1356,3701,1220","4,4,4,4,4,5,3,4",0,3,1
10,"1019,2003,2137,2967,1356,3701,1220,2115","4,4,4,4,5,3,4,5",0,3,1
10,"2003,2137,2967,1356,3701,1220,2115,1517","4,4,4,5,3,4,5,3",0,3,1
10,"2137,2967,1356,3701,1220,2115,1517,2018","4,4,5,3,4,5,3,4",0,3,1
10,"2967,1356,3701,1220,2115,1517,2018,2081","4,5,3,4,5,3,4,5",0,3,1
10,"1220,2115,1517,2018,2081,3039,2393,1025","4,5,3,4,5,4,4,4",0,3,1
10,"2115,1517,2018,2081,3039,2393,1025,2470","5,3,4,5,4,4,4,5",0,3,1
10,"2018,2081,3039,2393,1025,2470,2011,1101","4,5,4,4,4,5,4,4",0,3,1
10,"3039,2393,1025,2470,2011,1101,3500,2012","4,4,4,5,4,4,5,5",0,3,1
10,"2393,1025,2470,2011,1101,3500,2012,596","4,4,5,4,4,5,5,4",0,3,1
10,"1025,2470,2011,1101,3500,2012,596,2161","4,5,4,4,5,5,4,5",0,3,1
10,"2470,2011,1101,3500,2012,596,2161,1375","5,4,4,5,5,4,5,4",0,3,1
10,"2011,1101,3500,2012,596,2161,1375,2622","4,4,5,5,4,5,4,5",0,3,1
10,"1101,3500,2012,596,2161,1375,2622,1923","4,5,5,4,5,4,5,5",0,3,1
10,"3500,2012,596,2161,1375,2622,1923,1372","5,5,4,5,4,5,5,4",0,3,1
10,"2012,596,2161,1375,2622,1923,1372,3928","5,4,5,4,5,5,4,4",0,3,1
10,"2161,1375,2622,1923,1372,3928,2746,3704","5,4,5,5,4,4,5,2",0,3,1
10,"1375,2622,1923,1372,3928,2746,3704,3174","4,5,5,4,4,5,2,4",0,3,1
10,"2622,1923,1372,3928,2746,3704,3174,2628","5,5,4,4,5,2,4,3",0,3,1
10,"1923,1372,3928,2746,3704,3174,2628,671","5,4,4,5,2,4,3,3",0,3,1
10,"1372,3928,2746,3704,3174,2628,671,1032","4,4,5,2,4,3,3,4",0,3,1
10,"3928,2746,3704,3174,2628,671,1032,3809","4,5,2,4,3,3,4,5",0,3,1
10,"2746,3704,3174,2628,671,1032,3809,1441","5,2,4,3,3,4,5,5",0,3,1
10,"3174,2628,671,1032,3809,1441,3591,1031","4,3,3,4,5,5,5,4",0,3,1
10,"2628,671,1032,3809,1441,3591,1031,2045","3,3,4,5,5,5,4,3",0,3,1
10,"671,1032,3809,1441,3591,1031,2045,1042","3,4,5,5,5,4,3,5",0,3,1
10,"1032,3809,1441,3591,1031,2045,1042,2015","4,5,5,5,4,3,5,5",0,3,1
10,"3809,1441,3591,1031,2045,1042,2015,3608","5,5,5,4,3,5,5,3",0,3,1
10,"1441,3591,1031,2045,1042,2015,3608,317","5,5,4,3,5,5,3,4",0,3,1
10,"3591,1031,2045,1042,2015,3608,317,780","5,4,3,5,5,3,4,5",0,3,1
10,"1031,2045,1042,2015,3608,317,780,3259","4,3,5,5,3,4,5,5",0,3,1
10,"2045,1042,2015,3608,317,780,3259,1756","3,5,5,3,4,5,5,4",0,3,1
10,"2015,3608,317,780,3259,1756,1020,3252","5,3,4,5,5,4,3,3",0,3,1
10,"3608,317,780,3259,1756,1020,3252,586","3,4,5,5,4,3,3,3",0,3,1
10,"3259,1756,1020,3252,586,2082,2111,292","5,4,3,3,3,3,4,4",0,3,1
10,"1756,1020,3252,586,2082,2111,292,2453","4,3,3,3,3,4,4,4",0,3,1
10,"1020,3252,586,2082,2111,292,2453,2090","3,3,3,3,4,4,4,4",0,3,1
10,"3252,586,2082,2111,292,2453,2090,2138","3,3,3,4,4,4,4,3",0,3,1
10,"586,2082,2111,292,2453,2090,2138,543","3,3,4,4,4,4,3,4",0,3,1
10,"2082,2111,292,2453,2090,2138,543,253","3,4,4,4,4,3,4,5",0,3,1
10,"292,2453,2090,2138,543,253,3501,333","4,4,4,3,4,5,5,3",0,3,1
10,"2090,2138,543,253,3501,333,3072,2423","4,3,4,5,5,3,4,5",0,3,1
10,"2138,543,253,3501,333,3072,2423,2046","3,4,5,5,3,4,5,4",0,3,1
10,"543,253,3501,333,3072,2423,2046,2043","4,5,5,3,4,5,4,5",0,3,1
10,"253,3501,333,3072,2423,2046,2043,2109","5,5,3,4,5,4,5,4",0,3,1
10,"333,3072,2423,2046,2043,2109,1676,1124","3,4,5,4,5,4,4,5",0,3,1
10,"3072,2423,2046,2043,2109,1676,1124,2094","4,5,4,5,4,4,5,4",0,3,1
10,"2423,2046,2043,2109,1676,1124,2094,329","5,4,5,4,4,5,4,5",0,3,1
10,"2046,2043,2109,1676,1124,2094,329,2431","4,5,4,4,5,4,5,5",0,3,1
10,"2109,1676,1124,2094,329,2431,1016,2133","4,4,5,4,5,5,5,4",0,3,1
10,"1676,1124,2094,329,2431,1016,2133,2124","4,5,4,5,5,5,4,3",0,3,1
10,"1124,2094,329,2431,1016,2133,2124,2436","5,4,5,5,5,4,3,5",0,3,1
10,"2094,329,2431,1016,2133,2124,2436,1633","4,5,5,5,4,3,5,4",0,3,1
10,"2431,1016,2133,2124,2436,1633,938,1345","5,5,4,3,5,4,4,3",0,3,1
10,"2133,2124,2436,1633,938,1345,1380,344","4,3,5,4,4,3,5,4",0,3,1
10,"2124,2436,1633,938,1345,1380,344,370","3,5,4,4,3,5,4,3",0,3,1
10,"2436,1633,938,1345,1380,344,370,1573","5,4,4,3,5,4,3,5",0,3,1
10,"938,1345,1380,344,370,1573,2054,1135","4,3,5,4,3,5,4,4",0,3,1
10,"1345,1380,344,370,1573,2054,1135,2005","3,5,4,3,5,4,4,4",0,3,1
10,"1380,344,370,1573,2054,1135,2005,2047","5,4,3,5,4,4,4,4",0,3,1
10,"370,1573,2054,1135,2005,2047,435,1371","3,5,4,4,4,4,4,4",0,3,1
10,"2054,1135,2005,2047,435,1371,1125,351","4,4,4,4,4,4,4,4",0,3,1
10,"1135,2005,2047,435,1371,1125,351,2002","4,4,4,4,4,4,4,4",0,3,1
10,"2005,2047,435,1371,1125,351,2002,2093","4,4,4,4,4,4,4,4",0,3,1
10,"2047,435,1371,1125,351,2002,2093,2049","4,4,4,4,4,4,4,5",0,3,1
10,"435,1371,1125,351,2002,2093,2049,1409","4,4,4,4,4,4,5,5",0,3,1
10,"1371,1125,351,2002,2093,2049,1409,2316","4,4,4,4,4,5,5,4",0,3,1
10,"1125,351,2002,2093,2049,1409,2316,2424","4,4,4,4,5,5,4,5",0,3,1
10,"351,2002,2093,2049,1409,2316,2424,830","4,4,4,5,5,4,5,5",0,3,1
10,"2093,2049,1409,2316,2424,830,282,1091","4,5,5,4,5,5,5,3",0,3,1
10,"2049,1409,2316,2424,830,282,1091,1884","5,5,4,5,5,5,3,2",0,3,1
10,"2316,2424,830,282,1091,1884,3153,248","4,5,5,5,3,2,2,5",0,3,1
10,"2424,830,282,1091,1884,3153,248,3439","5,5,5,3,2,2,5,2",0,3,1
10,"830,282,1091,1884,3153,248,3439,1377","5,5,3,2,2,5,2,3",0,3,1
10,"282,1091,1884,3153,248,3439,1377,153","5,3,2,2,5,2,3,3",0,3,1
10,"1091,1884,3153,248,3439,1377,153,186","3,2,2,5,2,3,3,3",0,3,1
10,"1884,3153,248,3439,1377,153,186,3812","2,2,5,2,3,3,3,4",0,3,1
10,"248,3439,1377,153,186,3812,2497,1586","5,2,3,3,3,4,4,4",0,3,1
10,"3439,1377,153,186,3812,2497,1586,3688","2,3,3,3,4,4,4,3",0,3,1
10,"1377,153,186,3812,2497,1586,3688,2136","3,3,3,4,4,4,3,4",0,3,1
10,"153,186,3812,2497,1586,3688,2136,2375","3,3,4,4,4,3,4,4",0,3,1
10,"186,3812,2497,1586,3688,2136,2375,48","3,4,4,4,3,4,4,4",0,3,1
10,"3812,2497,1586,3688,2136,2375,48,208","4,4,4,3,4,4,4,4",0,3,1
10,"2497,1586,3688,2136,2375,48,208,3099","4,4,3,4,4,4,4,3",0,3,1
10,"1586,3688,2136,2375,48,208,3099,2378","4,3,4,4,4,4,3,3",0,3,1
10,"3688,2136,2375,48,208,3099,2378,1513","3,4,4,4,4,3,3,3",0,3,1
10,"2136,2375,48,208,3099,2378,1513,1918","4,4,4,4,3,3,3,3",0,3,1
10,"2375,48,208,3099,2378,1513,1918,2770","4,4,4,3,3,3,3,4",0,3,1
10,"48,208,3099,2378,1513,1918,2770,1690","4,4,3,3,3,3,4,4",0,3,1
10,"208,3099,2378,1513,1918,2770,1690,1566","4,3,3,3,3,4,4,3",0,3,1
10,"3099,2378,1513,1918,2770,1690,1566,1959","3,3,3,3,4,4,3,5",0,3,1
10,"1513,1918,2770,1690,1566,1959,765,542","3,3,4,4,3,5,4,4",0,3,1
10,"1918,2770,1690,1566,1959,765,542,203","3,4,4,3,5,4,4,4",0,3,1
10,"2770,1690,1566,1959,765,542,203,1583","4,4,3,5,4,4,4,4",0,3,1
10,"1690,1566,1959,765,542,203,1583,2826","4,3,5,4,4,4,4,4",0,3,1
10,"1566,1959,765,542,203,1583,2826,3254","3,5,4,4,4,4,4,3",0,3,1
10,"765,542,203,1583,2826,3254,3869,2530","4,4,4,4,4,3,3,3",0,3,1
10,"203,1583,2826,3254,3869,2530,24,2091","4,4,4,3,3,3,3,3",0,3,1
10,"2826,3254,3869,2530,24,2091,3264,3388","4,3,3,3,3,3,3,3",0,3,1
10,"3254,3869,2530,24,2091,3264,3388,2405","3,3,3,3,3,3,3,4",0,3,1
10,"3869,2530,24,2091,3264,3388,2405,1320","3,3,3,3,3,3,4,3",0,3,1
10,"2530,24,2091,3264,3388,2405,1320,2072","3,3,3,3,3,4,3,4",0,3,1
10,"2091,3264,3388,2405,1320,2072,1015,520","3,3,3,4,3,4,3,4",0,3,1
10,"3388,2405,1320,2072,1015,520,784,1030","3,4,3,4,3,4,3,3",0,3,1
10,"2405,1320,2072,1015,520,784,1030,3948","4,3,4,3,4,3,3,4",0,3,1
10,"1320,2072,1015,520,784,1030,3948,2067","3,4,3,4,3,3,4,3",0,3,1
10,"2072,1015,520,784,1030,3948,2067,898","4,3,4,3,3,4,3,4",0,3,1
10,"1015,520,784,1030,3948,2067,898,2396","3,4,3,3,4,3,4,5",0,3,1
10,"520,784,1030,3948,2067,898,2396,1265","4,3,3,4,3,4,5,5",0,3,1
10,"784,1030,3948,2067,898,2396,1265,1197","3,3,4,3,4,5,5,5",0,3,1
10,"3948,2067,898,2396,1265,1197,899,3668","4,3,4,5,5,5,4,4",0,3,1
10,"2067,898,2396,1265,1197,899,3668,1247","3,4,5,5,5,4,4,3",0,3,1
10,"898,2396,1265,1197,899,3668,1247,1639","4,5,5,5,4,4,3,2",0,3,1
10,"2396,1265,1197,899,3668,1247,1639,2125","5,5,5,4,4,3,2,5",0,3,1
10,"1265,1197,899,3668,1247,1639,2125,1721","5,5,4,4,3,2,5,3",0,3,1
10,"1197,899,3668,1247,1639,2125,1721,2006","5,4,4,3,2,5,3,3",0,3,1
10,"899,3668,1247,1639,2125,1721,2006,969","4,4,3,2,5,3,3,3",0,3,1
10,"3668,1247,1639,2125,1721,2006,969,2108","4,3,2,5,3,3,3,5",0,3,1
10,"1247,1639,2125,1721,2006,969,2108,357","3,2,5,3,3,3,5,5",0,3,1
10,"1639,2125,1721,2006,969,2108,357,1286","2,5,3,3,3,5,5,5",0,3,1
10,"2125,1721,2006,969,2108,357,1286,902","5,3,3,3,5,5,5,5",0,3,1
10,"1721,2006,969,2108,357,1286,902,339","3,3,3,5,5,5,5,5",0,3,1
10,"2006,969,2108,357,1286,902,339,932","3,3,5,5,5,5,5,2",0,3,1
10,"2108,357,1286,902,339,932,1059,1339","5,5,5,5,5,2,5,5",0,3,1
10,"357,1286,902,339,932,1059,1339,3108","5,5,5,5,2,5,5,5",0,3,1
10,"1286,902,339,932,1059,1339,3108,260","5,5,5,2,5,5,5,5",0,3,1
10,"339,932,1059,1339,3108,260,1127,1584","5,2,5,5,5,5,4,5",0,3,1
10,"932,1059,1339,3108,260,1127,1584,1097","2,5,5,5,5,4,5,5",0,3,1
10,"1059,1339,3108,260,1127,1584,1097,2571","5,5,5,5,4,5,5,5",0,3,1
10,"3108,260,1127,1584,1097,2571,1196,3175","5,5,4,5,5,5,5,5",0,3,1
10,"1127,1584,1097,2571,1196,3175,1376,32","4,5,5,5,5,5,4,5",0,3,1
10,"1584,1097,2571,1196,3175,1376,32,1374","5,5,5,5,5,4,5,4",0,3,1
10,"2571,1196,3175,1376,32,1374,2968,1200","5,5,5,4,5,4,4,5",0,3,1
10,"1196,3175,1376,32,1374,2968,1200,924","5,5,4,5,4,4,5,3",0,3,1
10,"1376,32,1374,2968,1200,924,2407,1129","4,5,4,4,5,3,5,4",0,3,1
10,"32,1374,2968,1200,924,2407,1129,2009","5,4,4,5,3,5,4,4",0,3,1
10,"1374,2968,1200,924,2407,1129,2009,2640","4,4,5,3,5,4,4,5",0,3,1
10,"2968,1200,924,2407,1129,2009,2640,3466","4,5,3,5,4,4,5,5",0,3,1
10,"1200,924,2407,1129,2009,2640,3466,1073","5,3,5,4,4,5,5,5",0,3,1
10,"924,2407,1129,2009,2640,3466,1073,1009","3,5,4,4,5,5,5,5",0,3,1
10,"1129,2009,2640,3466,1073,1009,2,367","4,4,5,5,5,5,5,4",0,3,1
10,"2009,2640,3466,1073,1009,2,367,2797","4,5,5,5,5,5,4,5",0,3,1
10,"2640,3466,1073,1009,2,367,2797,2140","5,5,5,5,5,4,5,5",0,3,1
10,"3466,1073,1009,2,367,2797,2140,2193","5,5,5,5,4,5,5,5",0,3,1
10,"1073,1009,2,367,2797,2140,2193,3489","5,5,5,4,5,5,5,4",0,3,1
10,"1009,2,367,2797,2140,2193,3489,2021","5,5,4,5,5,5,4,4",0,3,1
10,"2,367,2797,2140,2193,3489,2021,2105","5,4,5,5,5,4,4,5",0,3,1
10,"2797,2140,2193,3489,2021,2105,3438,1654","5,5,5,4,4,5,3,5",0,3,1
10,"2140,2193,3489,2021,2105,3438,1654,1394","5,5,4,4,5,3,5,3",0,3,1
10,"2193,3489,2021,2105,3438,1654,1394,1136","5,4,4,5,3,5,3,4",0,3,1
10,"3489,2021,2105,3438,1654,1394,1136,916","4,4,5,3,5,3,4,5",0,3,1
10,"2021,2105,3438,1654,1394,1136,916,1276","4,5,3,5,3,4,5,3",0,3,1
10,"2105,3438,1654,1394,1136,916,1276,1223","5,3,5,3,4,5,3,5",0,3,1
10,"3438,1654,1394,1136,916,1276,1223,1784","3,5,3,4,5,3,5,5",0,3,1
10,"1654,1394,1136,916,1276,1223,1784,2795","5,3,4,5,3,5,5,3",0,3,1
10,"1394,1136,916,1276,1223,1784,2795,745","3,4,5,3,5,5,3,5",0,3,1
10,"1136,916,1276,1223,1784,2795,745,1259","4,5,3,5,5,3,5,3",0,3,1
10,"916,1276,1223,1784,2795,745,1259,1256","5,3,5,5,3,5,3,3",0,3,1
10,"1276,1223,1784,2795,745,1259,1256,2946","3,5,5,3,5,3,3,3",0,3,1
10,"1223,1784,2795,745,1259,1256,2946,1304","5,5,3,5,3,3,3,3",0,3,1
10,"1784,2795,745,1259,1256,2946,1304,2599","5,3,5,3,3,3,3,5",0,3,1
10,"2795,745,1259,1256,2946,1304,2599,116","3,5,3,3,3,3,5,3",0,3,1
10,"745,1259,1256,2946,1304,2599,116,3309","5,3,3,3,3,5,3,3",0,3,1
10,"1259,1256,2946,1304,2599,116,3309,1225","3,3,3,3,5,3,3,4",0,3,1
10,"2946,1304,2599,116,3309,1225,318,1203","3,3,5,3,3,4,4,3",0,3,1
10,"1304,2599,116,3309,1225,318,1203,1617","3,5,3,3,4,4,3,3",0,3,1
10,"2599,116,3309,1225,318,1203,1617,720","5,3,3,4,4,3,3,5",0,3,1
10,"116,3309,1225,318,1203,1617,720,2077","3,3,4,4,3,3,5,3",0,3,1
10,"1225,318,1203,1617,720,2077,2398,904","4,4,3,3,5,3,5,4",0,3,1
10,"1203,1617,720,2077,2398,904,1961,2096","3,3,5,3,5,4,5,5",0,3,1
10,"1617,720,2077,2398,904,1961,2096,750","3,5,3,5,4,5,5,4",0,3,1
10,"720,2077,2398,904,1961,2096,750,1252","5,3,5,4,5,5,4,3",0,3,1
10,"2077,2398,904,1961,2096,750,1252,1240","3,5,4,5,5,4,3,5",0,3,1
10,"2398,904,1961,2096,750,1252,1240,1023","5,4,5,5,4,3,5,5",0,3,1
10,"904,1961,2096,750,1252,1240,1023,1035","4,5,5,4,3,5,5,5",0,3,1
10,"1961,2096,750,1252,1240,1023,1035,1233","5,5,4,3,5,5,5,4",0,3,1
10,"2096,750,1252,1240,1023,1035,1233,3347","5,4,3,5,5,5,4,5",0,3,1
10,"750,1252,1240,1023,1035,1233,3347,1292","4,3,5,5,5,4,5,5",0,3,1
10,"1240,1023,1035,1233,3347,1292,527,1022","5,5,5,4,5,5,4,5",0,3,1
10,"1023,1035,1233,3347,1292,527,1022,2087","5,5,4,5,5,4,5,5",0,3,1
10,"1233,3347,1292,527,1022,2087,2717,2498","4,5,5,4,5,5,4,4",0,3,1
10,"3347,1292,527,1022,2087,2717,2498,1831","5,5,4,5,5,4,4,5",0,3,1
10,"1292,527,1022,2087,2717,2498,1831,3593","5,4,5,5,4,4,5,4",0,3,1
10,"527,1022,2087,2717,2498,1831,3593,275","4,5,5,4,4,5,4,4",0,3,1
10,"1022,2087,2717,2498,1831,3593,275,3034","5,5,4,4,5,4,4,4",0,3,1
10,"2087,2717,2498,1831,3593,275,3034,3447","5,4,4,5,4,4,4,5",0,3,1
10,"2717,2498,1831,3593,275,3034,3447,595","4,4,5,4,4,4,5,5",0,3,1
10,"2498,1831,3593,275,3034,3447,595,923","4,5,4,4,4,5,5,3",0,3,1
10,"1831,3593,275,3034,3447,595,923,1704","5,4,4,4,5,5,3,5",0,3,1
10,"3593,275,3034,3447,595,923,1704,1283","4,4,4,5,5,3,5,3",0,3,1
10,"275,3034,3447,595,923,1704,1283,1221","4,4,5,5,3,5,3,3",0,3,1
10,"3034,3447,595,923,1704,1283,1221,2693","4,5,5,3,5,3,3,5",0,3,1
10,"3447,595,923,1704,1283,1221,2693,2252","5,5,3,5,3,3,5,5",0,3,1
10,"3447,595,923,1704,1283,1221,2693,2252","5,5,3,5,3,3,5,5",0,3,1
100,"260,1676,1198,541,1210,3948,3536,2567","4,3,4,3,4,3,1,1",1,3,17
100,"1676,1198,541,1210,3948,3536,2567,800","3,4,3,4,3,1,1,5",1,3,17
100,"1198,541,1210,3948,3536,2567,800,1196","4,3,4,3,1,1,5,4",1,3,17
100,"1210,3948,3536,2567,800,1196,858,1221","4,3,1,1,5,4,4,3",1,3,17
100,"3948,3536,2567,800,1196,858,1221,2427","3,1,1,5,4,4,3,2",1,3,17
100,"3536,2567,800,1196,858,1221,2427,1304","1,1,5,4,4,3,2,3",1,3,17
100,"2567,800,1196,858,1221,2427,1304,2028","1,5,4,4,3,2,3,4",1,3,17
100,"800,1196,858,1221,2427,1304,2028,1291","5,4,4,3,2,3,4,4",1,3,17
100,"1196,858,1221,2427,1304,2028,1291,2571","4,4,3,2,3,4,4,3",1,3,17
100,"858,1221,2427,1304,2028,1291,2571,1387","4,3,2,3,4,4,3,3",1,3,17
100,"2028,1291,2571,1387,1200,110,969,1197","4,4,3,3,3,3,4,4",1,3,17
100,"1200,110,969,1197,21,480,1954,3702","3,3,4,4,4,3,4,2",1,3,17
100,"969,1197,21,480,1954,3702,349,1408","4,4,4,3,4,2,3,3",1,3,17
100,"1197,21,480,1954,3702,349,1408,592","4,4,3,4,2,3,3,3",1,3,17
100,"21,480,1954,3702,349,1408,592,2406","4,3,4,2,3,3,3,4",1,3,17
100,"480,1954,3702,349,1408,592,2406,1372","3,4,2,3,3,3,4,3",1,3,17
100,"1954,3702,349,1408,592,2406,1372,2527","4,2,3,3,3,4,3,3",1,3,17
100,"3702,349,1408,592,2406,1372,2527,1580","2,3,3,3,4,3,3,2",1,3,17
100,"349,1408,592,2406,1372,2527,1580,3107","3,3,3,4,3,3,2,3",1,3,17
100,"1408,592,2406,1372,2527,1580,3107,380","3,3,4,3,3,2,3,2",1,3,17
100,"2406,1372,2527,1580,3107,380,1356,368","4,3,3,2,3,2,3,3",1,3,17
100,"1372,2527,1580,3107,380,1356,368,2115","3,3,2,3,2,3,3,3",1,3,17
100,"2527,1580,3107,380,1356,368,2115,2640","3,2,3,2,3,3,3,2",1,3,17
100,"3107,380,1356,368,2115,2640,288,2628","3,2,3,3,3,2,3,3",1,3,17
100,"1356,368,2115,2640,288,2628,648,3274","3,3,3,2,3,3,2,3",1,3,17
100,"368,2115,2640,288,2628,648,3274,329","3,3,2,3,3,2,3,4",1,3,17
100,"2640,288,2628,648,3274,329,1722,3827","2,3,3,2,3,4,2,3",1,3,17
100,"3274,329,1722,3827,1101,1375,2393,780","3,4,2,3,3,3,3,1",1,3,17
100,"329,1722,3827,1101,1375,2393,780,1049","4,2,3,3,3,3,1,2",1,3,17
100,"1722,3827,1101,1375,2393,780,1049,1586","2,3,3,3,3,1,2,3",1,3,17
100,"3827,1101,1375,2393,780,1049,1586,1597","3,3,3,3,1,2,3,2",1,3,17
100,"1101,1375,2393,780,1049,1586,1597,2405","3,3,3,1,2,3,2,3",1,3,17
100,"1375,2393,780,1049,1586,1597,2405,292","3,3,1,2,3,2,3,3",1,3,17
100,"2393,780,1049,1586,1597,2405,292,1371","3,1,2,3,2,3,3,3",1,3,17
100,"780,1049,1586,1597,2405,292,1371,2409","1,2,3,2,3,3,3,3",1,3,17
100,"1049,1586,1597,2405,292,1371,2409,1373","2,3,2,3,3,3,3,3",1,3,17
100,"1586,1597,2405,292,1371,2409,1373,2535","3,2,3,3,3,3,3,2",1,3,17
100,"1597,2405,292,1371,2409,1373,2535,208","2,3,3,3,3,3,2,2",1,3,17
100,"2405,292,1371,2409,1373,2535,208,3441","3,3,3,3,3,2,2,2",1,3,17
100,"292,1371,2409,1373,2535,208,3441,2367","3,3,3,3,2,2,2,3",1,3,17
100,"1371,2409,1373,2535,208,3441,2367,1544","3,3,3,2,2,2,3,3",1,3,17
100,"2409,1373,2535,208,3441,2367,1544,3257","3,3,2,2,2,3,3,3",1,3,17
100,"1373,2535,208,3441,2367,1544,3257,15","3,2,2,2,3,3,3,3",1,3,17
100,"2535,208,3441,2367,1544,3257,15,1562","2,2,2,3,3,3,3,2",1,3,17
100,"208,3441,2367,1544,3257,15,1562,1499","2,2,3,3,3,3,2,2",1,3,17
100,"3441,2367,1544,3257,15,1562,1499,593","2,3,3,3,3,2,2,4",1,3,17
100,"2367,1544,3257,15,1562,1499,593,527","3,3,3,3,2,2,4,5",1,3,17
100,"1544,3257,15,1562,1499,593,527,318","3,3,3,2,2,4,5,4",1,3,17
100,"15,1562,1499,593,527,318,924,608","3,2,2,4,5,4,4,3",1,3,17
100,"1562,1499,593,527,318,924,608,1213","2,2,4,5,4,4,3,4",1,3,17
100,"1499,593,527,318,924,608,1213,919","2,4,5,4,4,3,4,5",1,3,17
100,"527,318,924,608,1213,919,1208,265","5,4,4,3,4,5,2,3",1,3,17
100,"527,318,924,608,1213,919,1208,265","5,4,4,3,4,5,2,3",1,3,17
1000,"971,260,2990,2973,1210,3068,3153,1198","4,5,4,3,5,5,2,5",0,2,6
1000,"260,2990,2973,1210,3068,3153,1198,110","5,4,3,5,5,2,5,5",0,2,6
1000,"2990,2973,1210,3068,3153,1198,110,480","4,3,5,5,2,5,5,4",0,2,6
1000,"2973,1210,3068,3153,1198,110,480,1233","3,5,5,2,5,5,4,5",0,2,6
1000,"3068,3153,1198,110,480,1233,1387,1196","5,2,5,5,4,5,4,3",0,2,6
1000,"3153,1198,110,480,1233,1387,1196,858","2,5,5,4,5,4,3,5",0,2,6
1000,"1198,110,480,1233,1387,1196,858,1610","5,5,4,5,4,3,5,5",0,2,6
1000,"110,480,1233,1387,1196,858,1610,1304","5,4,5,4,3,5,5,4",0,2,6
1000,"480,1233,1387,1196,858,1610,1304,1240","4,5,4,3,5,5,4,4",0,2,6
1000,"1387,1196,858,1610,1304,1240,1287,1221","4,3,5,5,4,4,4,4",0,2,6
1000,"1196,858,1610,1304,1240,1287,1221,589","3,5,5,4,4,4,4,5",0,2,6
1000,"858,1610,1304,1240,1287,1221,589,1214","5,5,4,4,4,4,5,4",0,2,6
1000,"1610,1304,1240,1287,1221,589,1214,1220","5,4,4,4,4,5,4,4",0,2,6
1000,"1240,1287,1221,589,1214,1220,1291,1222","4,4,4,5,4,4,5,3",0,2,6
1000,"1287,1221,589,1214,1220,1291,1222,1036","4,4,5,4,4,5,3,4",0,2,6
1000,"1221,589,1214,1220,1291,1222,1036,457","4,5,4,4,5,3,4,5",0,2,6
1000,"589,1214,1220,1291,1222,1036,457,1201","5,4,4,5,3,4,5,5",0,2,6
1000,"1291,1222,1036,457,1201,2000,3256,2947","5,3,4,5,5,5,4,4",0,2,6
1000,"1222,1036,457,1201,2000,3256,2947,2353","3,4,5,5,5,4,4,4",0,2,6
1000,"1036,457,1201,2000,3256,2947,2353,2916","4,5,5,5,4,4,4,4",0,2,6
1000,"2000,3256,2947,2353,2916,2872,1374,1200","5,4,4,4,4,2,5,4",0,2,6
1000,"3256,2947,2353,2916,2872,1374,1200,377","4,4,4,4,2,5,4,4",0,2,6
1000,"2947,2353,2916,2872,1374,1200,377,163","4,4,4,2,5,4,4,3",0,2,6
1000,"2353,2916,2872,1374,1200,377,163,2406","4,4,2,5,4,4,3,4",0,2,6
1000,"2872,1374,1200,377,163,2406,2571,380","2,5,4,4,3,4,5,3",0,2,6
1000,"1200,377,163,2406,2571,380,2194,3267","4,4,3,4,5,3,5,4",0,2,6
1000,"377,163,2406,2571,380,2194,3267,2948","4,3,4,5,3,5,4,4",0,2,6
1000,"163,2406,2571,380,2194,3267,2948,2949","3,4,5,3,5,4,4,4",0,2,6
1000,"2406,2571,380,2194,3267,2948,2949,3702","4,5,3,5,4,4,4,4",0,2,6
1000,"2571,380,2194,3267,2948,2949,3702,2529","5,3,5,4,4,4,4,4",0,2,6
1000,"380,2194,3267,2948,2949,3702,2529,2366","3,5,4,4,4,4,4,3",0,2,6
1000,"2194,3267,2948,2949,3702,2529,2366,1356","5,4,4,4,4,4,3,3",0,2,6
1000,"3267,2948,2949,3702,2529,2366,1356,1954","4,4,4,4,4,3,3,4",0,2,6
1000,"2948,2949,3702,2529,2366,1356,1954,3405","4,4,4,4,3,3,4,5",0,2,6
1000,"2949,3702,2529,2366,1356,1954,3405,3418","4,4,4,3,3,4,5,5",0,2,6
1000,"3702,2529,2366,1356,1954,3405,3418,3527","4,4,3,3,4,5,5,4",0,2,6
1000,"1954,3405,3418,3527,861,3793,592,3578","4,5,5,4,3,4,4,4",0,2,6
1000,"3405,3418,3527,861,3793,592,3578,2355","5,5,4,3,4,4,4,5",0,2,6
1000,"3418,3527,861,3793,592,3578,2355,1282","5,4,3,4,4,4,5,4",0,2,6
1000,"3527,861,3793,592,3578,2355,1282,1","4,3,4,4,4,5,4,5",0,2,6
1000,"861,3793,592,3578,2355,1282,1,2857","3,4,4,4,5,4,5,5",0,2,6
1000,"3578,2355,1282,1,2857,1023,3114,2018","4,5,4,5,5,5,5,3",0,2,6
1000,"2355,1282,1,2857,1023,3114,2018,2687","5,4,5,5,5,5,3,4",0,2,6
1000,"1,2857,1023,3114,2018,2687,2137,595","5,5,5,5,3,4,3,5",0,2,6
1000,"2857,1023,3114,2018,2687,2137,595,2080","5,5,5,3,4,3,5,4",0,2,6
1000,"1023,3114,2018,2687,2137,595,2080,3751","5,5,3,4,3,5,4,4",0,2,6
1000,"3114,2018,2687,2137,595,2080,3751,2700","5,3,4,3,5,4,4,4",0,2,6
1000,"2018,2687,2137,595,2080,3751,2700,594","3,4,3,5,4,4,4,3",0,2,6
1000,"2687,2137,595,2080,3751,2700,594,1029","4,3,5,4,4,4,3,3",0,2,6
1000,"595,2080,3751,2700,594,1029,2085,2081","5,4,4,4,3,3,4,3",0,2,6
1000,"2080,3751,2700,594,1029,2085,2081,588","4,4,4,3,3,4,3,4",0,2,6
1000,"3751,2700,594,1029,2085,2081,588,2087","4,4,3,3,4,3,4,4",0,2,6
1000,"2700,594,1029,2085,2081,588,2087,2987","4,3,3,4,3,4,4,4",0,2,6
1000,"594,1029,2085,2081,588,2087,2987,596","3,3,4,3,4,4,4,4",0,2,6
1000,"1029,2085,2081,588,2087,2987,596,318","3,4,3,4,4,4,4,5",0,2,6
1000,"2085,2081,588,2087,2987,596,318,3363","4,3,4,4,4,4,5,5",0,2,6
1000,"588,2087,2987,596,318,3363,2132,2804","4,4,4,4,5,5,4,4",0,2,6
1000,"2087,2987,596,318,3363,2132,2804,527","4,4,4,5,5,4,4,5",0,2,6
1000,"2987,596,318,3363,2132,2804,527,1299","4,4,5,5,4,4,5,4",0,2,6
1000,"596,318,3363,2132,2804,527,1299,1104","4,5,5,4,4,5,4,5",0,2,6
1000,"596,318,3363,2132,2804,527,1299,1104","4,5,5,4,4,5,4,5",0,2,6
1001,"1198,1617,2885,3909,3555,1479,3903,3949","4,4,4,2,2,1,4,5",1,2,4
1001,"1617,2885,3909,3555,1479,3903,3949,3897","4,4,2,2,1,4,5,5",1,2,4
1001,"2885,3909,3555,1479,3903,3949,3897,3893","4,2,2,1,4,5,5,4",1,2,4
1001,"3555,1479,3903,3949,3897,3893,3910,3915","2,1,4,5,5,4,4,4",1,2,4
1001,"1479,3903,3949,3897,3893,3910,3915,3952","1,4,5,5,4,4,4,4",1,2,4
1001,"3949,3897,3893,3910,3915,3952,3914,3863","5,5,4,4,4,4,3,4",1,2,4
1001,"3897,3893,3910,3915,3952,3914,3863,3950","5,4,4,4,4,3,4,4",1,2,4
1001,"3893,3910,3915,3952,3914,3863,3950,3192","4,4,4,4,3,4,4,5",1,2,4
1001,"3910,3915,3952,3914,3863,3950,3192,3751","4,4,4,3,4,4,5,4",1,2,4
1001,"3915,3952,3914,3863,3950,3192,3751,3554","4,4,3,4,4,5,4,3",1,2,4
1001,"3952,3914,3863,3950,3192,3751,3554,3182","4,3,4,4,5,4,3,5",1,2,4
1001,"3950,3192,3751,3554,3182,3720,3481,3566","4,5,4,3,5,5,4,4",1,2,4
1001,"3192,3751,3554,3182,3720,3481,3566,3823","5,4,3,5,5,4,4,5",1,2,4
1001,"3751,3554,3182,3720,3481,3566,3823,3556","4,3,5,5,4,4,5,4",1,2,4
1001,"3554,3182,3720,3481,3566,3823,3556,3289","3,5,5,4,4,5,4,4",1,2,4
1001,"3182,3720,3481,3566,3823,3556,3289,3409","5,5,4,4,5,4,4,3",1,2,4
1001,"3720,3481,3566,3823,3556,3289,3409,3538","5,4,4,5,4,4,3,4",1,2,4
1001,"3481,3566,3823,3556,3289,3409,3538,3510","4,4,5,4,4,3,4,4",1,2,4
1001,"3566,3823,3556,3289,3409,3538,3510,3571","4,5,4,4,3,4,4,4",1,2,4
1001,"3556,3289,3409,3538,3510,3571,3515,3328","4,4,3,4,4,4,4,5",1,2,4
1001,"3289,3409,3538,3510,3571,3515,3328,3512","4,3,4,4,4,4,5,4",1,2,4
1001,"3409,3538,3510,3571,3515,3328,3512,3793","3,4,4,4,4,5,4,4",1,2,4
1001,"3510,3571,3515,3328,3512,3793,3536,3408","4,4,4,5,4,4,4,3",1,2,4
1001,"3515,3328,3512,3793,3536,3408,3852,3241","4,5,4,4,4,3,4,4",1,2,4
1001,"3328,3512,3793,3536,3408,3852,3241,3185","5,4,4,4,3,4,4,3",1,2,4
1001,"3512,3793,3536,3408,3852,3241,3185,3831","4,4,4,3,4,4,3,4",1,2,4
1001,"3793,3536,3408,3852,3241,3185,3831,3795","4,4,3,4,4,3,4,2",1,2,4
1001,"3536,3408,3852,3241,3185,3831,3795,3948","4,3,4,4,3,4,2,3",1,2,4
1001,"3408,3852,3241,3185,3831,3795,3948,3916","3,4,4,3,4,2,3,4",1,2,4
1001,"3185,3831,3795,3948,3916,3578,3794,3618","3,4,2,3,4,2,4,3",1,2,4
1001,"3831,3795,3948,3916,3578,3794,3618,3598","4,2,3,4,2,4,3,4",1,2,4
1001,"3795,3948,3916,3578,3794,3618,3598,3745","2,3,4,2,4,3,4,4",1,2,4
1001,"3948,3916,3578,3794,3618,3598,3745,3452","3,4,2,4,3,4,4,2",1,2,4
1001,"3916,3578,3794,3618,3598,3745,3452,3273","4,2,4,3,4,4,2,2",1,2,4
1001,"3578,3794,3618,3598,3745,3452,3273,3785","2,4,3,4,4,2,2,4",1,2,4
1001,"3794,3618,3598,3745,3452,3273,3785,3796","4,3,4,4,2,2,4,4",1,2,4
1001,"3618,3598,3745,3452,3273,3785,3796,3787","3,4,4,2,2,4,4,3",1,2,4
1001,"3598,3745,3452,3273,3785,3796,3787,3822","4,4,2,2,4,4,3,5",1,2,4
1001,"3745,3452,3273,3785,3796,3787,3822,3509","4,2,2,4,4,3,5,2",1,2,4
1001,"3273,3785,3796,3787,3822,3509,3623,3298","2,4,4,3,5,2,2,5",1,2,4
1001,"3785,3796,3787,3822,3509,3623,3298,3535","4,4,3,5,2,2,5,4",1,2,4
1001,"3796,3787,3822,3509,3623,3298,3535,3594","4,3,5,2,2,5,4,4",1,2,4
1001,"3787,3822,3509,3623,3298,3535,3594,3285","3,5,2,2,5,4,4,2",1,2,4
1001,"3822,3509,3623,3298,3535,3594,3285,3744","5,2,2,5,4,4,2,2",1,2,4
1001,"3509,3623,3298,3535,3594,3285,3744,3717","2,2,5,4,4,2,2,2",1,2,4
1001,"3623,3298,3535,3594,3285,3744,3717,3615","2,5,4,4,2,2,2,3",1,2,4
1001,"3298,3535,3594,3285,3744,3717,3615,3798","5,4,4,2,2,2,3,2",1,2,4
1001,"3594,3285,3744,3717,3615,3798,3565,3453","4,2,2,2,3,2,2,1",1,2,4
1001,"3744,3717,3615,3798,3565,3453,3299,3825","2,2,3,2,2,1,2,3",1,2,4
1001,"3717,3615,3798,3565,3453,3299,3825,3616","2,3,2,2,1,2,3,1",1,2,4
1001,"3798,3565,3453,3299,3825,3616,3316,3821","2,2,1,2,3,1,2,2",1,2,4
1001,"3565,3453,3299,3825,3616,3316,3821,3325","2,1,2,3,1,2,2,2",1,2,4
1001,"3453,3299,3825,3616,3316,3821,3325,3626","1,2,3,1,2,2,2,2",1,2,4
1001,"3299,3825,3616,3316,3821,3325,3626,3855","2,3,1,2,2,2,2,4",1,2,4
1001,"3825,3616,3316,3821,3325,3626,3855,2504","3,1,2,2,2,2,4,1",1,2,4
1001,"3616,3316,3821,3325,3626,3855,2504,3083","1,2,2,2,2,4,1,4",1,2,4
1001,"3316,3821,3325,3626,3855,2504,3083,2858","2,2,2,2,4,1,4,5",1,2,4
1001,"3325,3626,3855,2504,3083,2858,3155,3173","2,2,4,1,4,5,2,4",1,2,4
1001,"3626,3855,2504,3083,2858,3155,3173,3051","2,4,1,4,5,2,4,2",1,2,4
1001,"3855,2504,3083,2858,3155,3173,3051,2706","4,1,4,5,2,4,2,4",1,2,4
1001,"2504,3083,2858,3155,3173,3051,2706,3179","1,4,5,2,4,2,4,2",1,2,4
1001,"3083,2858,3155,3173,3051,2706,3179,2539","4,5,2,4,2,4,2,2",1,2,4
1001,"2858,3155,3173,3051,2706,3179,2539,3160","5,2,4,2,4,2,2,5",1,2,4
1001,"3155,3173,3051,2706,3179,2539,3160,3159","2,4,2,4,2,2,5,4",1,2,4
1001,"3051,2706,3179,2539,3160,3159,3786,2837","2,4,2,2,5,4,4,3",1,2,4
1001,"2706,3179,2539,3160,3159,3786,2837,3150","4,2,2,5,4,4,3,5",1,2,4
1001,"2539,3160,3159,3786,2837,3150,3357,3755","2,5,4,4,3,5,4,3",1,2,4
1001,"3160,3159,3786,2837,3150,3357,3755,3753","5,4,4,3,5,4,3,3",1,2,4
1001,"3159,3786,2837,3150,3357,3755,3753,3911","4,4,3,5,4,3,3,4",1,2,4
1001,"3786,2837,3150,3357,3755,3753,3911,2775","4,3,5,4,3,3,4,3",1,2,4
1001,"2837,3150,3357,3755,3753,3911,2775,1312","3,5,4,3,3,4,3,4",1,2,4
1001,"3150,3357,3755,3753,3911,2775,1312,59","5,4,3,3,4,3,4,5",1,2,4
1001,"3357,3755,3753,3911,2775,1312,59,527","4,3,3,4,3,4,5,5",1,2,4
1001,"3755,3753,3911,2775,1312,59,527,1734","3,3,4,3,4,5,5,5",1,2,4
1001,"3753,3911,2775,1312,59,527,1734,2028","3,4,3,4,5,5,5,4",1,2,4
1001,"3911,2775,1312,59,527,1734,2028,2599","4,3,4,5,5,5,4,5",1,2,4
1001,"2775,1312,59,527,1734,2028,2599,2573","3,4,5,5,5,4,5,5",1,2,4
1001,"1312,59,527,1734,2028,2599,2573,2966","4,5,5,5,4,5,5,5",1,2,4
1001,"59,527,1734,2028,2599,2573,2966,2682","5,5,5,4,5,5,5,5",1,2,4
1001,"527,1734,2028,2599,2573,2966,2682,1446","5,5,4,5,5,5,5,4",1,2,4
1001,"2028,2599,2573,2966,2682,1446,2686,1912","4,5,5,5,5,4,5,4",1,2,4
1001,"2599,2573,2966,2682,1446,2686,1912,1694","5,5,5,5,4,5,4,5",1,2,4
1001,"2573,2966,2682,1446,2686,1912,1694,2357","5,5,5,4,5,4,5,5",1,2,4
1001,"2966,2682,1446,2686,1912,1694,2357,2997","5,5,4,5,4,5,5,5",1,2,4
1001,"2682,1446,2686,1912,1694,2357,2997,2762","5,4,5,4,5,5,5,4",1,2,4
1001,"1446,2686,1912,1694,2357,2997,2762,2427","4,5,4,5,5,5,4,5",1,2,4
1001,"2686,1912,1694,2357,2997,2762,2427,1704","5,4,5,5,5,4,5,5",1,2,4
1001,"1912,1694,2357,2997,2762,2427,1704,2761","4,5,5,5,4,5,5,4",1,2,4
1001,"1694,2357,2997,2762,2427,1704,2761,1393","5,5,5,4,5,5,4,3",1,2,4
1001,"2357,2997,2762,2427,1704,2761,1393,896","5,5,4,5,5,4,3,4",1,2,4
1001,"2997,2762,2427,1704,2761,1393,896,1635","5,4,5,5,4,3,4,5",1,2,4
1001,"2762,2427,1704,2761,1393,896,1635,1537","4,5,5,4,3,4,5,5",1,2,4
1001,"2427,1704,2761,1393,896,1635,1537,1","5,5,4,3,4,5,5,4",1,2,4
1001,"1704,2761,1393,896,1635,1537,1,3008","5,4,3,4,5,5,4,5",1,2,4
1001,"2761,1393,896,1635,1537,1,3008,2442","4,3,4,5,5,4,5,5",1,2,4
1001,"1393,896,1635,1537,1,3008,2442,1265","3,4,5,5,4,5,5,4",1,2,4
1001,"896,1635,1537,1,3008,2442,1265,2324","4,5,5,4,5,5,4,5",1,2,4
1001,"1635,1537,1,3008,2442,1265,2324,3078","5,5,4,5,5,4,5,3",1,2,4
1001,"1537,1,3008,2442,1265,2324,3078,2912","5,4,5,5,4,5,3,4",1,2,4
1001,"1,3008,2442,1265,2324,3078,2912,2585","4,5,5,4,5,3,4,4",1,2,4
1001,"3008,2442,1265,2324,3078,2912,2585,720","5,5,4,5,3,4,4,4",1,2,4
1001,"2442,1265,2324,3078,2912,2585,720,3006","5,4,5,3,4,4,4,5",1,2,4
1001,"1265,2324,3078,2912,2585,720,3006,2396","4,5,3,4,4,4,5,5",1,2,4
1001,"2324,3078,2912,2585,720,3006,2396,2908","5,3,4,4,4,5,5,5",1,2,4
1001,"3078,2912,2585,720,3006,2396,2908,457","3,4,4,4,5,5,5,3",1,2,4
1001,"2912,2585,720,3006,2396,2908,457,1358","4,4,4,5,5,5,3,5",1,2,4
1001,"2585,720,3006,2396,2908,457,1358,2610","4,4,5,5,5,3,5,4",1,2,4
1001,"720,3006,2396,2908,457,1358,2610,875","4,5,5,5,3,5,4,2",1,2,4
1001,"3006,2396,2908,457,1358,2610,875,232","5,5,5,3,5,4,2,4",1,2,4
1001,"2396,2908,457,1358,2610,875,232,2391","5,5,3,5,4,2,4,5",1,2,4
1001,"2908,457,1358,2610,875,232,2391,1673","5,3,5,4,2,4,5,5",1,2,4
1001,"457,1358,2610,875,232,2391,1673,3260","3,5,4,2,4,5,5,4",1,2,4
1001,"1358,2610,875,232,2391,1673,3260,2333","5,4,2,4,5,5,4,4",1,2,4
1001,"2610,875,232,2391,1673,3260,2333,1594","4,2,4,5,5,4,4,5",1,2,4
1001,"875,232,2391,1673,3260,2333,1594,1719","2,4,5,5,4,4,5,4",1,2,4
1001,"232,2391,1673,3260,2333,1594,1719,3079","4,5,5,4,4,5,4,5",1,2,4
1001,"2391,1673,3260,2333,1594,1719,3079,2580","5,5,4,4,5,4,5,4",1,2,4
1001,"1673,3260,2333,1594,1719,3079,2580,1519","5,4,4,5,4,5,4,3",1,2,4
1001,"3260,2333,1594,1719,3079,2580,1519,446","4,4,5,4,5,4,3,5",1,2,4
1001,"2333,1594,1719,3079,2580,1519,446,2700","4,5,4,5,4,3,5,5",1,2,4
1001,"1594,1719,3079,2580,1519,446,2700,3128","5,4,5,4,3,5,5,4",1,2,4
1001,"1719,3079,2580,1519,446,2700,3128,3181","4,5,4,3,5,5,4,5",1,2,4
1001,"3079,2580,1519,446,2700,3128,3181,3178","5,4,3,5,5,4,5,4",1,2,4
1001,"2580,1519,446,2700,3128,3181,3178,2355","4,3,5,5,4,5,4,4",1,2,4
1001,"1519,446,2700,3128,3181,3178,2355,3052","3,5,5,4,5,4,4,4",1,2,4
1001,"446,2700,3128,3181,3178,2355,3052,3148","5,5,4,5,4,4,4,2",1,2,4
1001,"2700,3128,3181,3178,2355,3052,3148,2725","5,4,5,4,4,4,2,5",1,2,4
1001,"3181,3178,2355,3052,3148,2725,1639,1784","5,4,4,4,2,5,4,4",1,2,4
1001,"3178,2355,3052,3148,2725,1639,1784,3163","4,4,4,2,5,4,4,4",1,2,4
1001,"2355,3052,3148,2725,1639,1784,3163,595","4,4,2,5,4,4,4,5",1,2,4
1001,"3052,3148,2725,1639,1784,3163,595,1653","4,2,5,4,4,4,5,4",1,2,4
1001,"3148,2725,1639,1784,3163,595,1653,2959","2,5,4,4,4,5,4,4",1,2,4
1001,"2725,1639,1784,3163,595,1653,2959,2883","5,4,4,4,5,4,4,5",1,2,4
1001,"1639,1784,3163,595,1653,2959,2883,1885","4,4,4,5,4,4,5,4",1,2,4
1001,"1784,3163,595,1653,2959,2883,1885,1729","4,4,5,4,4,5,4,5",1,2,4
1001,"3163,595,1653,2959,2883,1885,1729,1682","4,5,4,4,5,4,5,5",1,2,4
1001,"595,1653,2959,2883,1885,1729,1682,2321","5,4,4,5,4,5,5,5",1,2,4
1001,"1653,2959,2883,1885,1729,1682,2321,1183","4,4,5,4,5,5,5,5",1,2,4
1001,"2959,2883,1885,1729,1682,2321,1183,1680","4,5,4,5,5,5,5,4",1,2,4
1001,"2883,1885,1729,1682,2321,1183,1680,1611","5,4,5,5,5,5,4,3",1,2,4
1001,"1885,1729,1682,2321,1183,1680,1611,3147","4,5,5,5,5,4,3,2",1,2,4
1001,"1729,1682,2321,1183,1680,1611,3147,1633","5,5,5,5,4,3,2,4",1,2,4
1001,"1682,2321,1183,1680,1611,3147,1633,2425","5,5,5,4,3,2,4,4",1,2,4
1001,"2321,1183,1680,1611,3147,1633,2425,2711","5,5,4,3,2,4,4,4",1,2,4
1001,"1183,1680,1611,3147,1633,2425,2711,3055","5,4,3,2,4,4,4,5",1,2,4
1001,"1680,1611,3147,1633,2425,2711,3055,2424","4,3,2,4,4,4,5,3",1,2,4
1001,"1611,3147,1633,2425,2711,3055,2424,3000","3,2,4,4,4,5,3,5",1,2,4
1001,"1633,2425,2711,3055,2424,3000,2481,1059","4,4,4,5,3,5,4,2",1,2,4
1001,"2425,2711,3055,2424,3000,2481,1059,2390","4,4,5,3,5,4,2,4",1,2,4
1001,"2711,3055,2424,3000,2481,1059,2390,1844","4,5,3,5,4,2,4,5",1,2,4
1001,"3055,2424,3000,2481,1059,2390,1844,1407","5,3,5,4,2,4,5,4",1,2,4
1001,"2424,3000,2481,1059,2390,1844,1407,377","3,5,4,2,4,5,4,3",1,2,4
1001,"3000,2481,1059,2390,1844,1407,377,1923","5,4,2,4,5,4,3,2",1,2,4
1001,"1844,1407,377,1923,364,2542,1921,2611","5,4,3,2,4,4,5,4",1,2,4
1001,"377,1923,364,2542,1921,2611,1357,299","3,2,4,4,5,4,3,4",1,2,4
1001,"1923,364,2542,1921,2611,1357,299,2268","2,4,4,5,4,3,4,3",1,2,4
1001,"2542,1921,2611,1357,299,2268,1794,2502","4,5,4,3,4,3,4,4",1,2,4
1001,"1921,2611,1357,299,2268,1794,2502,1747","5,4,3,4,3,4,4,5",1,2,4
1001,"2611,1357,299,2268,1794,2502,1747,1696","4,3,4,3,4,4,5,2",1,2,4
1001,"299,2268,1794,2502,1747,1696,137,2171","4,3,4,4,5,2,3,5",1,2,4
1001,"2268,1794,2502,1747,1696,137,2171,1535","3,4,4,5,2,3,5,4",1,2,4
1001,"1794,2502,1747,1696,137,2171,1535,508","4,4,5,2,3,5,4,4",1,2,4
1001,"2502,1747,1696,137,2171,1535,508,1916","4,5,2,3,5,4,4,4",1,2,4
1001,"1747,1696,137,2171,1535,508,1916,1396","5,2,3,5,4,4,4,3",1,2,4
1001,"1696,137,2171,1535,508,1916,1396,1748","2,3,5,4,4,4,3,5",1,2,4
1001,"1535,508,1916,1396,1748,1500,2687,2600","4,4,4,3,5,4,4,5",1,2,4
1001,"508,1916,1396,1748,1500,2687,2600,2331","4,4,3,5,4,4,5,4",1,2,4
1001,"1916,1396,1748,1500,2687,2600,2331,3176","4,3,5,4,4,5,4,4",1,2,4
1001,"1396,1748,1500,2687,2600,2331,3176,2583","3,5,4,4,5,4,4,5",1,2,4
1001,"1748,1500,2687,2600,2331,3176,2583,1688","5,4,4,5,4,4,5,4",1,2,4
1001,"1500,2687,2600,2331,3176,2583,1688,2671","4,4,5,4,4,5,4,4",1,2,4
1001,"2687,2600,2331,3176,2583,1688,2671,3145","4,5,4,4,5,4,4,5",1,2,4
1001,"2600,2331,3176,2583,1688,2671,3145,2621","5,4,4,5,4,4,5,5",1,2,4
1001,"3176,2583,1688,2671,3145,2621,2166,357","4,5,4,4,5,5,5,4",1,2,4
1001,"1688,2671,3145,2621,2166,357,1542,1907","4,4,5,5,5,4,4,4",1,2,4
1001,"2671,3145,2621,2166,357,1542,1907,1805","4,5,5,5,4,4,4,4",1,2,4
1001,"2621,2166,357,1542,1907,1805,2029,367","5,5,4,4,4,4,2,3",1,2,4
1001,"2166,357,1542,1907,1805,2029,367,1184","5,4,4,4,4,2,3,4",1,2,4
1001,"357,1542,1907,1805,2029,367,1184,1580","4,4,4,4,2,3,4,4",1,2,4
1001,"1907,1805,2029,367,1184,1580,2721,417","4,4,2,3,4,4,2,3",1,2,4
1001,"1805,2029,367,1184,1580,2721,417,1566","4,2,3,4,4,2,3,4",1,2,4
1001,"2029,367,1184,1580,2721,417,1566,3920","2,3,4,4,2,3,4,3",1,2,4
1001,"367,1184,1580,2721,417,1566,3920,2690","3,4,4,2,3,4,3,4",1,2,4
1001,"1184,1580,2721,417,1566,3920,2690,2165","4,4,2,3,4,3,4,4",1,2,4
1001,"1580,2721,417,1566,3920,2690,2165,1612","4,2,3,4,3,4,4,2",1,2,4
1001,"2721,417,1566,3920,2690,2165,1612,733","2,3,4,3,4,4,2,4",1,2,4
1001,"417,1566,3920,2690,2165,1612,733,2891","3,4,3,4,4,2,4,4",1,2,4
1001,"1566,3920,2690,2165,1612,733,2891,2975","4,3,4,4,2,4,4,3",1,2,4
1001,"3920,2690,2165,1612,733,2891,2975,2759","3,4,4,2,4,4,3,4",1,2,4
1001,"2690,2165,1612,733,2891,2975,2759,1810","4,4,2,4,4,3,4,4",1,2,4
1001,"2165,1612,733,2891,2975,2759,1810,1619","4,2,4,4,3,4,4,2",1,2,4
1001,"733,2891,2975,2759,1810,1619,2607,2433","4,4,3,4,4,2,4,4",1,2,4
1001,"2891,2975,2759,1810,1619,2607,2433,2707","4,3,4,4,2,4,4,3",1,2,4
1001,"2975,2759,1810,1619,2607,2433,2707,1513","3,4,4,2,4,4,3,3",1,2,4
1001,"2759,1810,1619,2607,2433,2707,1513,3174","4,4,2,4,4,3,3,5",1,2,4
1001,"1810,1619,2607,2433,2707,1513,3174,3125","4,2,4,4,3,3,5,4",1,2,4
1001,"1619,2607,2433,2707,1513,3174,3125,1892","2,4,4,3,3,5,4,3",1,2,4
1001,"2607,2433,2707,1513,3174,3125,1892,1735","4,4,3,3,5,4,3,4",1,2,4
1001,"2433,2707,1513,3174,3125,1892,1735,1063","4,3,3,5,4,3,4,2",1,2,4
1001,"2707,1513,3174,3125,1892,1735,1063,2774","3,3,5,4,3,4,2,4",1,2,4
1001,"1513,3174,3125,1892,1735,1063,2774,2617","3,5,4,3,4,2,4,2",1,2,4
1001,"3174,3125,1892,1735,1063,2774,2617,3677","5,4,3,4,2,4,2,5",1,2,4
1001,"3125,1892,1735,1063,2774,2617,3677,3186","4,3,4,2,4,2,5,2",1,2,4
1001,"1892,1735,1063,2774,2617,3677,3186,597","3,4,2,4,2,5,2,4",1,2,4
1001,"1735,1063,2774,2617,3677,3186,597,1480","4,2,4,2,5,2,4,5",1,2,4
1001,"1063,2774,2617,3677,3186,597,1480,2718","2,4,2,5,2,4,5,3",1,2,4
1001,"2774,2617,3677,3186,597,1480,2718,1416","4,2,5,2,4,5,3,4",1,2,4
1001,"2617,3677,3186,597,1480,2718,1416,2567","2,5,2,4,5,3,4,4",1,2,4
1001,"3677,3186,597,1480,2718,1416,2567,388","5,2,4,5,3,4,4,4",1,2,4
1001,"3186,597,1480,2718,1416,2567,388,1836","2,4,5,3,4,4,4,4",1,2,4
1001,"597,1480,2718,1416,2567,388,1836,1569","4,5,3,4,4,4,4,4",1,2,4
1001,"1480,2718,1416,2567,388,1836,1569,1821","5,3,4,4,4,4,4,4",1,2,4
1001,"2718,1416,2567,388,1836,1569,1821,2012","3,4,4,4,4,4,4,4",1,2,4
1001,"1416,2567,388,1836,1569,1821,2012,1597","4,4,4,4,4,4,4,2",1,2,4
1001,"2567,388,1836,1569,1821,2012,1597,2960","4,4,4,4,4,4,2,3",1,2,4
1001,"388,1836,1569,1821,2012,1597,2960,2561","4,4,4,4,4,2,3,4",1,2,4
1001,"1836,1569,1821,2012,1597,2960,2561,780","4,4,4,4,2,3,4,2",1,2,4
1001,"1569,1821,2012,1597,2960,2561,780,2843","4,4,4,2,3,4,2,3",1,2,4
1001,"1821,2012,1597,2960,2561,780,2843,2710","4,4,2,3,4,2,3,4",1,2,4
1001,"2012,1597,2960,2561,780,2843,2710,1711","4,2,3,4,2,3,4,4",1,2,4
1001,"1597,2960,2561,780,2843,2710,1711,2544","2,3,4,2,3,4,4,3",1,2,4
1001,"2960,2561,780,2843,2710,1711,2544,1614","3,4,2,3,4,4,3,4",1,2,4
1001,"2561,780,2843,2710,1711,2544,1614,2622","4,2,3,4,4,3,4,2",1,2,4
1001,"780,2843,2710,1711,2544,1614,2622,2605","2,3,4,4,3,4,2,4",1,2,4
1001,"2843,2710,1711,2544,1614,2622,2605,2810","3,4,4,3,4,2,4,2",1,2,4
1001,"2710,1711,2544,1614,2622,2605,2810,1367","4,4,3,4,2,4,2,3",1,2,4
1001,"1711,2544,1614,2622,2605,2810,1367,3158","4,3,4,2,4,2,3,4",1,2,4
1001,"2544,1614,2622,2605,2810,1367,3158,1835","3,4,2,4,2,3,4,2",1,2,4
1001,"1614,2622,2605,2810,1367,3158,1835,1876","4,2,4,2,3,4,2,4",1,2,4
1001,"2622,2605,2810,1367,3158,1835,1876,2628","2,4,2,3,4,2,4,4",1,2,4
1001,"2605,2810,1367,3158,1835,1876,2628,1541","4,2,3,4,2,4,4,2",1,2,4
1001,"2810,1367,3158,1835,1876,2628,1541,1879","2,3,4,2,4,4,2,5",1,2,4
1001,"1367,3158,1835,1876,2628,1541,1879,1502","3,4,2,4,4,2,5,2",1,2,4
1001,"3158,1835,1876,2628,1541,1879,1502,2314","4,2,4,4,2,5,2,5",1,2,4
1001,"1835,1876,2628,1541,1879,1502,2314,2325","2,4,4,2,5,2,5,4",1,2,4
1001,"1876,2628,1541,1879,1502,2314,2325,158","4,4,2,5,2,5,4,4",1,2,4
1001,"2628,1541,1879,1502,2314,2325,158,1717","4,2,5,2,5,4,4,4",1,2,4
1001,"1541,1879,1502,2314,2325,158,1717,2236","2,5,2,5,4,4,4,4",1,2,4
1001,"1879,1502,2314,2325,158,1717,2236,2894","5,2,5,4,4,4,4,3",1,2,4
1001,"1502,2314,2325,158,1717,2236,2894,1552","2,5,4,4,4,4,3,4",1,2,4
1001,"2325,158,1717,2236,2894,1552,3183,2692","4,4,4,4,3,4,5,4",1,2,4
1001,"1717,2236,2894,1552,3183,2692,608,1354","4,4,3,4,5,4,3,5",1,2,4
1001,"2236,2894,1552,3183,2692,608,1354,3114","4,3,4,5,4,3,5,4",1,2,4
1001,"2894,1552,3183,2692,608,1354,3114,265","3,4,5,4,3,5,4,4",1,2,4
1001,"1552,3183,2692,608,1354,3114,265,2890","4,5,4,3,5,4,4,4",1,2,4
1001,"3183,2692,608,1354,3114,265,2890,1094","5,4,3,5,4,4,4,4",1,2,4
1001,"1354,3114,265,2890,1094,2624,2395,2336","5,4,4,4,4,5,4,4",1,2,4
1001,"3114,265,2890,1094,2624,2395,2336,2359","4,4,4,4,5,4,4,4",1,2,4
1001,"265,2890,1094,2624,2395,2336,2359,2318","4,4,4,5,4,4,4,5",1,2,4
1001,"2890,1094,2624,2395,2336,2359,2318,1859","4,4,5,4,4,4,5,4",1,2,4
1001,"2624,2395,2336,2359,2318,1859,2571,73","5,4,4,4,5,4,4,2",1,2,4
1001,"2395,2336,2359,2318,1859,2571,73,2493","4,4,4,5,4,4,2,5",1,2,4
1001,"2336,2359,2318,1859,2571,73,2493,1584","4,4,5,4,4,2,5,5",1,2,4
1001,"2359,2318,1859,2571,73,2493,1584,1641","4,5,4,4,2,5,5,4",1,2,4
1001,"2318,1859,2571,73,2493,1584,1641,1873","5,4,4,2,5,5,4,2",1,2,4
1001,"1859,2571,73,2493,1584,1641,1873,2125","4,4,2,5,5,4,2,4",1,2,4
1001,"2571,73,2493,1584,1641,1873,2125,2864","4,2,5,5,4,2,4,4",1,2,4
1001,"73,2493,1584,1641,1873,2125,2864,1554","2,5,5,4,2,4,4,4",1,2,4
1001,"2493,1584,1641,1873,2125,2864,1554,1721","5,5,4,2,4,4,4,4",1,2,4
1001,"1584,1641,1873,2125,2864,1554,1721,2996","5,4,2,4,4,4,4,3",1,2,4
1001,"1641,1873,2125,2864,1554,1721,2996,2801","4,2,4,4,4,4,3,5",1,2,4
1001,"1873,2125,2864,1554,1721,2996,2801,112","2,4,4,4,4,3,5,3",1,2,4
1001,"2864,1554,1721,2996,2801,112,3951,3867","4,4,4,3,5,3,5,2",1,2,4
1001,"1721,2996,2801,112,3951,3867,2770,2976","4,3,5,3,5,2,4,4",1,2,4
1001,"2996,2801,112,3951,3867,2770,2976,2771","3,5,3,5,2,4,4,3",1,2,4
1001,"112,3951,3867,2770,2976,2771,2540,2541","3,5,2,4,4,3,2,2",1,2,4
1001,"3951,3867,2770,2976,2771,2540,2541,2712","5,2,4,4,3,2,2,5",1,2,4
1001,"3867,2770,2976,2771,2540,2541,2712,2558","2,4,4,3,2,2,5,2",1,2,4
1001,"2770,2976,2771,2540,2541,2712,2558,3115","4,4,3,2,2,5,2,4",1,2,4
1001,"2976,2771,2540,2541,2712,2558,3115,2586","4,3,2,2,5,2,4,3",1,2,4
1001,"2771,2540,2541,2712,2558,3115,2586,2995","3,2,2,5,2,4,3,2",1,2,4
1001,"2540,2541,2712,2558,3115,2586,2995,2446","2,2,5,2,4,3,2,3",1,2,4
1001,"2541,2712,2558,3115,2586,2995,2446,2720","2,5,2,4,3,2,3,2",1,2,4
1001,"2712,2558,3115,2586,2995,2446,2720,2882","5,2,4,3,2,3,2,2",1,2,4
1001,"2558,3115,2586,2995,2446,2720,2882,2629","2,4,3,2,3,2,2,3",1,2,4
1001,"3115,2586,2995,2446,2720,2882,2629,2829","4,3,2,3,2,2,3,4",1,2,4
1001,"2995,2446,2720,2882,2629,2829,2598,2724","2,3,2,2,3,4,2,3",1,2,4
1001,"2446,2720,2882,2629,2829,2598,2724,3081","3,2,2,3,4,2,3,5",1,2,4
1001,"2720,2882,2629,2829,2598,2724,3081,2763","2,2,3,4,2,3,5,3",1,2,4
1001,"2882,2629,2829,2598,2724,3081,2763,2188","2,3,4,2,3,5,3,2",1,2,4
1001,"2629,2829,2598,2724,3081,2763,2188,1917","3,4,2,3,5,3,2,2",1,2,4
1001,"2829,2598,2724,3081,2763,2188,1917,1758","4,2,3,5,3,2,2,4",1,2,4
1001,"2598,2724,3081,2763,2188,1917,1758,2168","2,3,5,3,2,2,4,3",1,2,4
1001,"2724,3081,2763,2188,1917,1758,2168,2169","3,5,3,2,2,4,3,3",1,2,4
1001,"3081,2763,2188,1917,1758,2168,2169,2626","5,3,2,2,4,3,3,4",1,2,4
1001,"2188,1917,1758,2168,2169,2626,2062,2385","2,2,4,3,3,4,4,2",1,2,4
1001,"1917,1758,2168,2169,2626,2062,2385,1798","2,4,3,3,4,4,2,3",1,2,4
1001,"1758,2168,2169,2626,2062,2385,1798,2392","4,3,3,4,4,2,3,2",1,2,4
1001,"2168,2169,2626,2062,2385,1798,2392,2310","3,3,4,4,2,3,2,4",1,2,4
1001,"2169,2626,2062,2385,1798,2392,2310,2058","3,4,4,2,3,2,4,4",1,2,4
1001,"2062,2385,1798,2392,2310,2058,2272,2431","4,2,3,2,4,4,4,2",1,2,4
1001,"2385,1798,2392,2310,2058,2272,2431,2545","2,3,2,4,4,4,2,4",1,2,4
1001,"1798,2392,2310,2058,2272,2431,2545,1881","3,2,4,4,4,2,4,2",1,2,4
1001,"2392,2310,2058,2272,2431,2545,1881,1894","2,4,4,4,2,4,2,2",1,2,4
1001,"2310,2058,2272,2431,2545,1881,1894,2126","4,4,4,2,4,2,2,3",1,2,4
1001,"2058,2272,2431,2545,1881,1894,2126,2297","4,4,2,4,2,2,3,5",1,2,4
1001,"2272,2431,2545,1881,1894,2126,2297,1909","4,2,4,2,2,3,5,4",1,2,4
1001,"2431,2545,1881,1894,2126,2297,1909,1608","2,4,2,2,3,5,4,2",1,2,4
1001,"2545,1881,1894,2126,2297,1909,1608,1496","4,2,2,3,5,4,2,2",1,2,4
1001,"1881,1894,2126,2297,1909,1608,1496,1471","2,2,3,5,4,2,2,2",1,2,4
1001,"1894,2126,2297,1909,1608,1496,1471,1573","2,3,5,4,2,2,2,4",1,2,4
1001,"2297,1909,1608,1496,1471,1573,1586,1588","5,4,2,2,2,4,2,3",1,2,4
1001,"1909,1608,1496,1471,1573,1586,1588,1422","4,2,2,2,4,2,3,2",1,2,4
1001,"1608,1496,1471,1573,1586,1588,1422,1593","2,2,2,4,2,3,2,3",1,2,4
1001,"1496,1471,1573,1586,1588,1422,1593,1669","2,2,4,2,3,2,3,4",1,2,4
1001,"1471,1573,1586,1588,1422,1593,1669,1722","2,4,2,3,2,3,4,2",1,2,4
1001,"1573,1586,1588,1422,1593,1669,1722,1683","4,2,3,2,3,4,2,4",1,2,4
1001,"1586,1588,1422,1593,1669,1722,1683,2437","2,3,2,3,4,2,4,3",1,2,4
1001,"1588,1422,1593,1669,1722,1683,2437,1483","3,2,3,4,2,4,3,5",1,2,4
1001,"1422,1593,1669,1722,1683,2437,1483,1475","2,3,4,2,4,3,5,3",1,2,4
1001,"1593,1669,1722,1683,2437,1483,1475,1545","3,4,2,4,3,5,3,5",1,2,4
1001,"1669,1722,1683,2437,1483,1475,1545,140","4,2,4,3,5,3,5,3",1,2,4
1001,"1722,1683,2437,1483,1475,1545,140,1282","2,4,3,5,3,5,3,4",1,2,4
1001,"2437,1483,1475,1545,140,1282,3514,3861","3,5,3,5,3,4,5,2",1,2,4
1001,"1483,1475,1545,140,1282,3514,3861,3824","5,3,5,3,4,5,2,1",1,2,4
1001,"1475,1545,140,1282,3514,3861,3824,3854","3,5,3,4,5,2,1,4",1,2,4
1001,"1545,140,1282,3514,3861,3824,3854,2609","5,3,4,5,2,1,4,4",1,2,4
1001,"140,1282,3514,3861,3824,3854,2609,2769","3,4,5,2,1,4,4,5",1,2,4
1001,"3514,3861,3824,3854,2609,2769,3902,3743","5,2,1,4,4,5,4,1",1,2,4
1001,"3861,3824,3854,2609,2769,3902,3743,3317","2,1,4,4,5,4,1,4",1,2,4
1001,"3824,3854,2609,2769,3902,3743,3317,3756","1,4,4,5,4,1,4,2",1,2,4
1001,"3854,2609,2769,3902,3743,3317,3756,647","4,4,5,4,1,4,2,3",1,2,4
1001,"2769,3902,3743,3317,3756,647,953,2683","5,4,1,4,2,3,4,2",1,2,4
1002,"1961,1221,2640,1270,480,3952,3897,2858","5,5,2,3,3,4,5,5",1,5,11
1002,"2640,1270,480,3952,3897,2858,2997,3543","2,3,3,4,5,5,5,5",1,5,11
1002,"1270,480,3952,3897,2858,2997,3543,1093","3,3,4,5,5,5,5,4",1,5,11
1002,"480,3952,3897,2858,2997,3543,1093,2395","3,4,5,5,5,5,4,3",1,5,11
1002,"3952,3897,2858,2997,3543,1093,2395,2396","4,5,5,5,5,4,3,5",1,5,11
1002,"3897,2858,2997,3543,1093,2395,2396,2762","5,5,5,5,4,3,5,3",1,5,11
1002,"2858,2997,3543,1093,2395,2396,2762,2702","5,5,5,4,3,5,3,2",1,5,11
1002,"2997,3543,1093,2395,2396,2762,2702,3176","5,5,4,3,5,3,2,4",1,5,11
1002,"3543,1093,2395,2396,2762,2702,3176,2987","5,4,3,5,3,2,4,4",1,5,11
1002,"1093,2395,2396,2762,2702,3176,2987,3317","4,3,5,3,2,4,4,4",1,5,11
1002,"2395,2396,2762,2702,3176,2987,3317,296","3,5,3,2,4,4,4,5",1,5,11
1002,"2396,2762,2702,3176,2987,3317,296,1213","5,3,2,4,4,4,5,5",1,5,11
1002,"2702,3176,2987,3317,296,1213,1041,608","2,4,4,4,5,5,5,5",1,5,11
1002,"2987,3317,296,1213,1041,608,2028,2966","4,4,5,5,5,5,4,3",1,5,11
1002,"3317,296,1213,1041,608,2028,2966,1704","4,5,5,5,5,4,3,4",1,5,11
1002,"296,1213,1041,608,2028,2966,1704,1094","5,5,5,5,4,3,4,5",1,5,11
1002,"1213,1041,608,2028,2966,1704,1094,3006","5,5,5,4,3,4,5,5",1,5,11
1002,"608,2028,2966,1704,1094,3006,36,994","5,4,3,4,5,5,4,4",1,5,11
1002,"2028,2966,1704,1094,3006,36,994,2289","4,3,4,5,5,4,4,5",1,5,11
1002,"2966,1704,1094,3006,36,994,2289,25","3,4,5,5,4,4,5,4",1,5,11
1002,"36,994,2289,25,1594,58,235,300","4,4,5,4,4,4,4,5",1,5,11
1002,"994,2289,25,1594,58,235,300,529","4,5,4,4,4,4,5,4",1,5,11
1002,"2289,25,1594,58,235,300,529,1183","5,4,4,4,4,5,4,3",1,5,11
1002,"25,1594,58,235,300,529,1183,1393","4,4,4,4,5,4,3,5",1,5,11
1002,"1594,58,235,300,529,1183,1393,1673","4,4,4,5,4,3,5,4",1,5,11
1002,"58,235,300,529,1183,1393,1673,150","4,4,5,4,3,5,4,5",1,5,11
1002,"300,529,1183,1393,1673,150,1729,2890","5,4,3,5,4,5,4,4",1,5,11
1002,"529,1183,1393,1673,150,1729,2890,21","4,3,5,4,5,4,4,4",1,5,11
1002,"1183,1393,1673,150,1729,2890,21,1120","3,5,4,5,4,4,4,4",1,5,11
1002,"1393,1673,150,1729,2890,21,1120,3148","5,4,5,4,4,4,4,4",1,5,11
1002,"1673,150,1729,2890,21,1120,3148,3386","4,5,4,4,4,4,4,3",1,5,11
1002,"150,1729,2890,21,1120,3148,3386,590","5,4,4,4,4,4,3,4",1,5,11
1002,"1729,2890,21,1120,3148,3386,590,1476","4,4,4,4,4,3,4,4",1,5,11
1002,"2890,21,1120,3148,3386,590,1476,1693","4,4,4,4,3,4,4,4",1,5,11
1002,"21,1120,3148,3386,590,1476,1693,1727","4,4,4,3,4,4,4,2",1,5,11
1002,"3148,3386,590,1476,1693,1727,292,3173","4,3,4,4,4,2,3,2",1,5,11
1002,"3386,590,1476,1693,1727,292,3173,3188","3,4,4,4,2,3,2,4",1,5,11
1002,"590,1476,1693,1727,292,3173,3188,3916","4,4,4,2,3,2,4,3",1,5,11
1002,"1476,1693,1727,292,3173,3188,3916,1225","4,4,2,3,2,4,3,5",1,5,11
1002,"1693,1727,292,3173,3188,3916,1225,1231","4,2,3,2,4,3,5,5",1,5,11
1002,"1727,292,3173,3188,3916,1225,1231,1307","2,3,2,4,3,5,5,5",1,5,11
1002,"292,3173,3188,3916,1225,1231,1307,2064","3,2,4,3,5,5,5,5",1,5,11
1002,"3188,3916,1225,1231,1307,2064,3424,1079","4,3,5,5,5,5,5,5",1,5,11
1002,"3916,1225,1231,1307,2064,3424,1079,1238","3,5,5,5,5,5,5,4",1,5,11
1002,"1225,1231,1307,2064,3424,1079,1238,3072","5,5,5,5,5,5,4,4",1,5,11
1002,"1307,2064,3424,1079,1238,3072,3422,1189","5,5,5,5,4,4,4,5",1,5,11
1002,"2064,3424,1079,1238,3072,3422,1189,2352","5,5,5,4,4,4,5,5",1,5,11
1002,"3424,1079,1238,3072,3422,1189,2352,1222","5,5,4,4,4,5,5,5",1,5,11
1003,"235,1968,2028,1210,1125,3257,2268,29","3,3,4,5,5,3,3,3",1,2,2
1003,"1968,2028,1210,1125,3257,2268,29,260","3,4,5,5,3,3,3,5",1,2,2
1003,"2028,1210,1125,3257,2268,29,260,1225","4,5,5,3,3,3,5,4",1,2,2
1003,"1125,3257,2268,29,260,1225,1196,527","5,3,3,3,5,4,5,5",1,2,2
1003,"3257,2268,29,260,1225,1196,527,858","3,3,3,5,4,5,5,5",1,2,2
1003,"29,260,1225,1196,527,858,593,246","3,5,4,5,5,5,5,5",1,2,2
1003,"260,1225,1196,527,858,593,246,2858","5,4,5,5,5,5,5,4",1,2,2
1003,"1225,1196,527,858,593,246,2858,1221","4,5,5,5,5,5,4,4",1,2,2
1003,"527,858,593,246,2858,1221,1193,318","5,5,5,5,4,4,4,4",1,2,2
1003,"858,593,246,2858,1221,1193,318,1952","5,5,5,4,4,4,4,3",1,2,2
1003,"593,246,2858,1221,1193,318,1952,541","5,5,4,4,4,4,3,3",1,2,2
1003,"2858,1221,1193,318,1952,541,923,1136","4,4,4,4,3,3,4,5",1,2,2
1003,"1221,1193,318,1952,541,923,1136,1213","4,4,4,3,3,4,5,4",1,2,2
1003,"1193,318,1952,541,923,1136,1213,3421","4,4,3,3,4,5,4,4",1,2,2
1003,"318,1952,541,923,1136,1213,3421,1230","4,3,3,4,5,4,4,4",1,2,2
1003,"1952,541,923,1136,1213,3421,1230,1198","3,3,4,5,4,4,4,5",1,2,2
1003,"541,923,1136,1213,3421,1230,1198,281","3,4,5,4,4,4,5,5",1,2,2
1003,"923,1136,1213,3421,1230,1198,281,337","4,5,4,4,4,5,5,4",1,2,2
1004,"1197,1262,457,1007,2080,111,260,3300","4,4,4,3,4,4,5,2",1,2,3
1004,"1262,457,1007,2080,111,260,3300,110","4,4,3,4,4,5,2,5",1,2,3
1004,"1007,2080,111,260,3300,110,3703,1304","3,4,4,5,2,5,4,3",1,2,3
1004,"2080,111,260,3300,110,3703,1304,2028","4,4,5,2,5,4,3,4",1,2,3
1004,"260,3300,110,3703,1304,2028,1387,2571","5,2,5,4,3,4,4,5",1,2,3
1004,"3300,110,3703,1304,2028,1387,2571,1214","2,5,4,3,4,4,5,2",1,2,3
1004,"110,3703,1304,2028,1387,2571,1214,1036","5,4,3,4,4,5,2,5",1,2,3
1004,"1304,2028,1387,2571,1214,1036,1220,2872","3,4,4,5,2,5,5,5",1,2,3
1004,"2028,1387,2571,1214,1036,1220,2872,1291","4,4,5,2,5,5,5,5",1,2,3
1004,"1387,2571,1214,1036,1220,2872,1291,1222","4,5,2,5,5,5,5,2",1,2,3
1004,"2571,1214,1036,1220,2872,1291,1222,1610","5,2,5,5,5,5,2,5",1,2,3
1004,"1214,1036,1220,2872,1291,1222,1610,2529","2,5,5,5,5,2,5,1",1,2,3
1004,"1220,2872,1291,1222,1610,2529,2947,589","5,5,5,2,5,1,4,5",1,2,3
1004,"2872,1291,1222,1610,2529,2947,589,2000","5,5,2,5,1,4,5,5",1,2,3
1004,"1222,1610,2529,2947,589,2000,1200,2457","2,5,1,4,5,5,5,2",1,2,3
1004,"1610,2529,2947,589,2000,1200,2457,2194","5,1,4,5,5,5,2,5",1,2,3
1004,"2529,2947,589,2000,1200,2457,2194,1370","1,4,5,5,5,2,5,2",1,2,3
1004,"589,2000,1200,2457,2194,1370,1580,3793","5,5,5,2,5,2,4,4",1,2,3
1004,"2000,1200,2457,2194,1370,1580,3793,2001","5,5,2,5,2,4,4,4",1,2,3
1004,"1200,2457,2194,1370,1580,3793,2001,2193","5,2,5,2,4,4,4,1",1,2,3
1004,"2457,2194,1370,1580,3793,2001,2193,2763","2,5,2,4,4,4,1,3",1,2,3
1004,"2194,1370,1580,3793,2001,2193,2763,861","5,2,4,4,4,1,3,4",1,2,3
1004,"1370,1580,3793,2001,2193,2763,861,3256","2,4,4,4,1,3,4,4",1,2,3
1004,"1580,3793,2001,2193,2763,861,3256,3635","4,4,4,1,3,4,4,4",1,2,3
1004,"3793,2001,2193,2763,861,3256,3635,2006","4,4,1,3,4,4,4,3",1,2,3
1004,"2001,2193,2763,861,3256,3635,2006,3763","4,1,3,4,4,4,3,2",1,2,3
1004,"2193,2763,861,3256,3635,2006,3763,3267","1,3,4,4,4,3,2,2",1,2,3
1004,"2763,861,3256,3635,2006,3763,3267,377","3,4,4,4,3,2,2,3",1,2,3
1004,"3256,3635,2006,3763,3267,377,1722,2353","4,4,3,2,2,3,2,5",1,2,3
1004,"2006,3763,3267,377,1722,2353,2912,2490","3,2,2,3,2,5,1,4",1,2,3
1004,"3763,3267,377,1722,2353,2912,2490,2167","2,2,3,2,5,1,4,3",1,2,3
1004,"3267,377,1722,2353,2912,2490,2167,1527","2,3,2,5,1,4,3,4",1,2,3
1004,"1722,2353,2912,2490,2167,1527,3153,1356","2,5,1,4,3,4,4,2",1,2,3
1004,"2353,2912,2490,2167,1527,3153,1356,733","5,1,4,3,4,4,2,4",1,2,3
1004,"2490,2167,1527,3153,1356,733,1101,3527","4,3,4,4,2,4,3,4",1,2,3
1004,"2167,1527,3153,1356,733,1101,3527,1376","3,4,4,2,4,3,4,4",1,2,3
1004,"3153,1356,733,1101,3527,1376,2640,380","4,2,4,3,4,4,4,5",1,2,3
1004,"1356,733,1101,3527,1376,2640,380,2993","2,4,3,4,4,4,5,3",1,2,3
1004,"1376,2640,380,2993,3702,3639,3274,3082","4,4,5,3,2,3,3,3",1,2,3
1004,"2640,380,2993,3702,3639,3274,3082,474","4,5,3,2,3,3,3,4",1,2,3
1004,"380,2993,3702,3639,3274,3082,474,648","5,3,2,3,3,3,4,1",1,2,3
1004,"2993,3702,3639,3274,3082,474,648,1429","3,2,3,3,3,4,1,1",1,2,3
1004,"3702,3639,3274,3082,474,648,1429,2628","2,3,3,3,4,1,1,4",1,2,3
1004,"3639,3274,3082,474,648,1429,2628,3740","3,3,3,4,1,1,4,3",1,2,3
1004,"3274,3082,474,648,1429,2628,3740,2699","3,3,4,1,1,4,3,4",1,2,3
1004,"474,648,1429,2628,3740,2699,3633,288","4,1,1,4,3,4,2,2",1,2,3
1004,"648,1429,2628,3740,2699,3633,288,2617","1,1,4,3,4,2,2,2",1,2,3
1004,"1429,2628,3740,2699,3633,288,2617,2991","1,4,3,4,2,2,2,4",1,2,3
1004,"2628,3740,2699,3633,288,2617,2991,10","4,3,4,2,2,2,4,2",1,2,3
1004,"3740,2699,3633,288,2617,2991,10,1372","3,4,2,2,2,4,2,4",1,2,3
1004,"3633,288,2617,2991,10,1372,494,1573","2,2,2,4,2,4,4,2",1,2,3
1004,"288,2617,2991,10,1372,494,1573,1858","2,2,4,2,4,4,2,2",1,2,3
1004,"2617,2991,10,1372,494,1573,1858,2476","2,4,2,4,4,2,2,3",1,2,3
1004,"2991,10,1372,494,1573,1858,2476,2802","4,2,4,4,2,2,3,3",1,2,3
1004,"10,1372,494,1573,1858,2476,2802,1552","2,4,4,2,2,3,3,3",1,2,3
1004,"1372,494,1573,1858,2476,2802,1552,165","4,4,2,2,3,3,3,4",1,2,3
1004,"494,1573,1858,2476,2802,1552,165,780","4,2,2,3,3,3,4,4",1,2,3
1004,"1573,1858,2476,2802,1552,165,780,1047","2,2,3,3,3,4,4,3",1,2,3
1004,"1858,2476,2802,1552,165,780,1047,1378","2,3,3,3,4,4,3,4",1,2,3
1004,"2476,2802,1552,165,780,1047,1378,353","3,3,3,4,4,3,4,4",1,2,3
1004,"2802,1552,165,780,1047,1378,353,2528","3,3,4,4,3,4,4,2",1,2,3
1004,"1552,165,780,1047,1378,353,2528,316","3,4,4,3,4,4,2,4",1,2,3
1004,"780,1047,1378,353,2528,316,3704,1608","4,3,4,4,2,4,3,4",1,2,3
1004,"1047,1378,353,2528,316,3704,1608,3020","3,4,4,2,4,3,4,3",1,2,3
1004,"1378,353,2528,316,3704,1608,3020,292","4,4,2,4,3,4,3,3",1,2,3
1004,"2528,316,3704,1608,3020,292,1792,610","2,4,3,4,3,3,4,3",1,2,3
1004,"316,3704,1608,3020,292,1792,610,1769","4,3,4,3,3,4,3,2",1,2,3
1004,"3704,1608,3020,292,1792,610,1769,1379","3,4,3,3,4,3,2,3",1,2,3
1004,"1608,3020,292,1792,610,1769,1379,70","4,3,3,4,3,2,3,5",1,2,3
1004,"3020,292,1792,610,1769,1379,70,2990","3,3,4,3,2,3,5,4",1,2,3
1004,"292,1792,610,1769,1379,70,2990,3638","3,4,3,2,3,5,4,4",1,2,3
1004,"1792,610,1769,1379,70,2990,3638,1375","4,3,2,3,5,4,4,2",1,2,3
1004,"610,1769,1379,70,2990,3638,1375,3444","3,2,3,5,4,4,2,3",1,2,3
1004,"1769,1379,70,2990,3638,1375,3444,303","2,3,5,4,4,2,3,3",1,2,3
1004,"1379,70,2990,3638,1375,3444,303,1876","3,5,4,4,2,3,3,3",1,2,3
1004,"70,2990,3638,1375,3444,303,1876,2376","5,4,4,2,3,3,3,4",1,2,3
1004,"2990,3638,1375,3444,303,1876,2376,170","4,4,2,3,3,3,4,2",1,2,3
1004,"3638,1375,3444,303,1876,2376,170,1385","4,2,3,3,3,4,2,2",1,2,3
1004,"1375,3444,303,1876,2376,170,1385,3452","2,3,3,3,4,2,2,4",1,2,3
1004,"3444,303,1876,2376,170,1385,3452,1676","3,3,3,4,2,2,4,4",1,2,3
1004,"303,1876,2376,170,1385,3452,1676,329","3,3,4,2,2,4,4,3",1,2,3
1004,"1876,2376,170,1385,3452,1676,329,1616","3,4,2,2,4,4,3,2",1,2,3
1004,"2376,170,1385,3452,1676,329,1616,442","4,2,2,4,4,3,2,4",1,2,3
1004,"170,1385,3452,1676,329,1616,442,112","2,2,4,4,3,2,4,4",1,2,3
1004,"1385,3452,1676,329,1616,442,112,1597","2,4,4,3,2,4,4,5",1,2,3
1004,"3452,1676,329,1616,442,112,1597,736","4,4,3,2,4,4,5,3",1,2,3
1004,"1676,329,1616,442,112,1597,736,653","4,3,2,4,4,5,3,1",1,2,3
1004,"329,1616,442,112,1597,736,653,786","3,2,4,4,5,3,1,3",1,2,3
1004,"1616,442,112,1597,736,653,786,552","2,4,4,5,3,1,3,3",1,2,3
1004,"442,112,1597,736,653,786,552,517","4,4,5,3,1,3,3,4",1,2,3
1004,"112,1597,736,653,786,552,517,2126","4,5,3,1,3,3,4,2",1,2,3
1004,"736,653,786,552,517,2126,2881,3807","3,1,3,3,4,2,3,4",1,2,3
1004,"653,786,552,517,2126,2881,3807,1586","1,3,3,4,2,3,4,3",1,2,3
1004,"786,552,517,2126,2881,3807,1586,533","3,3,4,2,3,4,3,1",1,2,3
1004,"552,517,2126,2881,3807,1586,533,1037","3,4,2,3,4,3,1,2",1,2,3
1004,"517,2126,2881,3807,1586,533,1037,2002","4,2,3,4,3,1,2,4",1,2,3
1004,"2881,3807,1586,533,1037,2002,2421,1371","3,4,3,1,2,4,3,1",1,2,3
1004,"3807,1586,533,1037,2002,2421,1371,1687","4,3,1,2,4,3,1,4",1,2,3
1004,"1586,533,1037,2002,2421,1371,1687,42","3,1,2,4,3,1,4,2",1,2,3
1004,"533,1037,2002,2421,1371,1687,42,1801","1,2,4,3,1,4,2,3",1,2,3
1004,"1037,2002,2421,1371,1687,42,1801,3441","2,4,3,1,4,2,3,4",1,2,3
1004,"2421,1371,1687,42,1801,3441,3697,1391","3,1,4,2,3,4,2,3",1,2,3
1004,"1371,1687,42,1801,3441,3697,1391,1205","1,4,2,3,4,2,3,3",1,2,3
1004,"1687,42,1801,3441,3697,1391,1205,1479","4,2,3,4,2,3,3,3",1,2,3
1004,"42,1801,3441,3697,1391,1205,1479,1525","2,3,4,2,3,3,3,2",1,2,3
1004,"1801,3441,3697,1391,1205,1479,1525,2735","3,4,2,3,3,3,2,3",1,2,3
1004,"3441,3697,1391,1205,1479,1525,2735,2405","4,2,3,3,3,2,3,3",1,2,3
1004,"1391,1205,1479,1525,2735,2405,2365,2582","3,3,3,2,3,3,3,2",1,2,3
1004,"1479,1525,2735,2405,2365,2582,3257,44","3,2,3,3,3,2,2,2",1,2,3
1004,"2735,2405,2365,2582,3257,44,466,459","3,3,3,2,2,2,3,3",1,2,3
1004,"2405,2365,2582,3257,44,466,459,694","3,3,2,2,2,3,3,3",1,2,3
1004,"2365,2582,3257,44,466,459,694,153","3,2,2,2,3,3,3,2",1,2,3
1004,"44,466,459,694,153,208,1100,485","2,3,3,3,2,2,1,4",1,2,3
1004,"459,694,153,208,1100,485,2815,420","3,3,2,2,1,4,3,3",1,2,3
1004,"694,153,208,1100,485,2815,420,173","3,2,2,1,4,3,3,1",1,2,3
1004,"153,208,1100,485,2815,420,173,3438","2,2,1,4,3,3,1,3",1,2,3
1004,"1100,485,2815,420,173,3438,2625,1373","1,4,3,3,1,3,2,1",1,2,3
1004,"485,2815,420,173,3438,2625,1373,3802","4,3,3,1,3,2,1,2",1,2,3
1004,"2815,420,173,3438,2625,1373,3802,3208","3,3,1,3,2,1,2,3",1,2,3
1004,"420,173,3438,2625,1373,3802,3208,2986","3,1,3,2,1,2,3,3",1,2,3
1004,"173,3438,2625,1373,3802,3208,2986,327","1,3,2,1,2,3,3,1",1,2,3
1004,"3438,2625,1373,3802,3208,2986,327,1562","3,2,1,2,3,3,1,1",1,2,3
1004,"2625,1373,3802,3208,2986,327,1562,2253","2,1,2,3,3,1,1,3",1,2,3
1004,"3208,2986,327,1562,2253,2642,2816,172","3,3,1,1,3,2,1,1",1,2,3
1004,"327,1562,2253,2642,2816,172,1772,2373","1,1,3,2,1,1,3,2",1,2,3
1004,"1562,2253,2642,2816,172,1772,2373,1606","1,3,2,1,1,3,2,1",1,2,3
1004,"2253,2642,2816,172,1772,2373,1606,3268","3,2,1,1,3,2,1,1",1,2,3
1004,"2642,2816,172,1772,2373,1606,3268,2422","2,1,1,3,2,1,1,2",1,2,3
1004,"2816,172,1772,2373,1606,3268,2422,2568","1,1,3,2,1,1,2,2",1,2,3
1004,"1772,2373,1606,3268,2422,2568,2041,2748","3,2,1,1,2,2,3,2",1,2,3
1004,"2373,1606,3268,2422,2568,2041,2748,2643","2,1,1,2,2,3,2,1",1,2,3
1004,"1606,3268,2422,2568,2041,2748,2643,502","1,1,2,2,3,2,1,1",1,2,3
1004,"3268,2422,2568,2041,2748,2643,502,919","1,2,2,3,2,1,1,4",1,2,3
1004,"2422,2568,2041,2748,2643,502,919,1198","2,2,3,2,1,1,4,5",1,2,3
1004,"2568,2041,2748,2643,502,919,1198,1210","2,3,2,1,1,4,5,5",1,2,3
1004,"2041,2748,2643,502,919,1198,1210,2879","3,2,1,1,4,5,5,4",1,2,3
1004,"2748,2643,502,919,1198,1210,2879,1196","2,1,1,4,5,5,4,5",1,2,3
1004,"502,919,1198,1210,2879,1196,1274,3175","1,4,5,5,4,5,4,4",1,2,3
1004,"919,1198,1210,2879,1196,1274,3175,1275","4,5,5,4,5,4,4,5",1,2,3
1004,"2879,1196,1274,3175,1275,1374,2987,1073","4,5,4,4,5,5,4,3",1,2,3
1004,"1196,1274,3175,1275,1374,2987,1073,2406","5,4,4,5,5,4,3,4",1,2,3
1004,"1274,3175,1275,1374,2987,1073,2406,592","4,4,5,5,4,3,4,4",1,2,3
1004,"3175,1275,1374,2987,1073,2406,592,1127","4,5,5,4,3,4,4,5",1,2,3
1004,"1374,2987,1073,2406,592,1127,1215,2968","5,4,3,4,4,5,4,4",1,2,3
1004,"2987,1073,2406,592,1127,1215,2968,2916","4,3,4,4,5,4,4,4",1,2,3
1004,"1073,2406,592,1127,1215,2968,2916,590","3,4,4,5,4,4,4,4",1,2,3
1004,"2406,592,1127,1215,2968,2916,590,480","4,4,5,4,4,4,4,3",1,2,3
1004,"592,1127,1215,2968,2916,590,480,2116","4,5,4,4,4,4,3,2",1,2,3
1004,"1127,1215,2968,2916,590,480,2116,1967","5,4,4,4,4,3,2,1",1,2,3
1004,"1215,2968,2916,590,480,2116,1967,349","4,4,4,4,3,2,1,3",1,2,3
1004,"2968,2916,590,480,2116,1967,349,3699","4,4,4,3,2,1,3,4",1,2,3
1004,"2916,590,480,2116,1967,349,3699,3070","4,4,3,2,1,3,4,3",1,2,3
1004,"480,2116,1967,349,3699,3070,3771,2115","3,2,1,3,4,3,4,5",1,2,3
1004,"1967,349,3699,3070,3771,2115,2470,2135","1,3,4,3,4,5,3,4",1,2,3
1004,"349,3699,3070,3771,2115,2470,2135,2046","3,4,3,4,5,3,4,2",1,2,3
1004,"3699,3070,3771,2115,2470,2135,2046,2161","4,3,4,5,3,4,2,1",1,2,3
1004,"3070,3771,2115,2470,2135,2046,2161,1587","3,4,5,3,4,2,1,5",1,2,3
1004,"3771,2115,2470,2135,2046,2161,1587,2005","4,5,3,4,2,1,5,3",1,2,3
1004,"2115,2470,2135,2046,2161,1587,2005,2099","5,3,4,2,1,5,3,4",1,2,3
1004,"2470,2135,2046,2161,1587,2005,2099,2105","3,4,2,1,5,3,4,4",1,2,3
1004,"2046,2161,1587,2005,2099,2105,1377,2414","2,1,5,3,4,4,3,4",1,2,3
1004,"2161,1587,2005,2099,2105,1377,2414,3770","1,5,3,4,4,3,4,4",1,2,3
1004,"1587,2005,2099,2105,1377,2414,3770,1031","5,3,4,4,3,4,4,4",1,2,3
1004,"2005,2099,2105,1377,2414,3770,1031,2133","3,4,4,3,4,4,4,3",1,2,3
1004,"2099,2105,1377,2414,3770,1031,2133,2093","4,4,3,4,4,4,3,2",1,2,3
1004,"2105,1377,2414,3770,1031,2133,2093,2641","4,3,4,4,4,3,2,4",1,2,3
1004,"1377,2414,3770,1031,2133,2093,2641,3698","3,4,4,4,3,2,4,4",1,2,3
1004,"2414,3770,1031,2133,2093,2641,3698,2094","4,4,4,3,2,4,4,4",1,2,3
1004,"3770,1031,2133,2093,2641,3698,2094,1009","4,4,3,2,4,4,4,4",1,2,3
1004,"1031,2133,2093,2641,3698,2094,1009,2054","4,3,2,4,4,4,4,3",1,2,3
1004,"2133,2093,2641,3698,2094,1009,2054,2723","3,2,4,4,4,4,3,2",1,2,3
1004,"2093,2641,3698,2094,1009,2054,2723,2","2,4,4,4,4,3,2,4",1,2,3
1004,"2641,3698,2094,1009,2054,2723,2,1917","4,4,4,4,3,2,4,2",1,2,3
1004,"3698,2094,1009,2054,2723,2,1917,362","4,4,4,3,2,4,2,3",1,2,3
1004,"2094,1009,2054,2723,2,1917,362,3489","4,4,3,2,4,2,3,2",1,2,3
1004,"2054,2723,2,1917,362,3489,2088,158","3,2,4,2,3,2,3,3",1,2,3
1004,"2723,2,1917,362,3489,2088,158,2143","2,4,2,3,2,3,3,1",1,2,3
1004,"2,1917,362,3489,2088,158,2143,2615","4,2,3,2,3,3,1,3",1,2,3
1004,"1917,362,3489,2088,158,2143,2615,1030","2,3,2,3,3,1,3,2",1,2,3
1004,"362,3489,2088,158,2143,2615,1030,2471","3,2,3,3,1,3,2,2",1,2,3
1004,"3489,2088,158,2143,2615,1030,2471,2450","2,3,3,1,3,2,2,1",1,2,3
1004,"2088,158,2143,2615,1030,2471,2450,2162","3,3,1,3,2,2,1,1",1,2,3
1004,"158,2143,2615,1030,2471,2450,2162,3705","3,1,3,2,2,1,1,2",1,2,3
1004,"2143,2615,1030,2471,2450,2162,3705,126","1,3,2,2,1,1,2,1",1,2,3
1004,"2615,1030,2471,2450,2162,3705,126,3114","3,2,2,1,1,2,1,5",1,2,3
1004,"1030,2471,2450,2162,3705,126,3114,1","2,2,1,1,2,1,5,5",1,2,3
1004,"2471,2450,2162,3705,126,3114,1,3611","2,1,1,2,1,5,5,4",1,2,3
1004,"2450,2162,3705,126,3114,1,3611,1282","1,1,2,1,5,5,4,4",1,2,3
1004,"2162,3705,126,3114,1,3611,1282,2078","1,2,1,5,5,4,4,4",1,2,3
1004,"3705,126,3114,1,3611,1282,2078,596","2,1,5,5,4,4,4,3",1,2,3
1004,"126,3114,1,3611,1282,2078,596,594","1,5,5,4,4,4,3,3",1,2,3
1004,"3114,1,3611,1282,2078,596,594,1023","5,5,4,4,4,3,3,4",1,2,3
1004,"1,3611,1282,2078,596,594,1023,2687","5,4,4,4,3,3,4,3",1,2,3
1004,"1282,2078,596,594,1023,2687,595,2018","4,4,3,3,4,3,4,3",1,2,3
1004,"2078,596,594,1023,2687,595,2018,1022","4,3,3,4,3,4,3,3",1,2,3
1004,"596,594,1023,2687,595,2018,1022,588","3,3,4,3,4,3,3,5",1,2,3
1004,"594,1023,2687,595,2018,1022,588,2355","3,4,3,4,3,3,5,5",1,2,3
1004,"1023,2687,595,2018,1022,588,2355,2857","4,3,4,3,3,5,5,3",1,2,3
1004,"2687,595,2018,1022,588,2355,2857,2139","3,4,3,3,5,5,3,4",1,2,3
1004,"595,2018,1022,588,2355,2857,2139,2700","4,3,3,5,5,3,4,5",1,2,3
1004,"2018,1022,588,2355,2857,2139,2700,2096","3,3,5,5,3,4,5,4",1,2,3
1004,"588,2355,2857,2139,2700,2096,2137,2294","5,5,3,4,5,4,2,4",1,2,3
1004,"2355,2857,2139,2700,2096,2137,2294,364","5,3,4,5,4,2,4,4",1,2,3
1004,"2139,2700,2096,2137,2294,364,2087,616","4,5,4,2,4,4,3,3",1,2,3
1004,"2700,2096,2137,2294,364,2087,616,2089","5,4,2,4,4,3,3,3",1,2,3
1004,"2096,2137,2294,364,2087,616,2089,1032","4,2,4,4,3,3,3,3",1,2,3
1004,"2137,2294,364,2087,616,2089,1032,3213","2,4,4,3,3,3,3,4",1,2,3
1004,"2294,364,2087,616,2089,1032,3213,2081","4,4,3,3,3,3,4,3",1,2,3
1004,"364,2087,616,2089,1032,3213,2081,1029","4,3,3,3,3,4,3,3",1,2,3
1004,"2087,616,2089,1032,3213,2081,1029,3159","3,3,3,3,4,3,3,4",1,2,3
1004,"616,2089,1032,3213,2081,1029,3159,1907","3,3,3,4,3,3,4,3",1,2,3
1004,"2089,1032,3213,2081,1029,3159,1907,2085","3,3,4,3,3,4,3,4",1,2,3
1004,"1032,3213,2081,1029,3159,1907,2085,1033","3,4,3,3,4,3,4,4",1,2,3
1004,"3213,2081,1029,3159,1907,2085,1033,1566","4,3,3,4,3,4,4,3",1,2,3
1004,"2081,1029,3159,1907,2085,1033,1566,3034","3,3,4,3,4,4,3,4",1,2,3
1004,"3159,1907,2085,1033,1566,3034,1405,1025","4,3,4,4,3,4,4,4",1,2,3
1004,"1907,2085,1033,1566,3034,1405,1025,2102","3,4,4,3,4,4,4,4",1,2,3
1004,"1033,1566,3034,1405,1025,2102,783,2033","4,3,4,4,4,4,3,2",1,2,3
1004,"1566,3034,1405,1025,2102,783,2033,2090","3,4,4,4,4,3,2,4",1,2,3
1004,"3034,1405,1025,2102,783,2033,2090,2048","4,4,4,4,3,2,4,3",1,2,3
1004,"1025,2102,783,2033,2090,2048,1024,48","4,4,3,2,4,3,3,2",1,2,3
1004,"2102,783,2033,2090,2048,1024,48,1064","4,3,2,4,3,3,2,5",1,2,3
1004,"2033,2090,2048,1024,48,1064,239,1881","2,4,3,3,2,5,3,1",1,2,3
1004,"2090,2048,1024,48,1064,239,1881,1136","4,3,3,2,5,3,1,5",1,2,3
1004,"2048,1024,48,1064,239,1881,1136,2804","3,3,2,5,3,1,5,3",1,2,3
1004,"1024,48,1064,239,1881,1136,2804,2997","3,2,5,3,1,5,3,3",1,2,3
1004,"48,1064,239,1881,1136,2804,2997,2788","2,5,3,1,5,3,3,4",1,2,3
1004,"1064,239,1881,1136,2804,2997,2788,1270","5,3,1,5,3,3,4,4",1,2,3
1004,"239,1881,1136,2804,2997,2788,1270,1394","3,1,5,3,3,4,4,3",1,2,3
1004,"1881,1136,2804,2997,2788,1270,1394,1079","1,5,3,3,4,4,3,4",1,2,3
1004,"1136,2804,2997,2788,1270,1394,1079,1292","5,3,3,4,4,3,4,2",1,2,3
1004,"2804,2997,2788,1270,1394,1079,1292,3421","3,3,4,4,3,4,2,4",1,2,3
1004,"2997,2788,1270,1394,1079,1292,3421,2791","3,4,4,3,4,2,4,5",1,2,3
1004,"2788,1270,1394,1079,1292,3421,2791,2858","4,4,3,4,2,4,5,5",1,2,3
1004,"1270,1394,1079,1292,3421,2791,2858,1288","4,3,4,2,4,5,5,5",1,2,3
1004,"1079,1292,3421,2791,2858,1288,223,2716","4,2,4,5,5,5,5,5",1,2,3
1004,"1292,3421,2791,2858,1288,223,2716,1265","2,4,5,5,5,5,5,4",1,2,3
1004,"3421,2791,2858,1288,223,2716,1265,1278","4,5,5,5,5,5,4,5",1,2,3
1004,"2791,2858,1288,223,2716,1265,1278,2863","5,5,5,5,5,4,5,5",1,2,3
1004,"2858,1288,223,2716,1265,1278,2863,1294","5,5,5,5,4,5,5,3",1,2,3
1004,"223,2716,1265,1278,2863,1294,34,562","5,5,4,5,5,3,5,1",1,2,3
1004,"1278,2863,1294,34,562,1080,2918,1500","5,5,3,5,1,4,4,4",1,2,3
1004,"2863,1294,34,562,1080,2918,1500,2542","5,3,5,1,4,4,4,4",1,2,3
1004,"1294,34,562,1080,2918,1500,2542,1285","3,5,1,4,4,4,4,3",1,2,3
1004,"34,562,1080,2918,1500,2542,1285,2321","5,1,4,4,4,4,3,4",1,2,3
1004,"562,1080,2918,1500,2542,1285,2321,2946","1,4,4,4,4,3,4,4",1,2,3
1004,"1080,2918,1500,2542,1285,2321,2946,3363","4,4,4,4,3,4,4,4",1,2,3
1004,"2918,1500,2542,1285,2321,2946,3363,1307","4,4,4,3,4,4,4,3",1,2,3
1004,"1500,2542,1285,2321,2946,3363,1307,3396","4,4,3,4,4,4,3,5",1,2,3
1004,"2542,1285,2321,2946,3363,1307,3396,1042","4,3,4,4,4,3,5,4",1,2,3
1004,"1285,2321,2946,3363,1307,3396,1042,1663","3,4,4,4,3,5,4,4",1,2,3
1004,"2321,2946,3363,1307,3396,1042,1663,1968","4,4,4,3,5,4,4,4",1,2,3
1004,"2946,3363,1307,3396,1042,1663,1968,2706","4,4,3,5,4,4,4,4",1,2,3
1004,"3363,1307,3396,1042,1663,1968,2706,1226","4,3,5,4,4,4,4,4",1,2,3
1004,"1307,3396,1042,1663,1968,2706,1226,3608","3,5,4,4,4,4,4,3",1,2,3
1004,"3396,1042,1663,1968,2706,1226,3608,1256","5,4,4,4,4,4,3,5",1,2,3
1004,"1042,1663,1968,2706,1226,3608,1256,3552","4,4,4,4,4,3,5,3",1,2,3
1004,"1663,1968,2706,1226,3608,1256,3552,2248","4,4,4,4,3,5,3,3",1,2,3
1004,"1968,2706,1226,3608,1256,3552,2248,3868","4,4,4,3,5,3,3,4",1,2,3
1004,"2706,1226,3608,1256,3552,2248,3868,1784","4,4,3,5,3,3,4,3",1,2,3
1004,"1226,3608,1256,3552,2248,3868,1784,1066","4,3,5,3,3,4,3,2",1,2,3
1004,"1256,3552,2248,3868,1784,1066,551,1297","5,3,3,4,3,2,2,3",1,2,3
1004,"3552,2248,3868,1784,1066,551,1297,3481","3,3,4,3,2,2,3,4",1,2,3
1004,"2248,3868,1784,1066,551,1297,3481,2174","3,4,3,2,2,3,4,3",1,2,3
1004,"3868,1784,1066,551,1297,3481,2174,1028","4,3,2,2,3,4,3,4",1,2,3
1004,"1784,1066,551,1297,3481,2174,1028,356","3,2,2,3,4,3,4,4",1,2,3
1004,"1066,551,1297,3481,2174,1028,356,915","2,2,3,4,3,4,4,3",1,2,3
1004,"551,1297,3481,2174,1028,356,915,1517","2,3,4,3,4,4,3,4",1,2,3
1004,"1297,3481,2174,1028,356,915,1517,3039","3,4,3,4,4,3,4,4",1,2,3
1004,"3481,2174,1028,356,915,1517,3039,1257","4,3,4,4,3,4,4,4",1,2,3
1004,"1028,356,915,1517,3039,1257,2144,852","4,4,3,4,4,4,3,3",1,2,3
1004,"356,915,1517,3039,1257,2144,852,3526","4,3,4,4,4,3,3,4",1,2,3
1004,"915,1517,3039,1257,2144,852,3526,3760","3,4,4,4,3,3,4,3",1,2,3
1004,"1517,3039,1257,2144,852,3526,3760,1747","4,4,4,3,3,4,3,4",1,2,3
1004,"3039,1257,2144,852,3526,3760,1747,440","4,4,3,3,4,3,4,3",1,2,3
1004,"1257,2144,852,3526,3760,1747,440,3052","4,3,3,4,3,4,3,5",1,2,3
1004,"2144,852,3526,3760,1747,440,3052,1125","3,3,4,3,4,3,5,5",1,2,3
1004,"852,3526,3760,1747,440,3052,1125,2109","3,4,3,4,3,5,5,2",1,2,3
1004,"3526,3760,1747,440,3052,1125,2109,514","4,3,4,3,5,5,2,4",1,2,3
1004,"3760,1747,440,3052,1125,2109,514,2746","3,4,3,5,5,2,4,3",1,2,3
1004,"1747,440,3052,1125,2109,514,2746,3253","4,3,5,5,2,4,3,4",1,2,3
1004,"440,3052,1125,2109,514,2746,3253,2463","3,5,5,2,4,3,4,2",1,2,3
1004,"3052,1125,2109,514,2746,3253,2463,3255","5,5,2,4,3,4,2,4",1,2,3
1004,"1125,2109,514,2746,3253,2463,3255,2371","5,2,4,3,4,2,4,4",1,2,3
1004,"2109,514,2746,3253,2463,3255,2371,367","2,4,3,4,2,4,4,4",1,2,3
1004,"514,2746,3253,2463,3255,2371,367,2003","4,3,4,2,4,4,4,3",1,2,3
1004,"2746,3253,2463,3255,2371,367,2003,3040","3,4,2,4,4,4,3,3",1,2,3
1004,"3253,2463,3255,2371,367,2003,3040,2302","4,2,4,4,4,3,3,4",1,2,3
1004,"2463,3255,2371,367,2003,3040,2302,3809","2,4,4,4,3,3,4,2",1,2,3
1004,"2371,367,2003,3040,2302,3809,141,1171","4,4,3,3,4,2,3,2",1,2,3
1004,"367,2003,3040,2302,3809,141,1171,2539","4,3,3,4,2,3,2,3",1,2,3
1004,"2003,3040,2302,3809,141,1171,2539,3174","3,3,4,2,3,2,3,4",1,2,3
1004,"3040,2302,3809,141,1171,2539,3174,1701","3,4,2,3,2,3,4,2",1,2,3
1004,"2302,3809,141,1171,2539,3174,1701,3210","4,2,3,2,3,4,2,3",1,2,3
1004,"3809,141,1171,2539,3174,1701,3210,3671","2,3,2,3,4,2,3,5",1,2,3
1004,"141,1171,2539,3174,1701,3210,3671,587","3,2,3,4,2,3,5,3",1,2,3
1004,"1171,2539,3174,1701,3210,3671,587,467","2,3,4,2,3,5,3,3",1,2,3
1004,"2539,3174,1701,3210,3671,587,467,500","3,4,2,3,5,3,3,4",1,2,3
1004,"3174,1701,3210,3671,587,467,500,1425","4,2,3,5,3,3,4,3",1,2,3
1004,"1701,3210,3671,587,467,500,1425,1485","2,3,5,3,3,4,3,5",1,2,3
1004,"3210,3671,587,467,500,1425,1485,3712","3,5,3,3,4,3,5,2",1,2,3
1004,"3671,587,467,500,1425,1485,3712,372","5,3,3,4,3,5,2,2",1,2,3
1004,"587,467,500,1425,1485,3712,372,2100","3,3,4,3,5,2,2,3",1,2,3
1004,"467,500,1425,1485,3712,372,2100,1713","3,4,3,5,2,2,3,4",1,2,3
1004,"500,1425,1485,3712,372,2100,1713,3397","4,3,5,2,2,3,4,4",1,2,3
1004,"1425,1485,3712,372,2100,1713,3397,1895","3,5,2,2,3,4,4,3",1,2,3
1004,"1485,3712,372,2100,1713,3397,1895,2150","5,2,2,3,4,4,3,4",1,2,3
1004,"3712,372,2100,1713,3397,1895,2150,3591","2,2,3,4,4,3,4,3",1,2,3
1004,"372,2100,1713,3397,1895,2150,3591,3033","2,3,4,4,3,4,3,4",1,2,3
1004,"2100,1713,3397,1895,2150,3591,3033,2011","3,4,4,3,4,3,4,4",1,2,3
1004,"1713,3397,1895,2150,3591,3033,2011,2502","4,4,3,4,3,4,4,5",1,2,3
1004,"3397,1895,2150,3591,3033,2011,2502,1380","4,3,4,3,4,4,5,3",1,2,3
1004,"2150,3591,3033,2011,2502,1380,3785,2770","4,3,4,4,5,3,3,3",1,2,3
1004,"3591,3033,2011,2502,1380,3785,2770,2301","3,4,4,5,3,3,3,5",1,2,3
1004,"2011,2502,1380,3785,2770,2301,2261,3301","4,5,3,3,3,5,4,4",1,2,3
1004,"2502,1380,3785,2770,2301,2261,3301,11","5,3,3,3,5,4,4,4",1,2,3
1004,"1380,3785,2770,2301,2261,3301,11,3693","3,3,3,5,4,4,4,2",1,2,3
1004,"3785,2770,2301,2261,3301,11,3693,3466","3,3,5,4,4,4,2,3",1,2,3
1004,"2770,2301,2261,3301,11,3693,3466,539","3,5,4,4,4,2,3,2",1,2,3
1004,"2301,2261,3301,11,3693,3466,539,2407","5,4,4,4,2,3,2,2",1,2,3
1004,"2261,3301,11,3693,3466,539,2407,104","4,4,4,2,3,2,2,2",1,2,3
1004,"11,3693,3466,539,2407,104,3087,3450","4,2,3,2,2,2,3,2",1,2,3
1004,"3693,3466,539,2407,104,3087,3450,1918","2,3,2,2,2,3,2,4",1,2,3
1004,"539,2407,104,3087,3450,1918,1569,2657","2,2,2,3,2,4,2,2",1,2,3
1004,"104,3087,3450,1918,1569,2657,3178,1010","2,3,2,4,2,2,4,4",1,2,3
1004,"3087,3450,1918,1569,2657,3178,1010,2012","3,2,4,2,2,4,4,4",1,2,3
1004,"3450,1918,1569,2657,3178,1010,2012,1083","2,4,2,2,4,4,4,4",1,2,3
1004,"1918,1569,2657,3178,1010,2012,1083,3398","4,2,2,4,4,4,4,4",1,2,3
1004,"1569,2657,3178,1010,2012,1083,3398,1020","2,2,4,4,4,4,4,3",1,2,3
1004,"2657,3178,1010,2012,1083,3398,1020,342","2,4,4,4,4,4,3,2",1,2,3
1004,"3178,1010,2012,1083,3398,1020,342,585","4,4,4,4,4,3,2,3",1,2,3
1004,"1010,2012,1083,3398,1020,342,585,7","4,4,4,4,3,2,3,2",1,2,3
1004,"2012,1083,3398,1020,342,585,7,252","4,4,4,3,2,3,2,3",1,2,3
1004,"1083,3398,1020,342,585,7,252,837","4,4,3,2,3,2,3,2",1,2,3
1004,"3398,1020,342,585,7,252,837,368","4,3,2,3,2,3,2,3",1,2,3
1004,"1020,342,585,7,252,837,368,2110","3,2,3,2,3,2,3,4",1,2,3
1004,"342,585,7,252,837,368,2110,2134","2,3,2,3,2,3,4,2",1,2,3
1004,"585,7,252,837,368,2110,2134,788","3,2,3,2,3,4,2,2",1,2,3
1004,"7,252,837,368,2110,2134,788,450","2,3,2,3,4,2,2,3",1,2,3
1004,"252,837,368,2110,2134,788,450,3263","3,2,3,4,2,2,3,2",1,2,3
1004,"837,368,2110,2134,788,450,3263,1911","2,3,4,2,2,3,2,4",1,2,3
1004,"368,2110,2134,788,450,3263,1911,2082","3,4,2,2,3,2,4,1",1,2,3
1004,"2110,2134,788,450,3263,1911,2082,564","4,2,2,3,2,4,1,2",1,2,3
1004,"2134,788,450,3263,1911,2082,564,543","2,2,3,2,4,1,2,3",1,2,3
1004,"788,450,3263,1911,2082,564,543,317","2,3,2,4,1,2,3,5",1,2,3
1004,"450,3263,1911,2082,564,543,317,1367","3,2,4,1,2,3,5,4",1,2,3
1004,"3263,1911,2082,564,543,317,1367,2861","2,4,1,2,3,5,4,4",1,2,3
1004,"1911,2082,564,543,317,1367,2861,216","4,1,2,3,5,4,4,2",1,2,3
1004,"2082,564,543,317,1367,2861,216,3247","1,2,3,5,4,4,2,2",1,2,3
1004,"564,543,317,1367,2861,216,3247,3524","2,3,5,4,4,2,2,3",1,2,3
1004,"543,317,1367,2861,216,3247,3524,2004","3,5,4,4,2,2,3,3",1,2,3
1004,"317,1367,2861,216,3247,3524,2004,3869","5,4,4,2,2,3,3,3",1,2,3
1004,"1367,2861,216,3247,3524,2004,3869,231","4,4,2,2,3,3,3,2",1,2,3
1004,"2861,216,3247,3524,2004,3869,231,2262","4,2,2,3,3,3,2,3",1,2,3
1004,"216,3247,3524,2004,3869,231,2262,586","2,2,3,3,3,2,3,1",1,2,3
1004,"3247,3524,2004,3869,231,2262,586,2416","2,3,3,3,2,3,1,2",1,2,3
1004,"3524,2004,3869,231,2262,586,2416,2478","3,3,3,2,3,1,2,1",1,2,3
1004,"2004,3869,231,2262,586,2416,2478,237","3,3,2,3,1,2,1,3",1,2,3
1004,"3869,231,2262,586,2416,2478,237,413","3,2,3,1,2,1,3,4",1,2,3
1004,"231,2262,586,2416,2478,237,413,3511","2,3,1,2,1,3,4,2",1,2,3
1004,"2262,586,2416,2478,237,413,3511,2378","3,1,2,1,3,4,2,3",1,2,3
1004,"586,2416,2478,237,413,3511,2378,2447","1,2,1,3,4,2,3,3",1,2,3
1004,"2416,2478,237,413,3511,2378,2447,2504","2,1,3,4,2,3,3,1",1,2,3
1004,"2478,237,413,3511,2378,2447,2504,370","1,3,4,2,3,3,1,3",1,2,3
1004,"237,413,3511,2378,2447,2504,370,2683","3,4,2,3,3,1,3,3",1,2,3
1004,"413,3511,2378,2447,2504,370,2683,1135","4,2,3,3,1,3,3,2",1,2,3
1004,"3511,2378,2447,2504,370,2683,1135,2431","2,3,3,1,3,3,2,3",1,2,3
1004,"2378,2447,2504,370,2683,1135,2431,3841","3,3,1,3,3,2,3,3",1,2,3
1004,"2447,2504,370,2683,1135,2431,3841,2792","3,1,3,3,2,3,3,4",1,2,3
1004,"2504,370,2683,1135,2431,3841,2792,2961","1,3,3,2,3,3,4,2",1,2,3
1004,"370,2683,1135,2431,3841,2792,2961,5","3,3,2,3,3,4,2,1",1,2,3
1004,"2683,1135,2431,3841,2792,2961,5,3243","3,2,3,3,4,2,1,3",1,2,3
1004,"1135,2431,3841,2792,2961,5,3243,3254","2,3,3,4,2,1,3,3",1,2,3
1004,"2431,3841,2792,2961,5,3243,3254,2375","3,3,4,2,1,3,3,4",1,2,3
1004,"2792,2961,5,3243,3254,2375,2374,3120","4,2,1,3,3,4,3,3",1,2,3
1004,"5,3243,3254,2375,2374,3120,2724,2060","1,3,3,4,3,3,2,4",1,2,3
1004,"3243,3254,2375,2374,3120,2724,2060,2369","3,3,4,3,3,2,4,2",1,2,3
1004,"3254,2375,2374,3120,2724,2060,2369,2709","3,4,3,3,2,4,2,4",1,2,3
1004,"2375,2374,3120,2724,2060,2369,2709,765","4,3,3,2,4,2,4,2",1,2,3
1004,"2374,3120,2724,2060,2369,2709,765,830","3,3,2,4,2,4,2,1",1,2,3
1004,"2724,2060,2369,2709,765,830,2473,3","2,4,2,4,2,1,2,2",1,2,3
1004,"2060,2369,2709,765,830,2473,3,840","4,2,4,2,1,2,2,3",1,2,3
1004,"2709,765,830,2473,3,840,2163,1021","4,2,1,2,2,3,4,1",1,2,3
1004,"765,830,2473,3,840,2163,1021,256","2,1,2,2,3,4,1,3",1,2,3
1004,"830,2473,3,840,2163,1021,256,3388","1,2,2,3,4,1,3,2",1,2,3
1004,"2473,3,840,2163,1021,256,3388,2694","2,2,3,4,1,3,2,2",1,2,3
1004,"2163,1021,256,3388,2694,1460,2149,1018","4,1,3,2,2,2,3,2",1,2,3
1004,"1021,256,3388,2694,1460,2149,1018,518","1,3,2,2,2,3,2,2",1,2,3
1004,"256,3388,2694,1460,2149,1018,518,2335","3,2,2,2,3,2,2,2",1,2,3
1004,"3388,2694,1460,2149,1018,518,2335,2717","2,2,2,3,2,2,2,4",1,2,3
1004,"2694,1460,2149,1018,518,2335,2717,435","2,2,3,2,2,2,4,2",1,2,3
1004,"1460,2149,1018,518,2335,2717,435,1703","2,3,2,2,2,4,2,4",1,2,3
1004,"2149,1018,518,2335,2717,435,1703,520","3,2,2,2,4,2,4,3",1,2,3
1004,"518,2335,2717,435,1703,520,1702,135","2,2,4,2,4,3,3,3",1,2,3
1004,"2717,435,1703,520,1702,135,64,1167","4,2,4,3,3,3,3,3",1,2,3
1004,"435,1703,520,1702,135,64,1167,762","2,4,3,3,3,3,3,2",1,2,3
1004,"1703,520,1702,135,64,1167,762,1863","4,3,3,3,3,3,2,2",1,2,3
1004,"520,1702,135,64,1167,762,1863,2379","3,3,3,3,3,2,2,3",1,2,3
1004,"1702,135,64,1167,762,1863,2379,267","3,3,3,3,2,2,3,2",1,2,3
1004,"135,64,1167,762,1863,2379,267,355","3,3,3,2,2,3,2,3",1,2,3
1004,"64,1167,762,1863,2379,267,355,829","3,3,2,2,3,2,3,4",1,2,3
1004,"762,1863,2379,267,355,829,743,1707","2,2,3,2,3,4,3,1",1,2,3
1004,"2379,267,355,829,743,1707,3248,2953","3,2,3,4,3,1,1,1",1,2,3
1004,"267,355,829,743,1707,3248,2953,3804","2,3,4,3,1,1,1,2",1,2,3
1004,"355,829,743,1707,3248,2953,3804,1266","3,4,3,1,1,1,2,5",1,2,3
1004,"355,829,743,1707,3248,2953,3804,1266","3,4,3,1,1,1,2,5",1,2,3