user,item
1,98
1,433
1,367
1,191
1,655
1,56
1,204
1,423
1,69
1,238
2,546
2,742
2,121
2,222
2,111
2,7
2,117
2,258
2,100
2,181
3,270
3,879
3,326
3,678
3,301
3,269
3,748
3,307
3,313
3,286
4,322
4,56
4,174
4,222
4,127
4,1
4,333
4,302
4,286
4,181
5,228
5,451
5,196
5,96
5,568
5,202
5,71
5,423
5,161
5,82
6,97
6,208
6,655
6,196
6,179
6,191
6,135
6,210
6,172
6,69
7,22
7,182
7,183
7,96
7,385
7,208
7,186
7,135
7,174
7,403
8,204
8,64
8,196
8,423
8,98
8,69
8,568
8,161
8,174
8,172
9,195
9,82
9,181
9,79
9,56
9,98
9,172
9,69
9,174
9,210
10,98
10,196
10,89
10,64
10,79
10,204
10,483
10,210
10,423
10,172
11,403
11,568
11,174
11,202
11,64
11,161
11,655
11,82
11,172
11,210
12,568
12,655
12,64
12,195
12,216
12,204
12,79
12,423
12,210
12,69
13,203
13,153
13,168
13,367
13,433
13,11
13,202
13,655
13,403
13,423
14,197
14,89
14,79
14,204
14,483
14,64
14,210
14,69
14,423
14,174
15,597
15,7
15,471
15,100
15,222
15,50
15,405
15,111
15,121
15,117
16,173
16,97
16,56
16,238
16,82
16,64
16,196
16,204
16,423
16,210
17,127
17,15
17,546
17,405
17,151
17,121
17,25
17,181
17,117
17,50
18,175
18,99
18,70
18,89
18,79
18,64
18,655
18,179
18,196
18,210
19,423
19,216
19,56
19,98
19,79
19,204
19,238
19,69
19,172
19,174
20,173
20,161
20,222
20,96
20,195
20,56
20,181
20,82
20,79
20,69
21,210
21,183
21,172
21,181
21,50
21,117
21,546
21,11
21,219
21,79
22,168
22,95
22,176
22,202
22,196
22,423
22,69
22,96
22,79
22,82
23,191
23,135
23,161
23,97
23,168
23,202
23,216
23,69
23,210
23,423
24,82
24,50
24,195
24,204
24,196
24,423
24,210
24,174
24,172
24,69
25,216
25,56
25,238
25,89
25,96
25,168
25,423
25,69
25,210
25,172
26,210
26,98
26,56
26,172
26,174
26,273
26,79
26,257
26,597
26,25
27,151
27,222
27,50
27,181
27,237
27,1
27,405
27,117
27,7
27,546
28,204
28,195
28,234
28,161
28,69
28,96
28,183
28,82
28,210
28,172
29,210
29,22
29,127
29,69
29,64
29,56
29,50
29,258
29,172
29,174
30,56
30,64
30,238
30,196
30,50
30,79
30,204
30,210
30,174
30,423
31,174
31,179
31,603
31,211
31,480
31,238
31,654
31,483
31,197
31,199
32,597
32,282
32,25
32,405
32,237
32,121
32,546
32,50
32,7
32,1
33,326
33,327
33,331
33,286
33,332
33,302
33,748
33,258
33,333
33,322
34,269
34,333
34,322
34,750
34,326
34,300
34,331
34,327
34,307
34,328
35,301
35,245
35,748
35,302
35,307
35,258
35,331
35,323
35,294
35,288
36,322
36,258
36,332
36,313
36,327
36,302
36,331
36,294
36,300
36,328
37,22
37,181
37,228
37,69
37,89
37,56
37,144
37,229
37,385
37,174
38,451
38,204
38,143
38,172
38,196
38,568
38,229
38,385
38,202
38,210
39,690
39,332
39,268
39,271
39,748
39,327
39,322
39,269
39,286
39,328
40,272
40,332
40,690
40,301
40,307
40,322
40,313
40,327
40,269
40,288
41,82
41,483
41,655
41,56
41,89
41,64
41,79
41,204
41,210
41,172
42,56
42,11
42,143
42,88
42,238
42,89
42,216
42,393
42,202
42,172
43,96
43,655
43,229
43,97
43,99
43,393
43,95
43,204
43,161
43,69
44,183
44,64
44,173
44,568
44,228
44,403
44,69
44,79
44,172
44,210
45,79
45,235
45,125
45,50
45,151
45,237
45,222
45,117
45,405
45,546
46,98
46,328
46,174
46,302
46,117
46,121
46,237
46,294
46,258
46,1
47,331
47,270
47,268
47,332
47,690
47,294
47,313
47,333
47,300
47,328
48,64
48,196
48,89
48,79
48,238
48,135
48,204
48,69
48,172
48,174
49,179
49,64
49,196
49,423
49,216
49,655
49,79
49,69
49,238
49,210
50,1
50,181
50,237
50,273
50,50
50,127
50,508
50,286
50,475
50,7
51,89
51,82
51,195
51,96
51,204
51,423
51,98
51,69
51,79
51,174
52,174
52,111
52,151
52,222
52,546
52,181
52,69
52,50
52,117
52,1
53,237
53,127
53,79
53,210
53,172
53,174
53,405
53,117
53,222
53,1
54,282
54,748
54,294
54,597
54,248
54,300
54,237
54,271
54,250
54,117
55,546
55,96
55,98
55,405
55,1
55,79
55,210
55,222
55,172
55,174
56,230
56,99
56,367
56,566
56,88
56,228
56,89
56,173
56,423
56,79
57,25
57,69
57,7
57,172
57,210
57,174
57,118
57,79
57,222
57,121
58,153
58,96
58,56
58,11
58,179
58,196
58,202
58,64
58,423
58,79
59,175
59,203
59,153
59,98
59,132
59,403
59,168
59,202
59,97
59,174
60,99
60,655
60,191
60,168
60,196
60,216
60,195
60,238
60,69
60,423
61,307
61,271
61,332
61,748
61,286
61,302
61,313
61,258
61,288
61,322
62,95
62,186
62,11
62,568
62,96
62,202
62,161
62,204
62,423
62,79
63,9
63,257
63,118
63,151
63,405
63,742
63,127
63,121
63,117
63,7
64,22
64,132
64,176
64,173
64,97
64,56
64,202
64,204
64,79
64,172
65,195
65,161
65,82
65,655
65,204
65,216
65,64
65,79
65,172
65,174
66,151
66,111
66,282
66,25
66,7
66,100
66,222
66,118
66,50
66,546
67,125
67,111
67,181
67,50
67,237
67,742
67,597
67,222
67,118
67,117
68,56
68,174
68,151
68,15
68,222
68,546
68,117
68,100
68,50
68,1
69,237
69,11
69,121
69,69
69,64
69,127
69,1
69,210
69,181
69,79
70,238
70,216
70,393
70,195
70,202
70,204
70,229
70,196
70,79
70,174
71,173
71,195
71,238
71,196
71,423
71,79
71,204
71,210
71,69
71,172
72,202
72,168
72,179
72,22
72,183
72,216
72,56
72,238
72,195
72,423
73,179
73,98
73,195
73,79
73,423
73,238
73,210
73,69
73,172
73,174
74,322
74,742
74,127
74,117
74,1
74,181
74,7
74,50
74,328
74,286
75,282
75,172
75,174
75,210
75,181
75,50
75,25
75,7
75,118
75,1
76,216
76,175
76,69
76,79
76,174
76,11
76,179
76,655
76,172
76,238
77,82
77,64
77,196
77,135
77,89
77,195
77,204
77,79
77,423
77,69
78,50
78,118
78,181
78,405
78,117
78,742
78,111
78,121
78,546
78,1
79,405
79,174
79,111
79,121
79,475
79,117
79,25
79,127
79,237
79,181
80,191
80,204
80,197
80,172
80,210
80,98
80,238
80,79
80,174
80,69
81,15
81,172
81,69
81,174
81,181
81,25
81,7
81,50
81,546
81,117
82,98
82,132
82,82
82,89
82,196
82,204
82,210
82,172
82,423
82,69
83,202
83,742
83,11
83,423
83,222
83,96
83,403
83,172
83,69
83,161
84,118
84,181
84,56
84,50
84,204
84,423
84,172
84,174
84,69
84,210
85,197
85,132
85,195
85,135
85,22
85,82
85,11
85,423
85,210
85,655
86,313
86,690
86,307
86,333
86,301
86,332
86,322
86,294
86,258
86,302
87,28
87,71
87,11
87,655
87,238
87,89
87,202
87,69
87,172
87,210
88,340
88,310
88,272
88,288
88,347
88,333
88,258
88,313
88,269
88,328
89,56
89,204
89,238
89,98
89,423
89,69
89,79
89,210
89,174
89,172
90,186
90,195
90,58
90,655
90,204
90,172
90,135
90,210
90,174
90,238
91,191
91,97
91,22
91,216
91,89
91,238
91,196
91,195
91,172
91,174
92,294
92,25
92,1
92,235
92,248
92,11
92,50
92,237
92,118
92,121
93,742
93,100
93,111
93,181
93,50
93,237
93,405
93,546
93,117
93,25
94,550
94,228
94,168
94,215
94,95
94,99
94,393
94,69
94,655
94,210
95,195
95,588
95,215
95,186
95,97
95,89
95,559
95,172
95,161
95,419
96,173
96,196
96,82
96,96
96,168
96,89
96,204
96,69
96,210
96,172
97,176
97,216
97,64
97,89
97,238
97,196
97,204
97,195
97,210
97,172
98,153
98,135
98,186
98,69
98,174
98,211
98,216
98,204
98,208
98,238
99,127
99,742
99,568
99,195
99,82
99,161
99,423
99,405
99,222
99,96
100,327
100,331
100,322
100,332
100,272
100,315
100,258
100,307
100,333
100,313
101,127
101,210
101,235
101,100
101,79
101,15
101,7
101,111
101,25
101,118
102,559
102,196
102,423
102,202
102,451
102,69
102,79
102,172
102,161
102,210
103,405
103,195
103,69
103,1
103,181
103,79
103,210
103,172
103,50
103,174
104,56
104,174
104,257
104,151
104,79
104,118
104,111
104,258
104,742
104,1
105,340
105,50
105,332
105,301
105,322
105,268
105,333
105,294
105,300
105,328
106,202
106,64
106,204
106,238
106,79
106,216
106,172
106,423
106,174
106,69
107,270
107,307
107,748
107,332
107,340
107,301
107,333
107,294
107,258
107,328
108,98
108,172
108,79
108,118
108,151
108,174
108,25
108,546
108,237
108,117
109,88
109,451
109,117
109,168
109,566
109,98
109,64
109,204
109,172
109,82
110,71
110,226
110,29
110,202
110,550
110,172
110,559
110,229
110,210
110,161
111,322
111,690
111,316
111,750
111,333
111,347
111,301
111,288
111,258
111,300
112,326
112,268
112,271
112,748
112,751
112,288
112,270
112,340
112,316
112,328
113,405
113,118
113,121
113,546
113,7
113,100
113,1
113,117
113,237
113,181
114,216
114,195
114,204
114,64
114,423
114,196
114,238
114,69
114,172
114,174
115,96
115,11
115,182
115,423
115,204
115,238
115,195
115,69
115,210
115,64
116,423
116,316
116,238
116,174
116,69
116,79
116,12
116,89
116,172
116,64
117,64
117,95
117,151
117,173
117,82
117,11
117,118
117,69
117,210
117,79
118,423
118,79
118,69
118,98
118,195
118,64
118,183
118,89
118,238
118,172
119,367
119,238
119,423
119,403
119,216
119,69
119,161
119,79
119,568
119,210
120,151
120,597
120,7
120,25
120,100
120,222
120,237
120,181
120,117
120,121
121,216
121,89
121,238
121,204
121,56
121,64
121,423
121,79
121,210
121,69
122,204
122,64
122,97
122,135
122,216
122,238
122,210
122,179
122,655
122,196
123,89
123,79
123,210
123,191
123,423
123,64
123,69
123,238
123,172
123,174
124,64
124,183
124,423
124,82
124,89
124,56
124,69
124,204
124,210
124,174
125,559
125,204
125,229
125,423
125,99
125,71
125,385
125,403
125,82
125,161
126,301
126,347
126,331
126,271
126,272
126,269
126,307
126,748
126,294
126,286
127,161
127,96
127,174
127,89
127,121
127,79
127,172
127,181
127,82
127,210
128,135
128,168
128,56
128,89
128,95
128,132
128,88
128,195
128,71
128,423
129,340
129,332
129,301
129,690
129,294
129,322
129,333
129,269
129,258
129,328
130,97
130,451
130,232
130,202
130,385
130,315
130,64
130,393
130,559
130,82
131,117
131,181
131,111
131,25
131,9
131,127
131,285
131,7
131,50
131,237
132,153
132,210
132,7
132,172
132,64
132,238
132,98
132,181
132,1
132,174
133,301
133,690
133,272
133,333
133,748
133,315
133,347
133,288
133,302
133,300
134,271
134,181
134,50
134,117
134,333
134,323
134,286
134,322
134,258
134,288
135,96
135,11
135,403
135,174
135,56
135,568
135,82
135,161
135,172
135,210
136,79
136,172
136,7
136,69
136,64
136,98
136,174
136,1
136,181
136,50
137,423
137,161
137,204
137,56
137,98
137,69
137,82
137,96
137,117
137,172
138,50
138,216
138,64
138,204
138,423
138,172
138,69
138,79
138,210
138,174
139,276
139,117
139,475
139,25
139,258
139,1
139,181
139,237
139,7
139,50
140,323
140,50
140,268
140,313
140,748
140,333
140,327
140,269
140,300
140,328
141,210
141,258
141,273
141,845
141,79
141,257
141,471
141,111
141,237
141,121
142,96
142,69
142,98
142,56
142,423
142,50
142,79
142,210
142,174
142,172
143,269
143,245
143,323
143,327
143,271
143,332
143,748
143,286
143,302
143,300
144,96
144,97
144,202
144,82
144,168
144,89
144,216
144,238
144,79
144,210
145,423
145,451
145,367
145,385
145,196
145,568
145,82
145,161
145,403
145,210
146,750
146,332
146,690
146,272
146,270
146,301
146,313
146,333
146,288
146,300
147,327
147,333
147,310
147,288
147,272
147,307
147,347
147,300
147,328
147,286
148,202
148,95
148,216
148,173
148,82
148,79
148,195
148,196
148,423
148,210
149,301
149,347
149,272
149,322
149,294
149,340
149,307
149,333
149,300
149,288
150,742
150,118
150,25
150,127
150,546
150,405
150,222
150,237
150,117
150,7
151,99
151,568
151,58
151,71
151,161
151,191
151,135
151,89
151,179
151,69
152,403
152,655
152,172
152,79
152,196
152,216
152,202
152,451
152,82
152,210
153,89
153,196
153,96
153,423
153,11
153,82
153,69
153,98
153,79
153,210
154,197
154,98
154,69
154,79
154,179
154,64
154,423
154,483
154,210
154,174
155,245
155,289
155,268
155,307
155,313
155,323
155,269
155,333
155,302
155,258
156,135
156,179
156,196
156,89
156,172
156,238
156,174
156,69
156,182
156,423
157,151
157,79
157,282
157,742
157,222
157,181
157,7
157,237
157,121
157,546
158,64
158,11
158,423
158,204
158,568
158,69
158,403
158,89
158,161
158,82
159,271
159,313
159,7
159,302
159,1
159,222
159,50
159,181
159,300
159,328
160,655
160,89
160,423
160,98
160,210
160,69
160,64
160,238
160,172
160,174
161,82
161,56
161,195
161,64
161,196
161,216
161,79
161,238
161,423
161,172
162,118
162,56
162,423
162,69
162,96
162,98
162,405
162,546
162,210
162,172
163,181
163,423
163,204
163,64
163,210
163,79
163,50
163,172
163,69
163,174
164,294
164,79
164,111
164,257
164,25
164,471
164,50
164,7
164,1
164,546
165,173
165,196
165,98
165,50
165,82
165,79
165,69
165,423
165,210
165,172
166,269
166,332
166,307
166,245
166,271
166,678
166,302
166,333
166,748
166,258
167,172
167,191
167,186
167,179
167,208
167,79
167,496
167,69
167,210
167,423
168,174
168,471
168,210
168,127
168,79
168,111
168,125
168,50
168,222
168,237
169,195
169,132
169,197
169,69
169,98
169,423
169,135
169,496
169,79
169,210
170,879
170,327
170,678
170,307
170,286
170,331
170,748
170,332
170,323
170,258
171,347
171,294
171,332
171,322
171,272
171,301
171,307
171,333
171,300
171,328
172,175
172,427
172,663
172,238
172,211
172,498
172,199
172,197
172,654
172,483
173,270
173,289
173,323
173,748
173,286
173,300
173,307
173,333
173,288
173,328
174,71
174,174
174,568
174,64
174,161
174,204
174,172
174,196
174,79
174,82
175,196
175,64
175,89
175,204
175,82
175,423
175,69
175,79
175,210
175,174
176,174
176,79
176,742
176,546
176,25
176,121
176,127
176,117
176,1
176,7
177,202
177,144
177,234
177,655
177,82
177,168
177,423
177,89
177,195
177,210
178,168
178,71
178,97
178,98
178,216
178,403
178,117
178,195
178,568
178,11
179,332
179,270
179,748
179,294
179,301
179,258
179,286
179,310
179,333
179,328
180,202
180,64
180,568
180,238
180,161
180,423
180,82
180,174
180,172
180,210
181,11
181,250
181,248
181,127
181,257
181,79
181,50
181,181
181,15
181,125
182,25
182,174
182,127
182,7
182,151
182,546
182,405
182,237
182,118
182,117
183,228
183,196
183,393
183,172
183,568
183,79
183,385
183,403
183,161
183,82
184,135
184,168
184,89
184,483
184,186
184,179
184,79
184,204
184,172
184,423
185,204
185,172
185,191
185,50
185,210
185,79
185,238
185,174
185,64
185,69
186,22
186,127
186,210
186,286
186,172
186,50
186,181
186,174
186,328
186,79
187,168
187,79
187,153
187,208
187,64
187,655
187,216
187,172
187,174
187,238
188,97
188,89
188,96
188,202
188,238
188,195
188,196
188,82
188,423
188,172
189,655
189,98
189,168
189,195
189,89
189,196
189,64
189,483
189,210
189,69
190,151
190,127
190,79
190,111
190,125
190,25
190,50
190,7
190,181
190,1
191,301
191,294
191,271
191,327
191,750
191,272
191,347
191,258
191,333
191,313
192,286
192,405
192,546
192,117
192,7
192,121
192,222
192,237
192,181
192,1
193,204
193,568
193,11
193,50
193,423
193,64
193,161
193,172
193,174
193,210
194,11
194,28
194,96
194,186
194,132
194,568
194,195
194,655
194,204
194,174
195,423
195,210
195,568
195,161
195,655
195,237
195,238
195,70
195,79
195,11
196,82
196,367
196,655
196,423
196,451
196,204
196,210
196,88
196,216
196,69
197,64
197,183
197,196
197,176
197,195
197,69
197,174
197,96
197,79
197,210
198,22
198,28
198,11
198,202
198,216
198,238
198,89
198,196
198,79
198,174
199,288
199,121
199,546
199,286
199,127
199,222
199,25
199,181
199,50
199,237
200,655
200,566
200,64
200,195
200,71
200,79
200,423
200,172
200,568
200,403
201,135
201,203
201,28
201,229
201,433
201,191
201,168
201,96
201,202
201,161
202,238
202,98
202,204
202,483
202,135
202,79
202,210
202,172
202,69
202,174
203,174
203,79
203,282
203,127
203,25
203,237
203,405
203,118
203,546
203,121
204,294
204,79
204,69
204,100
204,64
204,181
204,174
204,127
204,50
204,286
205,332
205,245
205,323
205,748
205,269
205,333
205,313
205,302
205,258
205,288
206,327
206,322
206,271
206,307
206,750
206,269
206,333
206,347
206,286
206,328
207,132
207,234
207,196
207,403
207,79
207,238
207,56
207,89
207,216
207,172
208,135
208,172
208,202
208,174
208,423
208,69
208,204
208,238
208,216
208,210
209,121
209,174
209,117
209,25
209,258
209,222
209,237
209,7
209,127
209,100
210,95
210,89
210,186
210,195
210,64
210,161
210,216
210,196
210,204
210,82
211,204
211,202
211,82
211,196
211,172
211,174
211,210
211,50
211,69
211,79
212,210
212,238
212,196
212,357
212,135
212,174
212,64
212,191
212,483
212,69
213,161
213,96
213,82
213,196
213,56
213,89
213,195
213,423
213,69
213,210
214,175
214,11
214,50
214,96
214,135
214,655
214,216
214,204
214,423
214,210
215,655
215,97
215,173
215,168
215,56
215,161
215,96
215,79
215,69
215,172
216,89
216,216
216,96
216,195
216,204
216,82
216,161
216,238
216,174
216,210
217,228
217,69
217,68
217,226
217,144
217,195
217,89
217,172
217,229
217,161
218,216
218,69
218,64
218,89
218,238
218,195
218,210
218,174
218,79
218,172
219,174
219,655
219,172
219,64
219,70
219,79
219,216
219,69
219,238
219,423
220,271
220,748
220,307
220,313
220,327
220,322
220,286
220,302
220,258
220,328
221,22
221,89
221,238
221,196
221,423
221,82
221,50
221,64
221,11
221,79
222,179
222,550
222,228
222,99
222,226
222,204
222,174
222,71
222,172
222,69
223,172
223,50
223,222
223,181
223,111
223,210
223,69
223,405
223,79
223,117
224,71
224,79
224,451
224,215
224,97
224,210
224,393
224,82
224,161
224,69
225,498
225,79
225,69
225,172
225,135
225,197
225,174
225,496
225,199
225,483
226,168
226,195
226,204
226,196
226,238
226,423
226,64
226,79
226,210
226,172
227,118
227,282
227,111
227,127
227,181
227,742
227,117
227,546
227,1
227,237
228,127
228,238
228,79
228,204
228,64
228,210
228,174
228,172
228,50
228,69
229,690
229,271
229,294
229,327
229,310
229,307
229,258
229,333
229,269
229,300
230,191
230,403
230,135
230,655
230,173
230,64
230,89
230,204
230,423
230,210
231,174
231,257
231,172
231,258
231,100
231,546
231,237
231,118
231,222
231,117
232,195
232,97
232,135
232,79
232,168
232,216
232,210
232,172
232,238
232,174
233,132
233,28
233,195
233,96
233,173
233,238
233,79
233,181
233,210
233,172
234,175
234,58
234,211
234,197
234,143
234,202
234,132
234,82
234,179
234,210
235,98
235,89
235,216
235,204
235,195
235,238
235,64
235,423
235,172
235,210
236,135
236,89
236,202
236,56
236,82
236,195
236,64
236,238
236,204
236,423
237,216
237,89
237,210
237,357
237,79
237,172
237,197
237,69
237,135
237,174
238,7
238,100
238,282
238,25
238,222
238,50
238,742
238,117
238,1
238,121
239,199
239,655
239,191
239,423
239,89
239,197
239,216
239,172
239,174
239,483
240,748
240,271
240,327
240,322
240,294
240,269
240,333
240,258
240,286
240,328
241,271
241,748
241,269
241,327
241,322
241,307
241,333
241,286
241,258
241,328
242,222
242,181
242,546
242,405
242,742
242,50
242,117
242,121
242,100
242,25
243,204
243,172
243,191
243,210
243,174
243,79
243,97
243,64
243,216
243,238
244,202
244,403
244,568
244,216
244,238
244,655
244,79
244,82
244,423
244,210
245,25
245,79
245,172
245,174
245,405
245,118
245,546
245,117
245,1
245,121
246,64
246,655
246,89
246,71
246,568
246,229
246,403
246,69
246,79
246,161
247,405
247,98
247,69
247,127
247,237
247,79
247,117
247,172
247,210
247,174
248,238
248,82
248,173
248,89
248,423
248,204
248,181
248,195
248,69
248,56
249,173
249,183
249,202
249,655
249,204
249,238
249,196
249,82
249,64
249,69
250,161
250,11
250,168
250,173
250,82
250,204
250,423
250,79
250,210
250,172
251,96
251,7
251,56
251,423
251,98
251,69
251,546
251,210
251,174
251,121
252,111
252,15
252,222
252,117
252,25
252,127
252,181
252,7
252,237
252,50
253,202
253,161
253,238
253,204
253,195
253,196
253,423
253,69
253,174
253,172
254,143
254,568
254,202
254,385
254,89
254,196
254,79
254,95
254,69
254,161
255,559
255,56
255,172
255,82
255,210
255,50
255,161
255,11
255,79
255,546
256,204
256,56
256,95
256,559
256,71
256,423
256,196
256,393
256,69
256,172
257,222
257,172
257,117
257,98
257,174
257,25
257,7
257,127
257,1
257,50
258,301
258,307
258,271
258,323
258,269
258,333
258,322
258,313
258,302
258,258
259,69
259,423
259,238
259,11
259,82
259,568
259,174
259,367
259,79
259,210
260,245
260,323
260,271
260,331
260,332
260,286
260,333
260,294
260,302
260,328
261,286
261,546
261,333
261,742
261,678
261,323
261,237
261,748
261,258
261,328
262,97
262,168
262,403
262,202
262,655
262,71
262,79
262,161
262,196
262,69
263,496
263,96
263,191
263,89
263,216
263,64
263,135
263,238
263,172
263,210
264,195
264,64
264,89
264,423
264,79
264,69
264,655
264,174
264,172
264,238
265,127
265,597
265,15
265,125
265,25
265,222
265,405
265,121
265,546
265,117
266,285
266,15
266,181
266,286
266,111
266,117
266,127
266,7
266,50
266,1
267,168
267,64
267,204
267,423
267,11
267,196
267,96
267,89
267,79
267,403
268,367
268,216
268,385
268,64
268,202
268,195
268,196
268,174
268,69
268,172
269,496
269,143
269,180
269,203
269,97
269,433
269,79
269,135
269,89
269,179
270,238
270,11
270,568
270,423
270,82
270,161
270,559
270,69
270,172
270,210
271,98
271,161
271,483
271,132
271,195
271,202
271,655
271,82
271,79
271,174
272,135
272,196
272,168
272,89
272,423
272,195
272,64
272,69
272,210
272,172
273,333
273,286
273,301
273,310
273,270
273,300
273,269
273,750
273,302
273,347
274,151
274,222
274,172
274,25
274,174
274,50
274,210
274,79
274,1
274,121
275,97
275,71
275,403
275,195
275,204
275,161
275,79
275,423
275,82
275,172
276,127
276,191
276,22
276,218
276,226
276,58
276,216
276,12
276,82
276,210
277,79
277,127
277,151
277,282
277,118
277,222
277,742
277,7
277,546
277,237
278,172
278,56
278,174
278,328
278,181
278,127
278,100
278,300
278,50
278,258
279,232
279,11
279,95
279,161
279,82
279,393
279,559
279,29
279,568
279,229
280,28
280,566
280,143
280,89
280,97
280,238
280,64
280,655
280,196
280,161
281,327
281,331
281,323
281,313
281,286
281,307
281,302
281,294
281,300
281,328
282,301
282,245
282,269
282,271
282,322
282,332
282,313
282,286
282,258
282,328
283,195
283,82
283,196
283,202
283,79
283,423
283,69
283,172
283,174
283,210
284,331
284,271
284,294
284,268
284,270
284,307
284,327
284,333
284,288
284,313
285,210
285,79
285,69
285,56
285,127
285,172
285,181
285,98
285,174
285,50
286,367
286,568
286,69
286,82
286,451
286,559
286,71
286,196
286,161
286,393
287,258
287,300
287,750
287,315
287,272
287,333
287,271
287,288
287,302
287,328
288,238
288,135
288,195
288,89
288,56
288,204
288,98
288,423
288,79
288,172
289,111
289,257
289,50
289,181
289,237
289,25
289,597
289,118
289,117
289,546
290,56
290,655
290,238
290,89
290,173
290,568
290,96
290,195
290,79
290,210
291,68
291,56
291,451
291,559
291,64
291,229
291,196
291,393
291,172
291,161
292,216
292,82
292,135
292,196
292,238
292,89
292,204
292,69
292,210
292,172
293,98
293,483
293,99
293,191
293,96
293,186
293,195
293,204
293,89
293,82
294,89
294,210
294,174
294,127
294,423
294,69
294,172
294,742
294,64
294,11
295,28
295,64
295,173
295,195
295,568
295,393
295,238
295,196
295,172
295,69
296,196
296,168
296,135
296,216
296,483
296,195
296,423
296,64
296,69
296,174
297,655
297,179
297,127
297,12
297,96
297,11
297,82
297,216
297,64
297,172
298,89
298,135
298,64
298,216
298,82
298,195
298,238
298,204
298,423
298,174
299,559
299,161
299,172
299,204
299,69
299,403
299,82
299,196
299,451
299,216
300,121
300,1
300,181
300,742
300,286
300,237
300,50
300,748
300,117
300,258
301,234
301,98
301,186
301,144
301,238
301,216
301,71
301,385
301,204
301,195
302,331
302,286
302,302
302,258
302,748
302,327
302,332
302,678
302,288
302,300
303,153
303,97
303,173
303,95
303,96
303,367
303,89
303,655
303,196
303,403
304,405
304,181
304,121
304,300
304,1
304,258
304,328
304,117
304,546
304,294
305,161
305,132
305,186
305,191
305,82
305,179
305,216
305,79
305,423
305,238
306,276
306,127
306,7
306,124
306,137
306,50
306,1
306,14
306,286
306,237
307,195
307,238
307,98
307,216
307,161
307,79
307,95
307,96
307,69
307,210
308,208
308,135
308,229
308,132
308,97
308,186
308,204
308,174
308,79
308,161
309,307
309,289
309,301
309,327
309,294
309,269
309,322
309,288
309,302
309,328
310,25
310,151
310,405
310,117
310,111
310,127
310,100
310,237
310,121
310,1
311,96
311,95
311,451
311,132
311,195
311,385
311,97
311,229
311,204
311,174
312,196
312,79
312,89
312,216
312,210
312,135
312,172
312,197
312,423
312,238
313,98
313,419
313,183
313,173
313,179
313,202
313,238
313,196
313,79
313,82
314,229
314,196
314,385
314,79
314,559
314,210
314,568
314,403
314,82
314,451
315,195
315,423
315,89
315,655
315,216
315,69
315,210
315,64
315,174
315,172
316,357
316,79
316,196
316,135
316,210
316,238
316,216
316,423
316,64
316,483
317,286
317,327
317,323
317,332
317,748
317,307
317,258
317,302
317,333
317,294
318,135
318,655
318,97
318,202
318,161
318,82
318,79
318,204
318,172
318,196
319,316
319,310
319,300
319,690
319,288
319,751
319,328
319,272
319,315
319,347
320,196
320,393
320,559
320,226
320,174
320,69
320,11
320,96
320,229
320,210
321,211
321,204
321,210
321,69
321,179
321,498
321,172
321,423
321,135
321,238
322,195
322,56
322,357
322,135
322,69
322,423
322,79
322,238
322,172
322,174
323,11
323,195
323,222
323,237
323,7
323,117
323,423
323,1
323,69
323,174
324,25
324,405
324,222
324,100
324,121
324,7
324,181
324,117
324,546
324,237
325,64
325,168
325,179
325,79
325,132
325,89
325,204
325,238
325,69
325,423
326,202
326,168
326,179
326,216
326,186
326,238
326,79
326,161
326,69
326,423
327,182
327,208
327,97
327,135
327,173
327,186
327,89
327,195
327,64
327,204
328,179
328,202
328,56
328,238
328,89
328,196
328,568
328,174
328,161
328,210
329,69
329,237
329,1
329,210
329,56
329,172
329,64
329,127
329,79
329,174
330,28
330,403
330,568
330,655
330,173
330,97
330,161
330,79
330,196
330,172
331,89
331,196
331,172
331,79
331,69
331,179
331,655
331,423
331,174
331,64
332,7
332,1
332,229
332,196
332,202
332,423
332,403
332,568
332,69
332,161
333,173
333,202
333,56
333,423
333,204
333,216
333,50
333,69
333,172
333,210
334,357
334,96
334,97
334,98
334,186
334,191
334,202
334,82
334,195
334,64
335,690
335,331
335,332
335,301
335,327
335,748
335,286
335,258
335,294
335,302
336,423
336,204
336,403
336,568
336,82
336,172
336,161
336,79
336,69
336,210
337,172
337,79
337,229
337,118
337,82
337,546
337,210
337,405
337,117
337,1
338,89
338,357
338,191
338,179
338,496
338,69
338,423
338,172
338,199
338,238
339,568
339,98
339,96
339,357
339,202
339,216
339,79
339,69
339,172
339,210
340,195
340,168
340,97
340,216
340,196
340,202
340,79
340,82
340,69
340,210
341,678
341,879
341,333
341,748
341,307
341,299
341,322
341,332
341,331
341,328
342,153
342,195
342,89
342,168
342,79
342,64
342,210
342,423
342,172
342,69
343,96
343,161
343,204
343,195
343,216
343,196
343,79
343,69
343,172
343,210
344,11
344,168
344,50
344,655
344,82
344,56
344,196
344,423
344,64
344,238
345,143
345,173
345,89
345,195
345,88
345,97
345,202
345,216
345,82
345,423
346,176
346,183
346,22
346,204
346,566
346,222
346,69
346,229
346,568
346,82
347,22
347,238
347,202
347,89
347,196
347,64
347,161
347,82
347,69
347,79
348,1047
348,111
348,235
348,50
348,181
348,125
348,282
348,222
348,7
348,597
349,111
349,125
349,597
349,282
349,7
349,25
349,1
349,117
349,405
349,742
350,64
350,357
350,56
350,135
350,238
350,89
350,69
350,423
350,204
350,79
351,310
351,750
351,690
351,331
351,271
351,294
351,258
351,333
351,302
351,300
352,173
352,64
352,168
352,82
352,423
352,89
352,204
352,69
352,96
352,79
353,258
353,272
353,269
353,307
353,347
353,288
353,313
353,690
353,333
353,302
354,132
354,196
354,204
354,70
354,172
354,64
354,210
354,191
354,69
354,179
355,332
355,690
355,269
355,327
355,313
355,302
355,333
355,294
355,300
355,258
356,332
356,323
356,269
356,748
356,271
356,245
356,750
356,286
356,258
356,302
357,471
357,79
357,100
357,15
357,181
357,50
357,282
357,25
357,597
357,118
358,89
358,428
358,170
358,135
358,423
358,197
358,69
358,483
358,216
358,238
359,257
359,127
359,237
359,100
359,597
359,742
359,222
359,50
359,117
359,121
360,168
360,97
360,216
360,89
360,196
360,135
360,98
360,204
360,210
360,174
361,195
361,196
361,89
361,204
361,64
361,423
361,172
361,69
361,174
361,210
362,245
362,326
362,269
362,301
362,271
362,307
362,327
362,286
362,258
362,300
363,71
363,28
363,367
363,95
363,385
363,202
363,204
363,655
363,64
363,174
364,748
364,301
364,332
364,333
364,327
364,322
364,258
364,328
364,300
364,286
365,405
365,742
365,286
365,546
365,111
365,121
365,117
365,181
365,50
365,237
366,226
366,68
366,179
366,403
366,183
366,665
366,447
366,229
366,218
366,559
367,218
367,403
367,89
367,11
367,174
367,559
367,79
367,210
367,172
367,56
368,559
368,195
368,11
368,82
368,176
368,50
368,174
368,79
368,210
368,172
369,204
369,56
369,423
369,64
369,79
369,173
369,98
369,69
369,210
369,174
370,196
370,197
370,216
370,168
370,89
370,204
370,79
370,483
370,69
370,172
371,96
371,216
371,89
371,238
371,195
371,204
371,196
371,82
371,79
371,172
372,568
372,226
372,69
372,82
372,161
372,11
372,56
372,210
372,172
372,559
373,135
373,28
373,143
373,173
373,186
373,568
373,97
373,79
373,204
373,210
374,22
374,655
374,216
374,117
374,204
374,385
374,11
374,568
374,69
374,161
375,568
375,98
375,96
375,403
375,172
375,56
375,82
375,161
375,210
375,79
376,25
376,64
376,127
376,56
376,1
376,172
376,79
376,69
376,174
376,50
377,96
377,64
377,204
377,69
377,210
377,181
377,79
377,172
377,50
377,174
378,173
378,215
378,195
378,97
378,403
378,216
378,174
378,196
378,172
378,69
379,483
379,229
379,191
379,186
379,132
379,204
379,202
379,216
379,423
379,210
380,202
380,191
380,655
380,82
380,195
380,216
380,64
380,204
380,210
380,69
381,143
381,64
381,82
381,79
381,238
381,172
381,210
381,423
381,174
381,69
382,56
382,483
382,204
382,210
382,79
382,69
382,64
382,238
382,172
382,174
383,655
383,423
383,69
383,179
383,64
383,191
383,172
383,216
383,174
383,483
384,332
384,245
384,315
384,301
384,271
384,307
384,269
384,322
384,294
384,288
385,433
385,168
385,210
385,423
385,655
385,69
385,64
385,175
385,216
385,179
386,100
386,237
386,151
386,210
386,172
386,174
386,7
386,79
386,405
386,1
387,216
387,168
387,568
387,204
387,179
387,89
387,196
387,238
387,195
387,82
388,294
388,405
388,79
388,222
388,258
388,7
388,181
388,50
388,546
388,117
389,357
389,89
389,168
389,97
389,195
389,655
389,196
389,172
389,216
389,210
390,25
390,121
390,288
390,7
390,117
390,222
390,127
390,258
390,237
390,50
391,216
391,196
391,135
391,204
391,423
391,238
391,79
391,210
391,172
391,174
392,179
392,204
392,210
392,423
392,79
392,483
392,69
392,64
392,238
392,172
393,28
393,216
393,204
393,550
393,64
393,232
393,172
393,88
393,226
393,229
394,655
394,64
394,71
394,56
394,393
394,11
394,204
394,196
394,95
394,423
395,82
395,204
395,117
395,423
395,222
395,79
395,121
395,69
395,210
395,172
396,235
396,15
396,111
396,79
396,50
396,7
396,282
396,181
396,597
396,405
397,50
397,216
397,168
397,204
397,89
397,98
397,238
397,64
397,79
397,69
398,143
398,153
398,98
398,89
398,161
398,202
398,195
398,238
398,69
398,210
399,216
399,195
399,99
399,204
399,174
399,89
399,367
399,202
399,95
399,403
400,307
400,323
400,327
400,289
400,50
400,271
400,313
400,333
400,322
400,302
401,89
401,98
401,496
401,195
401,82
401,132
401,64
401,238
401,79
401,423
402,117
402,423
402,64
402,56
402,69
402,98
402,210
402,79
402,172
402,174
403,210
403,174
403,125
403,15
403,79
403,7
403,25
403,742
403,237
403,181
404,340
404,50
404,181
404,326
404,268
404,307
404,313
404,271
404,333
404,322
405,95
405,168
405,195
405,174
405,186
405,79
405,69
405,423
405,161
405,210
406,71
406,143
406,135
406,496
406,82
406,161
406,89
406,216
406,196
406,423
407,202
407,89
407,168
407,64
407,546
407,98
407,100
407,11
407,117
407,79
408,690
408,301
408,332
408,307
408,268
408,322
408,269
408,333
408,300
408,258
409,208
409,655
409,196
409,191
409,204
409,132
409,64
409,423
409,69
409,238
410,294
410,310
410,322
410,307
410,333
410,288
410,313
410,750
410,347
410,302
411,98
411,216
411,64
411,96
411,196
411,204
411,423
411,82
411,69
411,174
412,238
412,64
412,196
412,204
412,168
412,423
412,79
412,210
412,69
412,174
413,111
413,742
413,546
413,294
413,288
413,121
413,117
413,127
413,237
413,1
414,7
414,322
414,268
414,269
414,181
414,271
414,50
414,333
414,328
414,286
415,196
415,50
415,195
415,423
415,64
415,79
415,69
415,210
415,98
415,172
416,168
416,173
416,96
416,89
416,11
416,202
416,568
416,238
416,82
416,423
417,99
417,195
417,385
417,174
417,204
417,71
417,568
417,229
417,79
417,403
418,269
418,271
418,332
418,322
418,748
418,307
418,286
418,258
418,294
418,300
419,121
419,64
419,222
419,127
419,204
419,56
419,423
419,210
419,98
419,172
420,7
420,12
420,98
420,237
420,483
420,197
420,238
420,275
420,174
420,50
421,196
421,168
421,204
421,238
421,69
421,64
421,195
421,210
421,172
421,174
422,183
422,403
422,82
422,229
422,443
422,172
422,161
422,56
422,11
422,79
423,121
423,271
423,1
423,50
423,748
423,181
423,117
423,742
423,294
423,288
424,151
424,174
424,25
424,98
424,121
424,7
424,222
424,117
424,237
424,181
425,173
425,423
425,196
425,655
425,179
425,216
425,238
425,79
425,89
425,69
426,216
426,357
426,179
426,172
426,69
426,423
426,238
426,498
426,135
426,199
427,326
427,748
427,690
427,307
427,258
427,294
427,333
427,327
427,331
427,288
428,286
428,270
428,327
428,689
428,313
428,300
428,333
428,331
428,347
428,328
429,385
429,451
429,393
429,135
429,153
429,96
429,11
429,97
429,71
429,172
430,204
430,89
430,7
430,423
430,1
430,69
430,210
430,79
430,172
430,174
431,678
431,326
431,331
431,313
431,307
431,333
431,748
431,258
431,288
431,328
432,125
432,127
432,597
432,151
432,100
432,25
432,282
432,742
432,237
432,117
433,64
433,56
433,100
433,69
433,1
433,79
433,127
433,181
433,98
433,172
434,181
434,222
434,282
434,597
434,111
434,117
434,405
434,742
434,25
434,121
435,99
435,176
435,97
435,385
435,238
435,204
435,655
435,195
435,69
435,172
436,64
436,202
436,172
436,196
436,79
436,403
436,69
436,82
436,210
436,161
437,568
437,403
437,64
437,132
437,97
437,79
437,82
437,216
437,423
437,69
438,151
438,125
438,111
438,25
438,222
438,742
438,405
438,546
438,237
438,117
439,222
439,181
439,111
439,121
439,25
439,546
439,50
439,742
439,117
439,1
440,333
440,270
440,288
440,170
440,347
440,313
440,268
440,302
440,269
440,286
441,742
441,127
441,118
441,546
441,222
441,405
441,121
441,50
441,181
441,237
442,173
442,655
442,423
442,204
442,64
442,196
442,195
442,96
442,403
442,568
443,748
443,322
443,313
443,181
443,333
443,50
443,300
443,302
443,328
443,288
444,222
444,7
444,117
444,294
444,237
444,1
444,127
444,288
444,258
444,181
445,89
445,405
445,238
445,423
445,11
445,222
445,69
445,210
445,98
445,172
446,245
446,323
446,313
446,271
446,294
446,331
446,258
446,333
446,286
446,300
447,196
447,161
447,11
447,64
447,195
447,82
447,121
447,423
447,172
447,210
448,331
448,268
448,333
448,272
448,313
448,690
448,300
448,301
448,347
448,328
449,50
449,25
449,582
449,12
449,216
449,7
449,64
449,237
449,70
449,238
450,8
450,22
450,203
450,56
450,191
450,179
450,393
450,403
450,568
450,196
451,330
451,343
451,310
451,340
451,259
451,313
451,271
451,302
451,323
451,333
452,56
452,202
452,168
452,483
452,186
452,82
452,204
452,216
452,196
452,238
453,215
453,232
453,79
453,11
453,29
453,367
453,559
453,71
453,403
453,161
454,393
454,186
454,168
454,135
454,98
454,95
454,403
454,64
454,216
454,69
455,202
455,22
455,403
455,50
455,195
455,196
455,423
455,64
455,210
455,69
456,96
456,568
456,132
456,11
456,89
456,82
456,195
456,196
456,64
456,79
457,95
457,71
457,97
457,195
457,655
457,204
457,238
457,196
457,161
457,69
458,168
458,357
458,655
458,196
458,135
458,89
458,216
458,210
458,238
458,172
459,151
459,56
459,597
459,69
459,174
459,210
459,237
459,222
459,118
459,117
460,111
460,546
460,273
460,121
460,222
460,258
460,25
460,181
460,50
460,237
461,269
461,237
461,1
461,100
461,300
461,328
461,127
461,181
461,288
461,286
462,237
462,127
462,50
462,748
462,302
462,333
462,286
462,258
462,328
462,294
463,127
463,248
463,257
463,118
463,742
463,405
463,222
463,117
463,546
463,181
464,1
464,98
464,333
464,100
464,56
464,172
464,174
464,79
464,127
464,181
465,196
465,195
465,483
465,168
465,204
465,79
465,238
465,210
465,69
465,172
466,173
466,222
466,196
466,204
466,423
466,385
466,64
466,50
466,69
466,195
467,248
467,250
467,127
467,237
467,546
467,121
467,405
467,117
467,181
467,7
468,183
468,186
468,11
468,28
468,202
468,168
468,196
468,79
468,210
468,174
469,132
469,357
469,191
469,427
469,238
469,174
469,135
469,496
469,498
469,197
470,282
470,111
470,151
470,127
470,25
470,405
470,121
470,117
470,7
470,237
471,79
471,69
471,143
471,204
471,419
471,210
471,161
471,393
471,423
471,71
472,566
472,238
472,56
472,89
472,144
472,451
472,204
472,79
472,568
472,210
473,181
473,1
473,248
473,286
473,50
473,237
473,475
473,285
473,100
473,7
474,58
474,96
474,143
474,202
474,186
474,97
474,82
474,135
474,196
474,64
475,237
475,174
475,300
475,269
475,181
475,328
475,50
475,272
475,288
475,286
476,568
476,196
476,88
476,172
476,82
476,238
476,403
476,161
476,69
476,393
477,82
477,117
477,216
477,66
477,202
477,367
477,210
477,237
477,111
477,393
478,89
478,216
478,56
478,82
478,238
478,64
478,423
478,174
478,172
478,210
479,186
479,11
479,97
479,56
479,176
479,64
479,98
479,423
479,69
479,172
480,135
480,216
480,168
480,195
480,204
480,69
480,238
480,79
480,210
480,172
481,168
481,186
481,196
481,202
481,195
481,79
481,423
481,69
481,172
481,174
482,117
482,322
482,333
482,237
482,100
482,1
482,302
482,300
482,181
482,258
483,202
483,79
483,174
483,89
483,216
483,172
483,71
483,423
483,95
483,69
484,238
484,655
484,168
484,64
484,229
484,403
484,96
484,568
484,196
484,161
485,307
485,272
485,340
485,268
485,327
485,301
485,322
485,333
485,258
485,300
486,13
486,79
486,15
486,276
486,597
486,471
486,127
486,100
486,118
486,50
487,451
487,238
487,216
487,655
487,195
487,89
487,423
487,172
487,568
487,79
488,179
488,143
488,95
488,161
488,202
488,64
488,89
488,195
488,204
488,423
489,304
489,299
489,751
489,272
489,316
489,347
489,326
489,690
489,271
489,300
490,172
490,79
490,174
490,405
490,25
490,546
490,100
490,121
490,117
490,7
491,137
491,181
491,98
491,79
491,56
491,174
491,238
491,182
491,64
491,50
492,89
492,172
492,357
492,427
492,179
492,174
492,135
492,423
492,238
492,197
493,117
493,568
493,161
493,196
493,204
493,50
493,56
493,195
493,64
493,210
494,168
494,216
494,196
494,195
494,56
494,79
494,423
494,210
494,69
494,172
495,216
495,99
495,238
495,96
495,202
495,89
495,79
495,69
495,161
495,210
496,71
496,403
496,204
496,96
496,82
496,423
496,161
496,79
496,69
496,210
497,168
497,64
497,204
497,559
497,196
497,69
497,172
497,568
497,210
497,82
498,96
498,204
498,196
498,483
498,655
498,216
498,56
498,195
498,69
498,210
499,89
499,168
499,216
499,196
499,195
499,204
499,79
499,64
499,423
499,172
500,655
500,222
500,202
500,161
500,11
500,50
500,196
500,204
500,64
500,79
501,15
501,235
501,597
501,222
501,25
501,50
501,1
501,742
501,405
501,117
502,327
502,245
502,302
502,879
502,332
502,331
502,258
502,748
502,322
502,300
503,64
503,56
503,89
503,191
503,202
503,655
503,196
503,204
503,69
503,238
504,89
504,95
504,559
504,64
504,229
504,97
504,655
504,568
504,79
504,172
505,143
505,403
505,64
505,28
505,216
505,89
505,96
505,196
505,82
505,210
506,188
506,559
506,22
506,11
506,79
506,566
506,172
506,229
506,82
506,568
507,237
507,127
507,742
507,7
507,405
507,300
507,1
507,328
507,546
507,258
508,135
508,96
508,161
508,89
508,64
508,168
508,69
508,172
508,210
508,174
509,172
509,333
509,1
509,222
509,100
509,313
509,127
509,300
509,294
509,286
510,271
510,181
510,307
510,327
510,313
510,332
510,678
510,302
510,748
510,328
511,327
511,323
511,286
511,748
511,271
511,332
511,307
511,258
511,302
511,328
512,423
512,56
512,127
512,64
512,79
512,181
512,98
512,172
512,210
512,174
513,204
513,151
513,98
513,423
513,82
513,79
513,405
513,172
513,174
513,1
514,98
514,56
514,181
514,288
514,204
514,238
514,82
514,79
514,172
514,210
515,331
515,272
515,245
515,327
515,301
515,323
515,269
515,333
515,313
515,328
516,191
516,238
516,135
516,69
516,210
516,64
516,204
516,172
516,423
516,174
517,7
517,151
517,172
517,210
517,174
517,79
517,100
517,118
517,546
517,121
518,471
518,50
518,181
518,15
518,111
518,282
518,1
518,597
518,118
518,117
519,270
519,271
519,310
519,300
519,750
519,322
519,292
519,302
519,307
519,331
520,275
520,181
520,127
520,1
520,50
520,328
520,294
520,237
520,288
520,258
521,98
521,64
521,56
521,173
521,403
521,568
521,196
521,423
521,82
521,210
522,238
522,210
522,483
522,195
522,204
522,69
522,89
522,172
522,64
522,174
523,82
523,88
523,79
523,202
523,423
523,172
523,238
523,216
523,69
523,174
524,56
524,202
524,97
524,132
524,195
524,161
524,655
524,89
524,196
524,69
525,127
525,471
525,79
525,181
525,7
525,50
525,222
525,117
525,546
525,121
526,222
526,127
526,742
526,1
526,546
526,286
526,258
526,117
526,50
526,237
527,191
527,179
527,483
527,196
527,216
527,98
527,89
527,195
527,79
527,174
528,97
528,82
528,195
528,64
528,98
528,216
528,204
528,196
528,174
528,172
529,289
529,879
529,301
529,268
529,678
529,313
529,307
529,748
529,302
529,333
530,56
530,204
530,82
530,97
530,161
530,423
530,216
530,79
530,69
530,210
531,301
531,310
531,322
531,307
531,313
531,333
531,269
531,294
531,258
531,328
532,216
532,204
532,202
532,64
532,89
532,174
532,196
532,423
532,172
532,69
533,95
533,28
533,97
533,11
533,196
533,64
533,174
533,172
533,210
533,79
534,284
534,471
534,79
534,50
534,100
534,181
534,111
534,222
534,118
534,1
535,153
535,175
535,208
535,89
535,135
535,191
535,204
535,179
535,216
535,69
536,238
536,97
536,216
536,202
536,195
536,89
536,196
536,161
536,423
536,172
537,71
537,11
537,209
537,153
537,175
537,132
537,357
537,211
537,161
537,64
538,186
538,132
538,357
538,234
538,22
538,161
538,64
538,98
538,69
538,210
539,98
539,168
539,64
539,197
539,210
539,191
539,216
539,172
539,423
539,174
540,125
540,15
540,127
540,151
540,282
540,118
540,181
540,237
540,546
540,117
541,216
541,451
541,403
541,568
541,385
541,202
541,161
541,71
541,69
541,210
542,97
542,98
542,96
542,202
542,161
542,216
542,82
542,79
542,174
542,69
543,203
543,568
543,82
543,196
543,655
543,89
543,69
543,56
543,238
543,172
544,347
544,340
544,323
544,301
544,307
544,690
544,269
544,322
544,333
544,294
545,230
545,176
545,11
545,228
545,64
545,655
545,89
545,71
545,568
545,161
546,183
546,7
546,174
546,1
546,117
546,56
546,210
546,79
546,172
546,181
547,271
547,347
547,322
547,333
547,288
547,269
547,286
547,313
547,272
547,300
548,96
548,69
548,64
548,56
548,1
548,11
548,174
548,405
548,210
548,172
549,25
549,79
549,172
549,174
549,151
549,237
549,7
549,546
549,222
549,117
550,25
550,7
550,127
550,100
550,742
550,546
550,118
550,237
550,117
550,50
551,4
551,367
551,56
551,204
551,195
551,385
551,174
551,96
551,568
551,403
552,235
552,79
552,125
552,111
552,7
552,597
552,282
552,222
552,117
552,546
553,216
553,179
553,64
553,498
553,204
553,195
553,357
553,210
553,69
553,172
554,89
554,568
554,195
554,96
554,216
554,64
554,161
554,196
554,423
554,210
555,210
555,172
555,151
555,174
555,127
555,79
555,237
555,222
555,121
555,1
556,191
556,357
556,210
556,423
556,79
556,197
556,238
556,69
556,483
556,174
557,195
557,7
557,69
557,181
557,210
557,56
557,174
557,172
557,79
557,64
558,111
558,475
558,1
558,276
558,127
558,13
558,9
558,25
558,286
558,237
559,97
559,161
559,655
559,216
559,89
559,82
559,64
559,79
559,423
559,172
560,64
560,56
560,117
560,127
560,69
560,210
560,121
560,172
560,79
560,174
561,132
561,568
561,135
561,202
561,186
561,82
561,89
561,174
561,161
561,238
562,202
562,238
562,195
562,216
562,196
562,82
562,423
562,69
562,172
562,210
563,69
563,202
563,121
563,393
563,204
563,174
563,161
563,79
563,82
563,210
564,174
564,100
564,79
564,7
564,742
564,237
564,405
564,1
564,222
564,546
565,197
565,175
565,433
565,60
565,631
565,198
565,428
565,509
565,582
565,529
566,132
566,56
566,568
566,195
566,216
566,238
566,196
566,79
566,172
566,174
567,216
567,180
567,175
567,496
567,69
567,210
567,64
567,172
567,238
567,483
568,172
568,69
568,480
568,174
568,654
568,211
568,238
568,498
568,496
568,197
569,257
569,276
569,79
569,597
569,282
569,127
569,151
569,100
569,742
569,181
570,340
570,294
570,270
570,313
570,307
570,333
570,300
570,258
570,328
570,269
571,423
571,64
571,69
571,168
571,204
571,210
571,238
571,98
571,483
571,172
572,127
572,546
572,405
572,181
572,50
572,117
572,25
572,7
572,1
572,237
573,197
573,135
573,199
573,238
573,195
573,64
573,483
573,69
573,210
573,172
574,315
574,322
574,307
574,271
574,690
574,294
574,301
574,333
574,347
574,313
575,204
575,56
575,64
575,423
575,195
575,79
575,69
575,210
575,172
575,174
576,127
576,405
576,118
576,210
576,25
576,174
576,222
576,237
576,117
576,121
577,451
577,566
577,238
577,56
577,89
577,195
577,95
577,71
577,423
577,161
578,742
578,546
578,405
578,1
578,121
578,7
578,50
578,328
578,117
578,181
579,82
579,168
579,64
579,98
579,196
579,79
579,423
579,216
579,172
579,174
580,172
580,174
580,111
580,79
580,127
580,742
580,237
580,7
580,118
580,117
581,25
581,124
581,151
581,117
581,121
581,174
581,98
581,237
581,127
581,1
582,174
582,235
582,273
582,79
582,127
582,282
582,111
582,181
582,546
582,121
583,179
583,89
583,216
583,64
583,168
583,69
583,174
583,210
583,172
583,238
584,196
584,385
584,95
584,89
584,568
584,96
584,79
584,403
584,174
584,210
585,709
585,197
585,212
585,179
585,428
585,792
585,382
585,52
585,512
585,462
586,550
586,64
586,226
586,196
586,423
586,89
586,69
586,11
586,403
586,161
587,682
587,324
587,181
587,304
587,751
587,305
587,315
587,272
587,678
587,327
588,173
588,402
588,96
588,238
588,143
588,229
588,216
588,79
588,172
588,196
589,301
589,245
589,271
589,331
589,326
589,286
589,302
589,333
589,748
589,294
590,405
590,124
590,742
590,117
590,50
590,7
590,14
590,1
590,25
590,237
591,195
591,202
591,186
591,98
591,70
591,655
591,423
591,174
591,69
591,238
592,22
592,202
592,161
592,168
592,96
592,82
592,89
592,210
592,174
592,172
593,403
593,215
593,96
593,28
593,195
593,202
593,64
593,216
593,82
593,423
594,191
594,204
594,69
594,64
594,423
594,98
594,172
594,1
594,174
594,127
595,125
595,222
595,597
595,118
595,25
595,405
595,7
595,121
595,117
595,1
596,98
596,300
596,7
596,237
596,127
596,121
596,117
596,100
596,1
596,258
597,25
597,7
597,100
597,405
597,742
597,237
597,222
597,546
597,121
597,117
598,271
598,678
598,333
598,322
598,313
598,302
598,288
598,300
598,294
598,328
599,845
599,15
599,121
599,597
599,405
599,25
599,118
599,117
599,125
599,742
600,64
600,230
600,196
600,68
600,69
600,228
600,566
600,195
600,172
600,82
601,655
601,173
601,216
601,64
601,161
601,89
601,168
601,82
601,423
601,79
602,25
602,151
602,100
602,7
602,742
602,405
602,222
602,546
602,117
602,50
603,195
603,69
603,161
603,204
603,98
603,56
603,82
603,96
603,79
603,174
604,238
604,174
604,183
604,89
604,210
604,172
604,559
604,79
604,200
604,219
605,204
605,196
605,216
605,181
605,56
605,423
605,210
605,50
605,172
605,69
606,183
606,117
606,229
606,143
606,393
606,71
606,56
606,216
606,403
606,96
607,496
607,191
607,216
607,210
607,199
607,135
607,197
607,174
607,238
607,483
608,186
608,179
608,89
608,191
608,135
608,204
608,210
608,64
608,238
608,423
609,7
609,25
609,181
609,117
609,50
609,742
609,100
609,258
609,286
609,237
610,132
610,64
610,216
610,238
610,82
610,196
610,204
610,210
610,174
610,69
611,258
611,270
611,331
611,286
611,327
611,332
611,310
611,316
611,269
611,328
612,111
612,742
612,151
612,546
612,405
612,222
612,25
612,181
612,50
612,121
613,238
613,89
613,204
613,98
613,423
613,210
613,69
613,172
613,79
613,174
614,282
614,222
614,111
614,151
614,181
614,742
614,118
614,121
614,405
614,50
615,655
615,196
615,172
615,483
615,204
615,210
615,179
615,64
615,216
615,174
616,340
616,310
616,323
616,750
616,690
616,271
616,332
616,294
616,286
616,313
617,204
617,195
617,234
617,210
617,655
617,175
617,443
617,483
617,135
617,172
618,186
618,229
618,168
618,98
618,393
618,89
618,216
618,204
618,174
618,172
619,98
619,64
619,222
619,69
619,89
619,229
619,195
619,172
619,79
619,210
620,568
620,204
620,403
620,172
620,161
620,79
620,99
620,69
620,210
620,82
621,56
621,127
621,742
621,237
621,210
621,69
621,288
621,7
621,258
621,181
622,655
622,168
622,71
622,216
622,238
622,173
622,202
622,423
622,69
622,82
623,56
623,82
623,196
623,98
623,238
623,69
623,423
623,204
623,172
623,174
624,332
624,258
624,286
624,307
624,316
624,333
624,315
624,269
624,302
624,690
625,135
625,98
625,64
625,196
625,216
625,82
625,89
625,79
625,195
625,69
626,751
626,181
626,340
626,307
626,347
626,272
626,269
626,322
626,300
626,258
627,173
627,71
627,216
627,202
627,238
627,204
627,11
627,229
627,403
627,161
628,313
628,269
628,294
628,331
628,286
628,327
628,322
628,258
628,307
628,328
629,183
629,179
629,96
629,97
629,168
629,82
629,89
629,216
629,204
629,79
630,423
630,151
630,82
630,56
630,222
630,172
630,50
630,405
630,210
630,79
631,748
631,690
631,327
631,269
631,322
631,258
631,333
631,300
631,302
631,328
632,22
632,28
632,238
632,216
632,655
632,403
632,89
632,204
632,82
632,79
633,568
633,204
633,56
633,196
633,161
633,69
633,82
633,174
633,79
633,210
634,271
634,333
634,222
634,301
634,268
634,117
634,294
634,181
634,328
634,300
635,100
635,7
635,181
635,50
635,322
635,294
635,258
635,286
635,288
635,328
636,742
636,7
636,151
636,546
636,405
636,237
636,181
636,50
636,117
636,121
637,258
637,471
637,79
637,597
637,151
637,111
637,222
637,118
637,7
637,742
638,173
638,229
638,196
638,56
638,423
638,96
638,161
638,69
638,195
638,79
639,132
639,89
639,655
639,172
639,64
639,97
639,197
639,216
639,238
639,69
640,403
640,82
640,367
640,216
640,238
640,89
640,423
640,69
640,79
640,172
641,216
641,423
641,172
641,179
641,135
641,175
641,197
641,174
641,483
641,238
642,28
642,11
642,143
642,88
642,196
642,79
642,202
642,229
642,568
642,161
643,95
643,71
643,56
643,655
643,168
643,96
643,64
643,204
643,196
643,423
644,282
644,25
644,7
644,288
644,222
644,118
644,742
644,405
644,1
644,50
645,186
645,79
645,135
645,179
645,196
645,655
645,204
645,423
645,210
645,238
646,301
646,323
646,271
646,307
646,310
646,269
646,333
646,322
646,302
646,300
647,97
647,216
647,204
647,423
647,174
647,79
647,172
647,161
647,69
647,210
648,99
648,451
648,238
648,195
648,204
648,89
648,196
648,174
648,385
648,568
649,7
649,151
649,100
649,25
649,742
649,237
649,546
649,405
649,118
649,222
650,143
650,96
650,655
650,64
650,216
650,195
650,238
650,196
650,174
650,69
651,289
651,50
651,100
651,300
651,333
651,328
651,258
651,288
651,269
651,286
652,121
652,742
652,546
652,181
652,117
652,1
652,300
652,237
652,50
652,258
653,71
653,95
653,173
653,655
653,195
653,56
653,385
653,568
653,204
653,69
654,238
654,96
654,173
654,202
654,121
654,161
654,64
654,423
654,172
654,210
655,99
655,47
655,22
655,12
655,168
655,143
655,135
655,204
655,196
655,79
656,340
656,332
656,310
656,690
656,333
656,313
656,269
656,272
656,315
656,328
657,294
657,546
657,7
657,121
657,222
657,288
657,181
657,237
657,100
657,50
658,168
658,238
658,423
658,89
658,195
658,210
658,79
658,64
658,172
658,174
659,99
659,403
659,168
659,202
659,132
659,483
659,89
659,655
659,238
659,196
660,11
660,176
660,183
660,28
660,655
660,79
660,423
660,161
660,69
660,172
661,173
661,568
661,98
661,183
661,168
661,655
661,97
661,56
661,135
661,82
662,9
662,508
662,181
662,25
662,1
662,127
662,475
662,50
662,7
662,237
663,96
663,204
663,196
663,222
663,423
663,1
663,546
663,174
663,172
663,79
664,191
664,56
664,82
664,135
664,168
664,195
664,204
664,216
664,238
664,423
665,95
665,89
665,161
665,202
665,64
665,196
665,82
665,204
665,79
665,174
666,183
666,22
666,161
666,211
666,208
666,191
666,168
666,483
666,79
666,423
667,56
667,135
667,483
667,210
667,64
667,204
667,191
667,172
667,423
667,174
668,301
668,286
668,751
668,748
668,310
668,750
668,271
668,316
668,313
668,315
669,483
669,89
669,204
669,238
669,195
669,50
669,98
669,423
669,210
669,69
670,238
670,69
670,89
670,135
670,79
670,204
670,423
670,496
670,172
670,210
671,68
671,233
671,196
671,202
671,183
671,69
671,550
671,229
671,403
671,82
672,7
672,151
672,111
672,546
672,118
672,222
672,117
672,121
672,100
672,1
673,315
673,690
673,748
673,340
673,347
673,271
673,333
673,300
673,328
673,286
674,79
674,127
674,100
674,15
674,7
674,597
674,742
674,237
674,405
674,546
675,285
675,137
675,238
675,191
675,58
675,483
675,170
675,197
675,64
675,69
676,204
676,423
676,127
676,56
676,121
676,117
676,98
676,69
676,79
676,210
677,25
677,151
677,100
677,118
677,50
677,181
677,7
677,121
677,546
677,117
678,79
678,15
678,151
678,546
678,98
678,118
678,174
678,25
678,405
678,121
679,202
679,238
679,216
679,195
679,98
679,82
679,204
679,79
679,210
679,174
680,405
680,111
680,69
680,7
680,222
680,174
680,127
680,121
680,181
680,237
681,326
681,748
681,307
681,302
681,313
681,258
681,322
681,332
681,286
681,300
682,168
682,22
682,56
682,216
682,204
682,95
682,202
682,655
682,172
682,403
683,11
683,181
683,69
683,172
683,127
683,174
683,50
683,79
683,313
683,333
684,451
684,568
684,71
684,174
684,161
684,196
684,79
684,423
684,69
684,202
685,270
685,258
685,269
685,332
685,307
685,322
685,300
685,268
685,286
685,328
686,216
686,483
686,195
686,135
686,196
686,79
686,423
686,238
686,69
686,210
687,301
687,327
687,307
687,748
687,271
687,333
687,322
687,258
687,302
687,328
688,310
688,313
688,323
688,690
688,327
688,331
688,300
688,333
688,322
688,328
689,127
689,111
689,79
689,100
689,25
689,7
689,742
689,237
689,50
689,546
690,97
690,195
690,403
690,568
690,196
690,161
690,423
690,174
690,172
690,82
691,196
691,204
691,195
691,238
691,210
691,423
691,79
691,172
691,69
691,174
692,546
692,405
692,79
692,117
692,69
692,174
692,50
692,210
692,121
692,237
693,71
693,127
693,202
693,237
693,11
693,204
693,89
693,238
693,121
693,82
694,655
694,208
694,168
694,186
694,97
694,64
694,191
694,82
694,79
694,69
695,301
695,271
695,322
695,690
695,294
695,332
695,333
695,258
695,269
695,327
696,347
696,258
696,316
696,288
696,333
696,127
696,313
696,328
696,269
696,272
697,258
697,125
697,273
697,151
697,597
697,111
697,282
697,100
697,405
697,117
698,97
698,191
698,64
698,216
698,196
698,98
698,82
698,238
698,79
698,69
699,272
699,327
699,294
699,333
699,690
699,301
699,313
699,258
699,286
699,302
700,64
700,82
700,196
700,96
700,195
700,204
700,79
700,69
700,210
700,172
701,121
701,222
701,7
701,294
701,117
701,328
701,288
701,302
701,258
701,181
702,181
702,89
702,121
702,403
702,210
702,79
702,161
702,172
702,82
702,230
703,125
703,174
703,282
703,127
703,111
703,151
703,7
703,25
703,405
703,546
704,179
704,195
704,132
704,199
704,204
704,64
704,238
704,423
704,483
704,174
705,98
705,56
705,97
705,202
705,229
705,195
705,204
705,403
705,161
705,82
706,151
706,597
706,25
706,282
706,222
706,742
706,50
706,405
706,546
706,121
707,433
707,143
707,204
707,196
707,655
707,210
707,69
707,428
707,423
707,179
708,235
708,286
708,100
708,288
708,7
708,118
708,294
708,405
708,282
708,117
709,393
709,559
709,202
709,566
709,204
709,196
709,89
709,174
709,403
709,172
710,195
710,50
710,168
710,238
710,89
710,423
710,98
710,69
710,79
710,210
711,202
711,179
711,174
711,79
711,655
711,82
711,238
711,423
711,216
711,210
712,97
712,402
712,204
712,216
712,229
712,559
712,423
712,403
712,161
712,82
713,301
713,332
713,271
713,258
713,333
713,288
713,269
713,316
713,328
713,347
714,127
714,79
714,125
714,7
714,25
714,237
714,742
714,222
714,405
714,546
715,655
715,385
715,229
715,56
715,204
715,403
715,568
715,423
715,172
715,210
716,191
716,179
716,64
716,71
716,89
716,135
716,655
716,132
716,172
716,210
717,151
717,257
717,15
717,273
717,222
717,118
717,405
717,181
717,1
717,121
718,79
718,50
718,151
718,181
718,125
718,25
718,1
718,237
718,742
718,117
719,568
719,161
719,143
719,204
719,196
719,202
719,238
719,210
719,79
719,69
720,301
720,300
720,750
720,303
720,313
720,340
720,305
720,347
720,328
720,269
721,89
721,98
721,238
721,195
721,568
721,216
721,204
721,64
721,79
721,210
722,15
722,125
722,597
722,50
722,282
722,181
722,222
722,742
722,1
722,117
723,204
723,196
723,56
723,79
723,423
723,210
723,98
723,50
723,69
723,172
724,321
724,316
724,315
724,678
724,270
724,340
724,347
724,326
724,748
724,302
725,7
725,121
725,127
725,117
725,328
725,1
725,237
725,294
725,50
725,258
726,282
726,222
726,597
726,742
726,237
726,118
726,111
726,546
726,405
726,121
727,216
727,64
727,655
727,204
727,195
727,95
727,174
727,96
727,172
727,161
728,127
728,111
728,282
728,181
728,405
728,25
728,121
728,7
728,50
728,1
729,678
729,245
729,271
729,323
729,332
729,307
729,286
729,302
729,258
729,328
730,127
730,258
730,405
730,546
730,288
730,7
730,222
730,121
730,237
730,181
731,204
731,172
731,191
731,238
731,496
731,210
731,216
731,483
731,174
731,423
732,307
732,313
732,301
732,327
732,323
732,748
732,333
732,302
732,258
732,328
733,276
733,15
733,181
733,127
733,222
733,50
733,405
733,111
733,25
733,117
734,64
734,173
734,195
734,238
734,132
734,71
734,216
734,196
734,79
734,69
735,294
735,405
735,222
735,546
735,742
735,121
735,258
735,7
735,127
735,181
736,258
736,250
736,174
736,222
736,7
736,117
736,121
736,237
736,100
736,1
737,204
737,79
737,56
737,238
737,98
737,69
737,168
737,210
737,172
737,174
738,483
738,97
738,179
738,568
738,132
738,202
738,22
738,238
738,89
738,79
739,82
739,183
739,196
739,173
739,204
739,64
739,423
739,69
739,210
739,174
740,289
740,245
740,301
740,327
740,269
740,333
740,313
740,286
740,258
740,328
741,568
741,89
741,168
741,97
741,655
741,195
741,64
741,238
741,161
741,82
742,79
742,118
742,151
742,742
742,25
742,405
742,121
742,7
742,237
742,50
743,333
743,269
743,117
743,328
743,7
743,127
743,237
743,1
743,288
743,50
744,423
744,195
744,181
744,56
744,127
744,64
744,98
744,69
744,79
744,172
745,195
745,50
745,238
745,168
745,423
745,56
745,210
745,69
745,79
745,172
746,144
746,98
746,11
746,173
746,204
746,195
746,69
746,403
746,79
746,174
747,143
747,161
747,186
747,655
747,132
747,191
747,89
747,195
747,82
747,204
748,28
748,191
748,173
748,216
748,82
748,238
748,64
748,98
748,423
748,210
749,153
749,451
749,28
749,97
749,385
749,195
749,71
749,204
749,423
749,174
750,690
750,268
750,313
750,332
750,307
750,748
750,333
750,302
750,300
750,328
751,229
751,655
751,195
751,568
751,403
751,202
751,71
751,423
751,69
751,82
752,289
752,343
752,879
752,258
752,286
752,271
752,327
752,272
752,300
752,328
753,196
753,238
753,197
753,79
753,204
753,423
753,135
753,210
753,69
753,172
754,7
754,471
754,405
754,121
754,125
754,1
754,117
754,111
754,25
754,546
755,326
755,301
755,269
755,323
755,313
755,307
755,333
755,332
755,286
755,328
756,99
756,173
756,216
756,403
756,202
756,196
756,204
756,174
756,69
756,172
757,216
757,181
757,566
757,655
757,228
757,202
757,423
757,89
757,568
757,79
758,173
758,97
758,168
758,655
758,403
758,196
758,82
758,423
758,161
758,89
759,151
759,79
759,597
759,100
759,282
759,7
759,237
759,405
759,546
759,121
760,161
760,196
760,216
760,50
760,423
760,79
760,82
760,174
760,69
760,210
761,79
761,111
761,100
761,597
761,25
761,7
761,118
761,405
761,121
761,117
762,12
762,210
762,238
762,181
762,69
762,64
762,172
762,174
762,50
762,79
763,161
763,202
763,89
763,655
763,82
763,64
763,204
763,216
763,423
763,172
764,71
764,121
764,64
764,196
764,204
764,82
764,423
764,172
764,79
764,210
765,98
765,70
765,124
765,174
765,238
765,9
765,181
765,1
765,275
765,100
766,143
766,403
766,97
766,64
766,195
766,79
766,655
766,204
766,423
766,210
767,423
767,238
767,168
767,89
767,195
767,69
767,79
767,204
767,210
767,174
768,79
768,172
768,69
768,118
768,174
768,210
768,25
768,546
768,50
768,181
769,282
769,111
769,7
769,50
769,597
769,151
769,181
769,742
769,25
769,117
770,597
770,127
770,125
770,258
770,100
770,50
770,405
770,121
770,237
770,117
771,56
771,64
771,238
771,202
771,82
771,196
771,423
771,204
771,210
771,174
772,270
772,748
772,690
772,269
772,340
772,333
772,328
772,750
772,347
772,316
773,195
773,82
773,423
773,161
773,64
773,79
773,179
773,69
773,238
773,174
774,97
774,144
774,173
774,216
774,11
774,176
774,238
774,385
774,69
774,210
775,270
775,340
775,332
775,272
775,271
775,301
775,331
775,300
775,288
775,328
776,56
776,204
776,183
776,64
776,423
776,79
776,69
776,210
776,174
776,172
777,168
777,655
777,79
777,98
777,423
777,64
777,172
777,174
777,210
777,69
778,403
778,568
778,89
778,64
778,168
778,196
778,96
778,204
778,172
778,210
779,82
779,172
779,79
779,210
779,174
779,25
779,237
779,151
779,546
779,405
780,168
780,483
780,135
780,238
780,216
780,132
780,82
780,195
780,79
780,69
781,196
781,238
781,183
781,96
781,89
781,64
781,79
781,423
781,98
781,174
782,546
782,237
782,117
782,742
782,7
782,289
782,272
782,245
782,327
782,307
783,268
783,690
783,332
783,748
783,322
783,327
783,331
783,313
783,258
783,302
784,347
784,331
784,748
784,301
784,271
784,294
784,307
784,322
784,333
784,288
785,204
785,195
785,64
785,56
785,181
785,79
785,98
785,210
785,172
785,174
786,135
786,173
786,56
786,96
786,168
786,64
786,161
786,82
786,79
786,210
787,323
787,326
787,750
787,301
787,310
787,286
787,327
787,332
787,258
787,322
788,71
788,202
788,216
788,238
788,22
788,96
788,196
788,172
788,161
788,210
789,405
789,151
789,25
789,282
789,222
789,546
789,121
789,117
789,7
789,237
790,216
790,71
790,95
790,204
790,11
790,202
790,385
790,423
790,69
790,82
791,678
791,245
791,690
791,307
791,323
791,50
791,313
791,333
791,258
791,288
792,273
792,235
792,50
792,181
792,597
792,7
792,222
792,25
792,742
792,117
793,125
793,174
793,79
793,127
793,111
793,597
793,25
793,237
793,181
793,546
794,121
794,174
794,172
794,117
794,25
794,237
794,222
794,7
794,127
794,50
795,393
795,202
795,69
795,196
795,568
795,229
795,82
795,161
795,210
795,403
796,97
796,11
796,195
796,64
796,393
796,229
796,174
796,423
796,172
796,161
797,237
797,172
797,117
797,174
797,121
797,100
797,222
797,288
797,258
797,1
798,559
798,96
798,367
798,216
798,229
798,196
798,385
798,202
798,99
798,69
799,56
799,79
799,127
799,204
799,483
799,69
799,210
799,181
799,98
799,172
800,79
800,174
800,742
800,7
800,151
800,100
800,237
800,546
800,117
800,121
801,268
801,331
801,269
801,327
801,323
801,286
801,322
801,748
801,333
801,258
802,89
802,56
802,161
802,210
802,82
802,403
802,79
802,229
802,234
802,200
803,750
803,270
803,288
803,333
803,327
803,301
803,286
803,302
803,269
803,328
804,135
804,56
804,132
804,179
804,393
804,96
804,195
804,174
804,69
804,161
805,559
805,71
805,195
805,64
805,204
805,89
805,238
805,79
805,69
805,161
806,568
806,183
806,655
806,202
806,173
806,238
806,64
806,89
806,423
806,69
807,655
807,216
807,97
807,228
807,202
807,99
807,196
807,568
807,71
807,82
808,268
808,323
808,301
808,307
808,269
808,313
808,322
808,286
808,258
808,328
809,301
809,271
809,323
809,327
809,748
809,269
809,294
809,286
809,258
809,288
810,271
810,748
810,332
810,301
810,327
810,322
810,307
810,333
810,258
810,302
811,332
811,245
811,313
811,269
811,302
811,333
811,748
811,322
811,288
811,328
812,678
812,271
812,307
812,313
812,323
812,327
812,748
812,286
812,322
812,258
813,332
813,286
813,302
813,748
813,258
813,271
813,288
813,322
813,313
813,328
814,172
814,403
814,568
814,161
814,210
814,183
814,79
814,229
814,217
814,200
815,56
815,143
815,168
815,483
815,216
815,97
815,238
815,161
815,89
815,64
816,269
816,327
816,245
816,271
816,307
816,302
816,286
816,323
816,748
816,333
817,151
817,79
817,100
817,237
817,597
817,742
817,50
817,181
817,405
817,121
818,268
818,271
818,307
818,272
818,748
818,340
818,327
818,333
818,294
818,258
819,268
819,64
819,269
819,50
819,172
819,174
819,56
819,12
819,238
819,216
820,268
820,307
820,50
820,181
820,327
820,269
820,322
820,333
820,294
820,300
821,195
821,50
821,82
821,196
821,204
821,423
821,79
821,210
821,172
821,69
822,151
822,204
822,161
822,202
822,172
822,423
822,69
822,210
822,99
822,82
823,153
823,71
823,11
823,403
823,179
823,173
823,202
823,82
823,161
823,196
824,327
824,332
824,302
824,333
824,748
824,286
824,323
824,300
824,258
824,328
825,845
825,15
825,79
825,151
825,471
825,222
825,25
825,1
825,121
825,405
826,69
826,22
826,29
826,226
826,566
826,195
826,89
826,385
826,210
826,229
827,327
827,322
827,271
827,316
827,286
827,272
827,310
827,315
827,307
827,328
828,14
828,268
828,58
828,433
828,12
828,582
828,238
828,59
828,462
828,86
829,111
829,127
829,174
829,405
829,121
829,181
829,117
829,25
829,7
829,50
830,168
830,228
830,28
830,216
830,64
830,173
830,403
830,196
830,195
830,423
831,222
831,121
831,127
831,117
831,423
831,195
831,69
831,98
831,79
831,172
832,323
832,7
832,121
832,546
832,100
832,222
832,237
832,117
832,1
832,300
833,196
833,423
833,56
833,566
833,89
833,568
833,96
833,82
833,210
833,229
834,294
834,118
834,258
834,742
834,222
834,127
834,546
834,121
834,1
834,237
835,97
835,655
835,132
835,216
835,195
835,483
835,79
835,64
835,238
835,172
836,195
836,423
836,98
836,197
836,483
836,69
836,79
836,238
836,64
836,172
837,118
837,405
837,121
837,742
837,117
837,100
837,546
837,50
837,1
837,25
838,216
838,64
838,195
838,196
838,50
838,98
838,423
838,79
838,172
838,210
839,15
839,597
839,111
839,151
839,282
839,25
839,222
839,405
839,546
839,50
840,143
840,211
840,153
840,186
840,168
840,191
840,196
840,204
840,483
840,69
841,690
841,245
841,271
841,332
841,327
841,269
841,748
841,294
841,258
841,328
842,690
842,307
842,333
842,301
842,316
842,327
842,347
842,271
842,300
842,286
843,143
843,234
843,186
843,228
843,568
843,168
843,64
843,202
843,174
843,82
844,403
844,238
844,64
844,202
844,98
844,196
844,96
844,204
844,79
844,172
845,887
845,328
845,286
845,270
845,316
845,313
845,340
845,305
845,315
845,347
846,56
846,58
846,496
846,483
846,95
846,153
846,28
846,132
846,174
846,172
847,403
847,28
847,64
847,655
847,173
847,96
847,423
847,82
847,69
847,174
848,98
848,202
848,161
848,208
848,64
848,357
848,82
848,168
848,79
848,423
849,56
849,161
849,98
849,82
849,423
849,204
849,69
849,79
849,174
849,210
850,568
850,89
850,238
850,168
850,216
850,161
850,195
850,204
850,423
850,172
851,237
851,210
851,98
851,1
851,69
851,117
851,7
851,328
851,288
851,181
852,172
852,210
852,111
852,237
852,79
852,151
852,742
852,50
852,597
852,222
853,310
853,268
853,289
853,326
853,269
853,271
853,313
853,748
853,294
853,333
854,202
854,179
854,191
854,196
854,655
854,204
854,56
854,216
854,210
854,172
855,428
855,209
855,238
855,509
855,212
855,213
855,60
855,529
855,175
855,462
856,331
856,301
856,271
856,332
856,245
856,269
856,748
856,333
856,302
856,288
857,1
857,7
857,25
857,111
857,124
857,100
857,286
857,137
857,285
857,237
858,7
858,237
858,333
858,300
858,302
858,127
858,328
858,50
858,288
858,258
859,845
859,100
859,7
859,121
859,405
859,742
859,1
859,117
859,546
859,237
860,79
860,451
860,58
860,172
860,88
860,210
860,69
860,70
860,216
860,238
861,285
861,179
861,58
861,216
861,137
861,238
861,428
861,52
861,70
861,14
862,28
862,71
862,403
862,97
862,183
862,202
862,56
862,161
862,196
862,204
863,689
863,289
863,678
863,245
863,879
863,323
863,340
863,272
863,286
863,302
864,22
864,228
864,451
864,132
864,28
864,385
864,89
864,216
864,655
864,174
865,172
865,235
865,11
865,79
865,25
865,742
865,151
865,237
865,181
865,50
866,328
866,270
866,310
866,301
866,286
866,315
866,311
866,690
866,316
866,750
867,161
867,97
867,357
867,173
867,216
867,82
867,96
867,238
867,195
867,56
868,11
868,216
868,202
868,655
868,229
868,238
868,195
868,196
868,69
868,79
869,111
869,222
869,7
869,742
869,405
869,546
869,121
869,117
869,1
869,50
870,179
870,56
870,28
870,11
870,89
870,97
870,82
870,174
870,423
870,79
871,568
871,161
871,50
871,196
871,89
871,64
871,204
871,98
871,423
871,69
872,15
872,181
872,471
872,7
872,222
872,1
872,25
872,125
872,282
872,118
873,332
873,271
873,269
873,323
873,748
873,302
873,322
873,333
873,300
873,288
874,56
874,483
874,12
874,69
874,238
874,64
874,237
874,174
874,50
874,127
875,196
875,168
875,89
875,204
875,195
875,238
875,98
875,79
875,69
875,210
876,196
876,204
876,79
876,56
876,98
876,423
876,210
876,172
876,64
876,69
877,204
877,97
877,423
877,82
877,238
877,174
877,69
877,172
877,79
877,210
878,135
878,89
878,143
878,132
878,79
878,196
878,423
878,238
878,210
878,69
879,257
879,100
879,7
879,111
879,742
879,50
879,405
879,237
879,546
879,121
880,127
880,286
880,750
880,25
880,742
880,237
880,546
880,333
880,271
880,313
881,135
881,176
881,28
881,173
881,95
881,216
881,568
881,69
881,82
881,210
882,403
882,64
882,229
882,97
882,28
882,238
882,568
882,96
882,161
882,196
883,186
883,191
883,97
883,161
883,196
883,655
883,179
883,423
883,79
883,69
884,199
884,191
884,179
884,483
884,238
884,197
884,216
884,582
884,70
884,170
885,195
885,568
885,28
885,97
885,168
885,238
885,393
885,202
885,174
885,172
886,183
886,97
886,216
886,238
886,64
886,423
886,69
886,82
886,79
886,210
887,173
887,229
887,99
887,196
887,403
887,423
887,174
887,79
887,161
887,82
888,216
888,79
888,210
888,98
888,1
888,238
888,64
888,25
888,50
888,174
889,132
889,4
889,153
889,98
889,56
889,96
889,179
889,82
889,238
889,210
890,496
890,191
890,216
890,82
890,64
890,238
890,196
890,79
890,135
890,174
891,79
891,69
891,98
891,151
891,125
891,222
891,111
891,7
891,282
891,1
892,234
892,179
892,228
892,183
892,95
892,71
892,655
892,216
892,96
892,161
893,174
893,210
893,25
893,79
893,7
893,742
893,181
893,222
893,546
893,121
894,172
894,197
894,79
894,69
894,216
894,64
894,11
894,127
894,58
894,238
895,127
895,15
895,7
895,546
895,25
895,118
895,405
895,237
895,121
895,50
896,385
896,186
896,56
896,97
896,11
896,96
896,238
896,195
896,568
896,69
897,655
897,216
897,64
897,95
897,229
897,202
897,403
897,196
897,423
897,172
898,301
898,332
898,340
898,307
898,294
898,268
898,333
898,269
898,300
898,258
899,228
899,183
899,22
899,132
899,56
899,97
899,161
899,82
899,196
899,210
900,423
900,64
900,195
900,210
900,204
900,172
900,79
900,98
900,69
900,174
901,64
901,173
901,28
901,229
901,385
901,71
901,403
901,96
901,202
901,79
902,96
902,56
902,222
902,195
902,98
902,69
902,210
902,79
902,172
902,174
903,82
903,179
903,168
903,216
903,195
903,56
903,423
903,69
903,174
903,172
904,70
904,655
904,82
904,423
904,71
904,196
904,202
904,79
904,210
904,69
905,222
905,405
905,121
905,1
905,7
905,50
905,286
905,181
905,546
905,288
906,181
906,127
906,50
906,111
906,282
906,121
906,25
906,1
906,117
906,546
907,161
907,196
907,11
907,174
907,423
907,546
907,121
907,82
907,69
907,210
908,89
908,168
908,204
908,64
908,238
908,98
908,79
908,210
908,69
908,174
909,58
909,285
909,238
909,52
909,197
909,137
909,529
909,462
909,70
909,213
910,64
910,69
910,210
910,56
910,7
910,172
910,79
910,546
910,181
910,50
911,97
911,79
911,483
911,132
911,195
911,168
911,196
911,135
911,238
911,69
912,195
912,79
912,191
912,216
912,135
912,196
912,132
912,210
912,172
912,69
913,568
913,161
913,97
913,183
913,89
913,238
913,196
913,56
913,210
913,174
914,559
914,161
914,97
914,70
914,82
914,367
914,202
914,402
914,393
914,66
915,322
915,272
915,340
915,750
915,271
915,690
915,327
915,294
915,313
915,269
916,191
916,135
916,168
916,96
916,229
916,204
916,202
916,11
916,403
916,89
917,125
917,181
917,742
917,15
917,121
917,546
917,7
917,111
917,25
917,117
918,496
918,97
918,191
918,210
918,186
918,209
918,423
918,483
918,179
918,238
919,172
919,117
919,79
919,127
919,332
919,268
919,316
919,300
919,269
919,313
920,272
920,748
920,301
920,690
920,271
920,322
920,269
920,294
920,327
920,300
921,95
921,393
921,97
921,161
921,216
921,71
921,204
921,174
921,423
921,79
922,28
922,64
922,238
922,89
922,393
922,96
922,196
922,79
922,423
922,403
923,273
923,151
923,111
923,222
923,25
923,597
923,7
923,118
923,1
923,117
924,168
924,89
924,238
924,204
924,98
924,423
924,79
924,210
924,69
924,174
925,161
925,568
925,172
925,82
925,183
925,234
925,79
925,11
925,200
925,218
926,268
926,327
926,307
926,272
926,748
926,301
926,333
926,258
926,328
926,286
927,196
927,174
927,202
927,423
927,172
927,71
927,79
927,568
927,403
927,161
928,50
928,64
928,204
928,238
928,89
928,79
928,56
928,69
928,210
928,174
929,483
929,168
929,135
929,183
929,238
929,64
929,89
929,79
929,69
929,210
930,204
930,79
930,69
930,98
930,117
930,172
930,181
930,222
930,25
930,237
931,118
931,405
931,25
931,288
931,742
931,222
931,7
931,258
931,1
931,117
932,132
932,79
932,186
932,216
932,423
932,89
932,69
932,172
932,483
932,135
933,97
933,216
933,202
933,168
933,655
933,64
933,423
933,82
933,79
933,69
934,655
934,97
934,64
934,186
934,403
934,89
934,79
934,196
934,238
934,204
935,284
935,7
935,151
935,50
935,15
935,222
935,111
935,25
935,117
935,121
936,15
936,475
936,597
936,257
936,151
936,282
936,222
936,742
936,237
936,546
937,174
937,276
937,111
937,137
937,117
937,25
937,7
937,127
937,181
937,1
938,69
938,172
938,210
938,471
938,79
938,282
938,222
938,50
938,742
938,405
939,597
939,50
939,125
939,282
939,181
939,111
939,25
939,1
939,405
939,117
940,82
940,195
940,423
940,64
940,196
940,238
940,79
940,69
940,210
940,174
941,100
941,25
941,237
941,151
941,405
941,118
941,546
941,117
941,121
941,50
942,195
942,496
942,238
942,64
942,196
942,483
942,204
942,79
942,172
942,69
943,238
943,202
943,71
943,11
943,393
943,89
943,423
943,568
943,403
943,82
