director,Action,Adventure,Animation,Children,Comedy,Crime,Documentary,Drama,Fantasy,Film-Noir,Horror,Musical,Mystery,Romance,Sci-Fi,Thriller,War,Western
nm0000005,0,0,0,0,2,1,0,17,2,0,1,1,1,3,0,0,1,0
nm0000019,0,0,0,0,2,0,0,9,2,0,0,0,0,1,0,0,0,0
nm0000033,1,2,0,0,3,7,0,15,0,5,2,0,16,9,0,29,1,0
nm0000036,0,0,0,0,8,0,0,1,1,0,0,0,0,3,0,0,1,0
nm0000037,0,0,0,0,3,0,1,0,0,0,0,3,0,3,0,0,0,0
nm0000040,1,1,0,0,1,3,0,8,0,2,1,0,1,3,2,2,5,0
nm0000041,6,5,0,0,1,2,0,17,2,3,0,0,1,0,0,4,4,0
nm0000045,2,0,0,0,0,1,0,0,0,0,0,0,0,0,0,0,0,0
nm0000059,0,0,0,0,0,0,0,3,0,0,0,0,0,0,0,0,2,0
nm0000076,0,0,0,0,3,3,0,9,0,0,0,0,0,5,1,1,0,0
nm0000078,1,0,0,0,0,0,0,1,0,0,0,0,0,0,0,0,1,2
nm0000080,0,0,0,0,1,2,1,8,0,3,0,0,4,1,0,3,1,0
nm0000095,0,1,0,0,39,6,0,23,4,0,0,1,3,15,1,3,1,0
nm0000108,5,2,0,1,2,2,0,4,2,0,0,0,0,3,2,2,1,0
nm0000110,3,1,0,0,2,1,0,7,1,0,1,0,2,4,1,3,1,0
nm0000114,0,0,0,0,0,1,0,3,0,0,0,0,0,0,0,0,0,0
nm0000116,6,4,0,0,1,0,0,1,0,0,1,0,0,2,5,3,0,0
nm0000118,6,4,0,0,3,0,0,1,2,0,9,0,0,2,10,10,0,1
nm0000122,0,1,0,0,9,1,0,5,0,0,0,0,0,4,0,0,1,0
nm0000123,1,0,0,0,1,1,0,4,0,0,0,0,0,1,0,0,1,0
nm0000126,1,2,0,0,0,0,0,2,0,0,0,0,0,0,1,0,0,2
nm0000127,0,0,0,0,4,1,0,2,0,0,12,0,6,1,0,10,0,0
nm0000134,0,0,0,0,0,0,0,2,0,0,0,0,0,0,0,1,0,0
nm0000142,9,3,0,0,2,9,0,18,1,0,0,1,5,1,2,12,4,4
nm0000149,0,0,0,0,0,0,0,4,0,0,0,0,0,0,1,0,0,0
nm0000154,1,1,0,0,0,0,0,4,0,0,0,0,0,0,0,1,1,0
nm0000158,2,0,0,0,2,0,1,4,0,0,0,0,0,1,0,1,1,0
nm0000165,3,4,0,1,8,2,0,12,3,0,0,0,2,4,1,4,0,1
nm0000169,0,1,0,0,0,1,0,2,0,0,0,0,0,0,0,0,0,0
nm0000180,0,4,0,0,1,1,0,9,0,0,0,0,0,4,0,0,3,0
nm0000184,5,5,0,0,1,0,0,2,0,0,0,0,0,0,5,0,0,0
nm0000186,0,2,0,0,0,4,0,9,1,2,1,0,6,2,1,5,0,0
nm0000200,0,0,0,0,0,1,0,2,0,0,0,0,0,0,0,1,0,0
nm0000209,0,0,0,0,1,1,0,2,0,0,0,0,0,0,0,0,0,0
nm0000217,0,0,0,1,4,7,4,20,0,0,0,2,2,2,0,5,0,0
nm0000229,14,11,1,1,4,3,0,15,4,0,2,0,4,2,9,7,6,0
nm0000230,6,1,0,0,0,0,0,5,0,0,0,0,0,0,0,2,1,0
nm0000231,2,1,0,0,0,3,0,15,0,0,0,0,2,0,0,4,4,0
nm0000233,7,1,0,0,2,7,0,5,0,1,2,0,2,0,1,8,1,1
nm0000243,0,0,0,0,0,0,0,2,0,0,0,0,0,0,0,0,0,0
nm0000247,12,4,0,0,1,6,0,8,0,0,0,0,0,0,1,9,4,0
nm0000255,0,0,0,0,0,2,0,3,0,0,0,0,1,0,0,2,0,0
nm0000264,0,0,0,0,8,2,0,15,0,0,0,0,0,5,0,2,0,0
nm0000265,0,1,0,0,8,2,0,10,0,1,0,3,1,0,0,0,1,1
nm0000269,0,4,0,2,0,1,0,7,0,0,0,0,1,1,0,1,2,0
nm0000277,1,0,0,0,1,0,0,6,0,0,0,1,0,1,0,0,1,0
nm0000316,0,0,0,0,9,0,0,0,1,0,1,1,0,0,1,1,0,1
nm0000318,4,4,3,1,8,2,0,5,7,0,4,2,1,4,2,2,0,0
nm0000320,0,0,0,0,6,1,0,11,3,0,0,0,1,1,0,0,0,0
nm0000329,7,3,0,0,7,2,0,0,0,0,0,0,0,0,1,3,0,0
nm0000338,1,0,0,0,3,4,0,12,1,0,1,1,2,1,0,2,1,0
nm0000339,0,0,0,0,1,0,0,0,0,0,4,0,0,0,0,0,0,0
nm0000341,3,2,0,0,1,1,0,1,1,0,0,0,0,0,1,2,0,1
nm0000343,2,0,0,0,0,2,0,9,2,0,7,0,2,0,6,11,0,0
nm0000345,0,0,0,0,1,0,0,1,0,0,0,0,0,1,0,0,0,0
nm0000361,4,1,0,0,2,7,0,7,2,0,3,1,6,0,1,10,1,0
nm0000362,0,0,0,1,5,4,0,3,1,0,0,0,0,0,0,0,0,0
nm0000382,0,0,0,0,0,0,0,5,0,0,0,0,0,0,0,3,1,0
nm0000386,8,4,0,0,0,0,0,5,0,0,0,0,0,1,6,6,1,0
nm0000389,1,0,0,0,1,0,0,2,0,0,0,0,0,0,0,0,0,0
nm0000399,2,0,0,0,0,2,0,7,1,0,1,0,3,1,1,8,0,0
nm0000406,2,2,0,0,2,1,0,10,0,0,0,1,0,5,0,0,3,9
nm0000408,3,2,0,0,0,0,0,1,1,0,0,0,0,1,2,1,0,0
nm0000416,0,5,0,0,8,0,0,4,9,0,1,0,1,1,3,3,0,0
nm0000419,0,0,0,0,2,3,0,9,0,0,0,1,1,4,1,1,0,0
nm0000425,0,0,0,0,2,0,0,6,0,0,0,0,0,1,0,0,0,0
nm0000428,0,0,0,0,0,0,0,3,0,0,0,0,0,1,0,0,1,0
nm0000431,1,0,0,0,0,2,0,7,0,0,0,0,1,2,0,4,0,0
nm0000436,1,0,0,0,2,1,0,5,0,1,0,0,1,0,0,3,0,0
nm0000438,0,0,0,0,0,0,0,1,0,0,0,0,0,0,0,0,0,1
nm0000454,1,1,0,0,0,1,0,2,0,0,0,0,0,0,0,0,0,0
nm0000455,0,0,0,0,7,0,0,2,1,0,0,0,0,1,1,0,0,0
nm0000464,0,0,0,0,6,2,0,10,0,2,1,0,1,1,0,0,0,1
nm0000466,1,1,0,0,3,1,0,3,1,0,1,0,2,3,2,0,1,0
nm0000484,3,0,0,0,12,2,0,0,1,0,2,2,1,2,2,3,0,1
nm0000485,0,0,0,0,0,4,0,3,0,5,1,0,2,0,1,4,0,0
nm0000487,2,2,0,0,3,0,0,9,0,0,0,0,0,7,1,1,2,0
nm0000490,0,0,0,0,3,3,3,9,0,0,0,0,1,1,0,1,0,0
nm0000500,0,0,2,1,6,1,0,12,1,0,0,1,1,3,1,1,0,0
nm0000517,1,1,0,0,0,1,0,5,0,0,0,0,0,1,0,1,1,0
nm0000519,1,0,0,0,1,3,0,5,0,1,0,0,2,0,0,3,0,0
nm0000520,5,0,0,0,0,6,0,7,0,0,1,0,0,1,0,7,1,1
nm0000540,1,0,0,0,1,1,0,1,0,0,1,0,0,0,0,0,0,0
nm0000559,1,2,0,0,2,0,0,0,0,0,0,0,0,0,2,0,0,0
nm0000568,1,2,0,2,9,0,0,1,3,0,1,2,0,1,0,1,0,0
nm0000570,0,0,0,1,3,3,0,9,0,1,1,5,1,0,0,3,1,0
nm0000576,2,1,0,0,0,2,0,5,0,0,0,0,1,0,0,2,0,0
nm0000581,0,0,0,0,4,0,0,7,1,0,0,1,1,4,0,1,0,0
nm0000583,6,4,0,1,0,0,0,5,1,0,0,0,0,0,2,5,2,0
nm0000591,0,0,0,0,3,3,0,13,1,2,5,0,5,2,0,8,1,0
nm0000600,8,5,0,0,4,2,0,2,5,0,4,0,0,0,4,7,0,1
nm0000601,1,1,0,0,9,2,0,0,1,0,0,0,0,1,0,1,0,0
nm0000602,0,0,0,0,1,0,0,8,1,0,0,0,0,2,0,1,1,0
nm0000626,0,0,0,1,0,0,0,8,1,0,0,0,2,0,1,0,0,1
nm0000631,11,6,0,0,2,4,0,13,1,0,3,0,0,4,3,4,4,0
nm0000659,0,0,0,0,1,0,0,3,0,0,0,1,0,3,0,0,0,0
nm0000671,0,0,0,0,0,0,0,2,0,0,0,0,0,1,0,0,0,1
nm0000682,4,2,0,0,0,2,0,5,0,0,1,0,1,0,4,6,3,0
nm0000691,0,0,0,0,10,3,0,2,0,0,1,1,0,1,0,0,0,0
nm0000694,0,1,0,0,0,1,2,7,2,0,0,2,3,4,1,1,0,1
nm0000697,0,0,0,0,13,2,0,10,0,2,0,0,2,7,0,1,1,0
nm0000709,2,7,4,3,8,1,0,6,5,0,1,0,2,2,4,0,1,1
nm0000720,2,0,0,0,6,1,0,0,0,0,0,0,0,1,0,0,2,0
nm0000736,2,1,0,0,2,0,0,3,0,1,2,0,0,0,0,2,1,1
nm0000750,1,0,0,0,1,3,0,4,0,0,1,0,2,1,1,4,0,0
nm0000755,0,0,0,0,1,0,0,2,1,0,0,1,0,0,0,0,0,0
nm0000759,0,0,0,0,2,2,0,7,0,0,0,0,1,2,0,1,0,1
nm0000770,0,0,0,0,0,0,0,2,0,0,0,0,0,1,0,0,0,0
nm0000774,0,0,0,0,0,0,0,7,0,0,0,0,2,2,0,0,0,0
nm0000776,1,2,0,1,0,2,7,6,1,0,0,0,1,2,0,5,0,0
nm0000777,0,0,0,0,3,1,0,3,0,0,0,0,1,0,0,0,0,0
nm0000778,0,0,0,0,0,0,0,2,1,0,0,0,0,2,0,0,0,0
nm0000780,0,0,0,0,2,1,0,3,0,0,0,0,1,1,0,0,0,0
nm0000783,0,0,0,0,0,2,0,0,0,0,7,0,5,0,0,4,0,0
nm0000788,0,0,0,0,0,0,0,2,0,0,0,0,0,1,0,0,0,0
nm0000791,0,1,0,0,1,0,0,0,0,0,1,0,0,0,2,1,1,0
nm0000797,0,0,0,0,4,0,0,5,0,0,0,0,0,2,0,0,1,0
nm0000801,0,0,0,0,0,1,0,1,0,0,0,0,0,1,0,1,0,0
nm0000806,0,0,0,0,0,1,0,4,0,0,0,0,0,2,0,1,1,0
nm0000812,0,0,0,0,1,1,0,2,0,0,0,0,0,1,0,2,0,0
nm0000814,3,2,0,1,0,0,0,8,0,0,0,0,0,0,0,0,0,0
nm0000816,0,0,0,0,1,3,0,3,0,0,0,0,2,1,0,2,0,0
nm0000824,5,0,0,0,4,2,0,3,0,0,0,0,0,3,2,5,0,0
nm0000829,3,1,0,0,0,1,0,1,0,0,0,0,0,0,1,3,0,0
nm0000835,0,1,4,1,1,0,0,0,3,0,0,0,0,0,1,0,1,0
nm0000850,0,0,0,0,0,0,0,0,1,0,3,0,0,0,0,0,0,0
nm0000860,1,0,0,0,1,0,0,0,0,0,0,0,0,0,1,0,0,0
nm0000876,0,0,0,0,4,0,0,5,0,0,0,0,0,0,0,0,0,0
nm0000878,0,0,0,0,0,0,0,0,0,0,2,0,0,0,0,0,0,0
nm0000881,11,4,0,0,3,3,0,2,0,0,0,0,0,2,6,6,2,0
nm0000886,1,0,0,0,2,1,0,2,0,0,0,0,0,2,0,0,0,0
nm0000887,1,0,0,0,0,1,0,5,0,0,0,0,0,0,0,4,0,0
nm0000894,1,0,0,0,0,0,0,2,0,0,0,0,1,2,0,1,0,0
nm0000905,0,0,0,0,3,0,0,2,0,0,0,0,0,2,0,0,2,0
nm0000907,0,0,0,0,7,0,0,1,0,0,0,0,0,4,1,0,0,0
nm0000914,0,0,0,0,1,1,0,6,0,0,0,0,0,3,0,2,0,0
nm0000915,1,1,0,0,0,1,0,6,0,0,0,0,0,1,0,1,1,1
nm0000916,6,2,0,0,3,2,0,3,1,0,0,0,0,0,1,3,1,0
nm0000921,0,0,0,0,4,2,0,1,0,0,0,0,0,2,0,0,0,0
nm0000934,0,0,0,0,0,0,0,7,0,0,0,0,0,1,0,0,1,0
nm0000941,5,1,0,0,0,2,0,4,0,0,1,0,1,0,1,5,1,1
nm0000944,0,0,0,0,0,0,0,1,0,0,1,0,0,0,0,1,0,0
nm0000948,1,0,0,0,1,1,0,0,0,0,0,0,1,0,1,2,0,0
nm0000953,0,0,0,0,3,2,0,3,0,0,0,0,0,0,0,1,0,0
nm0000957,4,2,0,0,1,0,0,0,0,0,1,0,0,4,0,5,0,0
nm0000958,2,3,0,0,0,2,0,5,2,0,0,0,0,0,1,3,0,0
nm0000965,1,3,0,1,3,4,0,7,1,0,1,0,0,2,2,5,0,0
nm0000975,0,1,0,0,0,2,0,5,0,0,0,0,0,0,0,0,0,0
nm0000976,2,0,0,0,2,2,0,2,0,0,0,0,0,1,0,1,0,0
nm0000983,0,0,0,0,4,0,0,1,1,0,0,0,0,1,0,0,0,0
nm0000985,0,0,0,0,5,0,0,5,0,0,0,0,0,4,0,0,0,0
nm0001005,0,0,0,0,1,1,0,6,0,0,0,0,1,3,0,1,0,0
nm0001008,0,0,0,0,5,0,0,4,1,0,0,0,1,4,0,1,0,0
nm0001023,0,0,0,0,1,1,0,4,0,1,0,1,0,0,0,0,0,0
nm0001024,0,0,0,0,1,2,0,4,0,0,0,0,0,2,0,1,0,0
nm0001045,0,0,0,0,3,0,0,0,0,0,0,0,0,0,0,0,0,0
nm0001047,1,0,0,0,0,0,0,1,0,0,0,0,0,0,0,0,1,0
nm0001053,0,1,0,0,9,8,0,8,0,2,0,0,0,2,0,3,0,1
nm0001054,0,1,0,0,9,9,0,9,0,2,0,0,0,2,0,3,0,1
nm0001060,0,4,0,3,5,0,0,4,3,0,0,1,0,3,1,0,0,0
nm0001068,0,0,0,0,1,1,0,5,0,0,0,0,0,3,0,0,0,0
nm0001081,0,0,0,0,4,0,0,6,0,0,0,0,1,5,1,1,0,0
nm0001093,1,1,0,0,1,2,0,3,0,0,0,0,0,0,0,4,1,0
nm0001102,2,2,2,3,6,0,0,0,3,0,5,1,1,0,5,1,1,0
nm0001104,0,0,0,0,1,2,0,3,0,0,1,0,0,1,1,0,0,0
nm0001112,5,3,0,1,1,1,0,3,0,0,0,0,1,0,0,5,0,0
nm0001120,0,0,0,0,0,0,0,4,0,0,0,0,0,0,0,0,1,0
nm0001129,0,0,0,0,2,2,2,5,0,0,1,2,0,1,0,2,0,0
nm0001130,0,0,0,0,3,2,1,3,0,0,0,0,0,1,0,0,0,0
nm0001139,0,0,0,0,1,0,1,0,0,0,0,0,0,0,0,0,0,0
nm0001149,9,5,0,1,8,6,0,5,3,0,1,0,2,3,3,5,0,1
nm0001162,0,0,0,0,2,0,0,1,1,0,0,0,1,3,0,0,0,0
nm0001175,1,0,0,0,11,5,0,2,0,0,0,2,1,5,0,0,1,0
nm0001178,1,0,0,0,0,0,0,2,0,0,0,0,0,0,0,0,2,0
nm0001188,0,0,0,0,5,0,0,3,2,0,0,0,0,5,0,0,0,0
nm0001202,0,0,0,0,0,0,0,4,0,0,0,0,0,1,0,0,0,0
nm0001206,0,0,0,0,0,2,0,1,0,0,1,0,0,0,1,2,0,0
nm0001214,0,0,0,0,0,1,0,1,0,0,0,0,0,1,0,1,0,0
nm0001219,2,0,0,0,0,2,1,6,0,0,0,0,1,1,1,5,0,0
nm0001226,0,0,0,0,0,3,0,4,0,0,0,0,1,0,0,3,0,0
nm0001232,0,0,0,0,5,0,0,10,0,0,0,1,0,2,0,0,0,0
nm0001239,3,0,0,0,0,2,0,1,0,0,0,0,1,0,2,7,2,0
nm0001241,0,0,0,0,6,2,0,12,0,1,1,0,0,3,0,2,0,0
nm0001243,3,0,0,0,0,4,0,5,0,0,2,0,1,0,0,6,0,0
nm0001252,0,0,0,0,0,0,0,2,0,0,0,0,0,1,0,0,0,0
nm0001270,0,0,0,0,0,0,0,2,0,0,1,1,0,0,0,2,0,0
nm0001274,1,0,0,0,2,0,0,1,0,0,0,0,0,1,1,0,0,0
nm0001281,0,0,0,0,2,0,0,2,0,0,0,0,0,0,0,0,0,0
nm0001282,0,0,0,0,2,0,0,3,0,0,0,0,0,2,0,0,0,0
nm0001302,0,1,0,0,5,0,0,0,0,0,0,1,0,0,0,0,0,1
nm0001317,10,3,0,0,1,2,0,1,0,0,5,0,1,1,1,11,0,0
nm0001325,0,0,0,0,3,1,0,4,0,0,0,0,0,1,0,1,0,0
nm0001328,1,4,0,0,8,2,0,4,0,1,1,1,1,7,2,1,2,3
nm0001331,0,0,0,0,0,0,0,4,0,0,0,0,0,1,0,1,0,0
nm0001338,2,0,0,0,1,0,0,1,0,0,1,0,1,1,0,2,0,0
nm0001345,0,2,0,1,1,0,0,0,2,0,0,1,0,0,0,0,0,0
nm0001348,1,4,0,0,1,2,8,9,0,0,2,0,0,0,0,0,2,0
nm0001351,1,0,0,0,7,1,0,2,0,0,0,1,0,2,1,0,1,1
nm0001353,6,2,0,0,3,5,0,5,0,1,0,0,0,0,1,5,1,0
nm0001355,0,0,0,0,2,0,0,4,1,0,0,0,0,1,0,0,0,0
nm0001361,0,0,0,0,0,0,0,1,0,0,5,0,1,0,1,2,0,0
nm0001379,3,5,0,1,6,3,0,13,0,3,0,1,1,4,0,2,3,4
nm0001382,8,2,0,0,1,1,0,3,1,0,2,0,1,2,5,7,0,0
nm0001392,2,7,1,0,5,2,1,4,9,0,4,1,0,0,1,3,0,0
nm0001402,0,3,1,0,5,0,0,0,2,0,0,0,0,0,0,0,0,0
nm0001403,0,0,0,0,3,2,0,10,3,0,2,0,0,2,0,4,0,0
nm0001408,0,1,0,0,0,0,0,3,0,0,0,0,0,1,0,0,1,0
nm0001410,2,0,0,0,5,3,0,5,0,0,1,0,0,2,1,2,0,2
nm0001415,0,0,0,0,0,2,0,8,0,1,0,0,0,1,0,1,0,0
nm0001425,0,0,0,0,1,2,0,9,1,0,0,0,0,3,0,0,0,0
nm0001429,4,0,0,0,3,5,0,6,0,0,0,0,0,1,0,2,0,0
nm0001437,0,0,0,0,5,1,0,4,2,0,0,1,0,3,0,0,2,0
nm0001438,0,0,0,0,4,1,0,6,0,0,1,0,1,2,0,3,0,0
nm0001460,1,0,0,0,0,1,0,2,0,0,0,0,0,0,1,2,1,0
nm0001466,5,2,0,0,0,1,0,3,0,0,0,0,0,0,0,1,1,5
nm0001469,1,1,0,1,8,2,0,10,2,0,0,0,1,1,1,5,1,0
nm0001486,0,0,0,0,3,6,0,12,0,0,0,0,3,0,0,4,1,0
nm0001490,0,0,0,0,0,0,0,6,0,0,1,0,1,4,0,2,0,0
nm0001501,0,0,0,0,0,2,0,8,0,0,0,0,0,1,0,1,0,0
nm0001502,1,0,0,0,0,0,0,2,0,0,0,0,0,3,0,2,1,0
nm0001508,1,0,0,0,5,0,0,6,1,0,0,0,1,2,0,1,0,0
nm0001532,7,4,0,0,1,2,0,1,2,0,0,0,1,1,1,5,1,0
nm0001554,0,0,0,0,0,1,8,0,0,0,0,0,0,0,0,0,2,0
nm0001565,1,2,0,0,2,1,0,4,2,0,0,0,0,5,0,1,0,0
nm0001566,0,0,0,0,9,0,0,14,1,0,1,0,0,4,0,1,2,0
nm0001579,1,1,0,0,0,0,0,2,0,0,0,0,0,0,1,0,0,0
nm0001587,1,0,0,0,0,2,0,6,0,0,0,0,2,1,0,5,0,0
nm0001596,0,0,0,0,0,0,0,4,0,0,0,0,0,0,0,0,0,0
nm0001603,1,2,0,0,1,2,0,4,0,0,0,0,0,0,0,3,1,4
nm0001628,0,0,0,0,2,0,0,7,0,0,0,0,1,6,0,3,0,1
nm0001631,0,0,0,0,0,0,1,2,0,0,0,0,0,1,0,0,0,0
nm0001639,3,2,0,0,0,1,0,1,1,1,0,0,1,0,3,4,0,0
nm0001661,1,2,0,0,10,1,0,10,1,0,1,0,0,7,0,2,0,0
nm0001674,0,0,0,0,2,0,0,1,0,0,0,0,0,1,0,0,0,0
nm0001675,11,5,0,3,4,6,0,0,0,1,4,0,1,1,3,7,0,2
nm0001676,0,2,0,1,0,1,0,5,1,0,1,0,0,0,1,2,0,0
nm0001681,3,0,0,0,0,0,0,3,0,0,8,0,0,0,4,4,0,0
nm0001692,0,0,0,0,0,0,0,3,0,0,1,1,0,0,1,0,0,0
nm0001707,0,0,0,0,0,1,0,4,1,0,1,0,0,0,0,0,0,0
nm0001708,4,2,0,0,3,3,0,11,1,0,2,1,3,2,1,9,0,0
nm0001710,0,0,0,0,1,0,0,1,0,0,0,0,0,1,0,1,0,0
nm0001714,0,0,0,0,2,0,0,2,0,0,0,0,0,0,0,0,0,0
nm0001716,9,0,0,0,2,7,0,9,0,0,1,0,1,2,1,12,1,0
nm0001723,0,0,0,0,6,0,0,3,4,0,0,0,1,3,1,1,0,0
nm0001741,4,5,0,0,0,1,0,2,1,0,0,0,1,0,4,4,1,0
nm0001747,0,1,0,1,1,0,0,1,0,0,0,0,0,0,0,0,0,0
nm0001752,2,0,0,0,5,9,0,17,0,0,0,0,4,3,3,12,2,0
nm0001754,0,1,0,0,4,0,0,4,0,0,0,0,0,0,0,0,0,0
nm0001756,4,1,0,3,9,2,0,0,2,0,0,0,0,0,4,1,0,1
nm0001774,1,2,0,0,5,0,0,2,0,0,0,0,0,1,0,1,1,0
nm0001775,0,0,0,0,3,0,0,1,0,0,0,0,0,1,0,0,0,0
nm0001789,0,0,0,0,0,0,0,7,0,0,0,0,2,0,2,0,2,0
nm0001801,1,0,0,0,0,0,0,2,0,0,0,0,0,1,0,1,0,0
nm0001814,0,1,0,0,1,3,0,10,0,0,1,0,0,3,0,2,0,0
nm0001837,0,2,0,0,2,0,0,11,1,0,0,0,2,3,1,3,3,0
nm0001843,0,1,0,0,0,0,0,2,0,0,3,0,0,0,3,0,0,0
nm0001845,0,0,0,0,3,0,0,2,0,0,0,0,0,3,0,0,0,0
nm0001873,0,0,0,0,0,0,0,3,0,0,0,0,0,0,0,0,0,0
nm0001874,0,0,0,0,2,0,0,4,0,0,0,0,0,2,0,0,1,0
nm0001878,1,0,0,0,9,1,0,0,0,0,2,0,0,2,0,0,0,0
nm0001880,4,2,0,0,2,2,0,8,0,0,0,0,0,3,0,3,6,1
nm0001885,0,0,0,0,2,0,1,13,1,0,1,1,4,0,1,3,0,0
nm0001915,0,0,0,0,2,1,0,1,0,0,0,1,0,2,0,0,0,0
nm0001928,1,0,0,0,0,0,0,1,0,0,1,0,0,0,1,0,0,0
nm0001945,0,0,0,0,0,0,0,2,0,0,0,0,1,0,0,0,0,0
nm0001988,0,1,0,0,1,0,0,2,1,0,0,0,1,1,1,0,0,0
nm0001994,3,0,0,0,1,2,1,6,0,0,0,0,1,2,0,2,3,0
nm0002020,0,0,0,0,1,1,0,4,0,0,0,0,2,0,0,2,0,0
nm0002030,0,1,0,1,8,0,0,10,1,0,0,3,0,9,0,1,1,0
nm0002031,3,3,0,0,3,2,0,5,0,1,0,2,0,5,0,0,0,0
nm0002044,3,1,0,0,0,1,0,5,0,0,1,0,1,1,1,5,1,0
nm0002045,0,0,0,0,9,1,0,1,1,0,0,5,1,6,0,1,0,1
nm0002080,0,0,0,0,0,0,0,3,1,0,0,2,0,0,0,0,0,0
nm0002083,0,0,0,0,0,3,0,3,0,2,0,0,1,0,0,4,0,0
nm0002086,0,0,0,0,0,0,0,0,0,0,2,0,0,0,0,0,0,0
nm0002087,1,1,0,0,0,0,0,3,0,1,0,0,0,0,0,0,1,0
nm0002089,2,1,0,0,0,0,0,1,0,0,0,1,0,0,1,1,1,0
nm0002120,1,1,0,0,4,1,0,14,0,0,0,0,1,6,0,0,1,0
nm0002132,0,1,0,0,7,0,0,1,0,0,0,0,0,6,0,0,0,0
nm0002137,2,1,0,0,7,2,0,4,0,0,0,1,0,1,0,0,1,0
nm0002140,0,0,0,1,0,0,0,2,0,0,0,0,0,0,0,0,1,0
nm0002159,0,0,0,0,0,0,0,2,1,0,0,0,0,1,0,0,0,0
nm0002175,3,2,0,1,1,0,0,2,0,0,0,0,0,0,0,0,2,0
nm0002190,0,0,0,0,2,0,0,2,0,0,0,0,0,1,0,0,0,0
nm0002191,0,0,0,0,0,2,0,4,0,0,0,0,0,1,0,1,0,0
nm0002199,0,0,0,0,0,1,0,3,0,0,0,0,0,0,0,0,0,0
nm0002207,1,1,0,1,0,1,0,0,0,0,1,0,2,0,0,2,0,0
nm0002216,0,1,0,0,1,0,0,2,0,0,0,0,0,0,0,0,0,0
nm0002337,1,0,0,0,1,0,0,0,0,0,0,0,0,0,1,1,0,0
nm0002338,0,0,0,1,0,0,0,3,1,0,1,0,1,0,0,2,0,0
nm0002339,0,0,0,0,0,1,0,2,0,0,0,0,1,1,0,1,0,0
nm0002340,1,0,0,0,1,0,0,1,1,0,3,0,1,0,3,2,0,0
nm0002545,0,1,0,0,7,0,0,0,0,0,0,0,0,4,0,0,0,0
nm0002653,4,7,1,3,1,0,0,2,3,0,1,0,0,0,4,3,1,0
nm0002657,1,1,0,0,1,0,0,3,1,0,0,0,0,0,1,1,0,0
nm0002718,1,0,0,0,2,1,0,1,0,0,0,0,0,0,0,0,0,0
nm0002728,0,0,0,0,1,1,0,2,0,0,0,0,1,1,0,1,0,0
nm0003080,1,0,0,0,1,0,0,0,0,0,1,0,0,0,1,0,0,0
nm0003088,0,0,0,1,0,0,0,2,0,0,0,0,0,0,0,0,0,0
nm0003160,1,0,0,0,0,2,0,0,0,0,0,0,0,0,0,2,0,0
nm0003226,0,0,0,0,0,0,0,2,0,0,0,0,0,0,0,1,0,0
nm0003289,0,0,0,0,2,0,0,0,0,0,0,0,0,1,0,0,0,0
nm0003408,0,0,0,0,0,0,1,0,0,0,0,0,0,1,1,0,0,0
nm0003418,7,4,0,0,0,2,0,2,2,0,0,0,0,0,1,6,0,0
nm0003423,1,2,0,1,0,0,0,0,1,0,0,0,0,0,0,1,1,0
nm0003433,0,0,0,0,0,0,0,3,1,0,1,0,0,0,0,0,0,0
nm0003474,0,0,0,1,2,0,0,1,0,0,0,0,0,0,0,0,0,0
nm0003506,4,1,0,0,2,3,0,4,1,0,1,1,1,2,1,3,0,1
nm0003593,0,1,0,0,0,1,0,5,0,0,0,1,0,2,0,1,1,2
nm0003620,1,2,0,0,9,1,0,3,1,0,1,0,0,4,0,1,0,0
nm0003638,0,0,0,0,0,0,0,3,1,0,2,0,0,1,0,0,0,0
nm0003697,0,0,0,0,0,0,0,2,0,0,0,0,0,1,0,2,0,0
nm0003836,0,1,0,0,0,0,0,7,3,0,1,1,1,4,0,1,3,0
nm0004056,1,4,3,3,2,0,0,0,0,0,0,0,0,1,2,0,0,0
nm0004121,2,0,0,0,0,1,0,2,0,0,1,0,1,0,0,2,1,0
nm0004244,0,0,0,0,3,0,0,0,0,0,0,0,0,0,0,0,0,0
nm0004303,2,1,0,0,0,1,0,2,0,0,0,0,0,0,2,2,0,0
nm0004305,0,1,0,1,0,0,0,1,1,0,0,0,0,1,0,0,0,1
nm0004306,3,5,1,2,2,0,0,2,2,0,2,0,0,0,4,2,0,0
nm0004410,3,0,0,0,1,1,0,0,0,0,0,0,0,0,1,2,0,0
nm0004675,2,0,0,1,1,1,0,4,1,0,0,0,0,0,1,1,1,0
nm0004716,0,1,0,0,0,0,0,6,1,0,0,0,0,1,1,2,0,0
nm0004838,0,0,0,0,3,0,0,0,0,0,0,0,0,2,0,0,0,0
nm0004886,1,0,0,0,1,1,0,0,0,0,0,0,0,0,0,1,0,0
nm0005008,1,2,0,2,2,0,0,0,0,0,0,2,0,0,1,0,0,0
nm0005033,2,0,0,0,2,0,0,0,0,0,0,0,0,0,0,0,0,0
nm0005062,0,1,3,2,4,0,0,0,2,0,1,1,0,0,0,0,0,0
nm0005069,0,1,0,1,2,0,0,4,2,0,0,0,0,2,1,0,0,0
nm0005101,0,0,0,0,1,1,0,2,0,0,0,0,0,0,0,0,0,0
nm0005116,0,0,0,0,1,0,0,0,0,0,2,0,0,0,0,0,0,0
nm0005124,0,4,5,5,5,0,0,0,2,0,0,0,0,0,0,0,0,0
nm0005139,0,0,0,0,3,0,0,8,0,0,0,1,0,0,0,0,0,0
nm0005190,0,0,0,1,12,0,0,4,0,0,0,1,0,11,0,0,0,0
nm0005196,0,0,0,0,3,0,0,2,0,0,0,0,0,0,0,0,0,0
nm0005222,2,1,0,0,2,1,0,5,0,0,0,0,0,2,0,1,1,0
nm0005237,0,0,0,0,0,0,0,5,0,0,0,0,1,3,0,1,2,0
nm0005295,1,1,3,0,5,0,0,0,1,0,1,2,0,0,0,0,0,1
nm0005303,0,0,0,0,0,0,0,2,0,0,0,0,0,0,0,0,1,0
nm0005348,0,0,0,0,6,1,0,0,2,0,0,0,0,0,0,1,0,0
nm0005363,3,1,0,0,3,6,0,1,0,0,0,0,2,0,0,5,0,0
nm0005366,2,2,0,1,8,0,0,2,0,0,0,0,0,0,0,0,0,0
nm0005367,0,0,0,1,5,1,0,2,0,0,0,0,0,1,1,0,0,0
nm0005387,0,0,0,1,3,0,0,0,0,0,0,0,0,1,0,0,0,0
nm0005421,2,0,0,0,3,2,0,5,0,0,0,0,0,2,0,1,0,0
nm0005436,5,0,0,0,0,4,0,5,0,0,0,0,1,0,0,3,0,0
nm0005509,5,3,0,2,6,0,1,5,2,0,0,0,1,3,0,3,0,0
nm0005522,1,0,0,0,0,1,0,2,0,0,0,0,0,0,0,0,0,0
nm0005540,2,0,0,0,5,1,0,0,0,0,1,0,0,0,0,0,0,0
nm0005563,1,0,0,0,0,1,0,2,0,0,0,1,0,0,0,1,0,0
nm0005572,1,0,0,0,0,1,1,2,0,0,0,0,0,0,0,1,0,0
nm0005647,4,0,0,0,0,2,0,1,0,0,1,0,0,1,1,3,0,0
nm0005713,0,0,0,0,0,0,0,0,0,0,2,0,0,1,0,0,0,0
nm0005738,1,1,0,1,0,0,0,1,0,0,0,0,0,0,1,0,0,0
nm0005789,0,1,0,0,0,0,0,2,0,1,0,0,1,0,1,0,1,0
nm0006249,0,0,0,0,0,0,0,3,0,0,0,0,0,0,0,0,0,0
nm0006445,0,0,0,0,2,0,0,2,0,0,0,0,0,3,0,0,0,0
nm0006452,0,1,0,0,1,1,0,5,0,0,0,0,0,0,0,1,0,0
nm0006476,1,0,0,0,1,2,0,3,0,0,0,0,1,1,1,3,0,0
nm0006487,1,0,0,0,0,1,0,6,0,0,0,0,0,1,0,2,1,0
nm0006498,0,0,0,0,1,0,0,2,0,0,0,0,0,0,0,0,0,0
nm0006554,0,0,0,0,0,0,0,3,0,0,0,0,0,1,0,0,0,0
nm0006625,2,2,0,2,2,0,0,1,2,0,0,0,0,1,2,0,0,0
nm0006837,0,0,5,5,5,0,0,1,0,0,0,1,0,0,0,0,0,0
nm0006845,0,0,0,0,0,0,0,2,1,0,0,0,0,1,0,0,0,0
nm0006854,4,1,0,0,3,1,0,1,0,0,0,0,0,0,1,2,0,0
nm0006889,0,0,0,0,5,0,0,3,0,0,0,0,0,3,0,0,0,0
nm0006904,1,1,0,0,0,1,0,2,0,0,0,0,0,1,0,3,0,0
nm0006916,1,1,0,0,4,1,0,2,1,0,0,0,2,0,0,0,0,0
nm0006960,0,0,0,0,2,0,0,6,0,0,0,0,0,3,0,1,1,0
nm0007082,1,3,0,0,0,1,0,3,0,0,1,0,1,2,0,2,0,0
nm0007139,3,1,0,0,0,0,0,1,0,0,0,0,0,1,0,0,0,0
nm0007182,0,0,0,0,1,0,0,1,0,0,0,0,0,0,1,0,0,0
nm0009190,3,3,0,0,0,0,0,0,0,0,0,0,1,0,3,2,0,0
nm0009788,0,0,0,0,0,0,2,0,0,0,0,0,0,0,0,0,1,0
nm0011470,0,4,2,4,2,0,0,0,3,0,0,1,0,2,0,0,0,0
nm0014960,1,0,0,0,0,0,0,1,0,0,4,0,1,0,0,4,0,0
nm0015359,0,0,0,0,2,0,0,3,0,0,0,0,0,3,0,0,0,0
nm0019242,2,0,0,0,0,2,0,1,0,0,0,0,2,0,0,1,0,0
nm0019247,0,0,0,0,0,0,0,2,1,1,1,0,0,1,0,1,0,0
nm0019282,0,0,4,4,0,0,0,1,1,0,0,2,0,0,0,0,0,0
nm0021249,0,2,2,2,1,0,0,1,0,0,0,1,0,0,0,0,0,0
nm0021899,0,0,0,0,1,1,0,1,0,0,0,0,0,1,0,1,0,0
nm0021975,0,0,0,0,0,0,3,0,0,0,0,0,0,0,0,0,0,0
nm0023355,0,0,0,0,0,1,0,1,0,0,3,0,0,0,1,3,0,0
nm0024622,0,1,0,0,0,0,0,5,0,0,2,0,1,2,1,3,0,0
nm0026442,0,0,0,0,1,1,0,3,0,0,1,0,1,2,1,4,0,0
nm0027183,2,2,0,0,1,0,0,2,0,0,0,0,0,0,2,0,1,0
nm0027271,8,3,0,0,0,0,0,0,1,0,5,0,0,0,7,5,1,0
nm0027459,1,1,2,2,2,0,0,0,0,0,0,0,0,0,1,0,0,0
nm0027572,0,4,1,1,8,2,0,5,1,0,0,0,0,2,0,0,0,0
nm0027815,0,0,0,0,1,0,0,2,0,0,0,1,0,0,0,0,0,0
nm0028764,1,1,2,1,1,0,0,0,0,0,0,1,0,0,0,0,0,0
nm0030417,4,0,4,0,0,0,0,2,1,0,0,0,1,0,4,0,0,0
nm0030735,1,0,0,0,1,1,0,1,0,0,1,0,1,0,1,2,0,0
nm0031976,0,0,0,0,3,0,0,3,0,0,0,0,0,2,0,0,0,0
nm0034531,0,0,0,0,0,0,2,0,0,0,0,0,0,0,0,0,0,0
nm0035899,0,0,3,3,0,0,0,2,1,0,0,2,0,0,0,0,0,0
nm0036349,0,0,0,0,0,0,0,2,0,0,0,0,0,0,0,0,0,0
nm0037708,0,0,0,0,4,0,0,3,0,0,0,0,0,1,0,0,0,0
nm0038432,0,3,3,3,2,0,0,0,1,0,0,1,0,2,0,0,0,1
nm0041932,0,0,0,0,0,0,0,1,0,0,0,0,0,0,0,0,0,1
nm0042796,2,0,2,0,2,0,0,0,0,0,0,0,0,1,2,0,0,0
nm0043742,2,0,0,0,0,3,0,4,0,0,0,0,0,0,0,2,1,0
nm0044803,0,0,0,0,1,1,0,1,0,0,0,0,1,0,0,1,0,0
nm0045800,0,0,0,0,1,0,0,1,0,0,0,2,0,2,0,0,0,0
nm0047259,0,0,0,0,1,1,2,1,0,0,0,0,0,0,0,1,0,0
nm0048491,0,0,0,0,0,1,0,1,0,0,1,0,0,0,1,2,0,0
nm0049371,0,0,0,0,0,0,0,1,0,0,3,0,1,0,0,2,0,0
nm0050597,0,4,0,2,0,0,0,3,0,0,0,0,0,0,0,0,0,0
nm0051972,0,0,0,0,2,0,2,0,0,0,0,0,0,0,0,0,0,0
nm0052737,0,0,0,0,0,0,2,0,0,0,0,0,0,0,0,0,0,0
nm0053190,0,0,0,0,1,1,2,1,0,0,0,0,0,0,0,1,0,0
nm0059106,0,0,0,1,2,0,0,0,0,0,1,0,0,0,0,0,0,0
nm0060072,0,1,3,3,0,0,0,1,3,0,0,0,0,0,0,0,0,0
nm0065284,0,0,0,0,0,0,0,0,0,0,2,0,0,0,0,1,0,0
nm0065442,0,0,0,0,0,2,0,1,0,1,0,0,0,0,0,1,0,0
nm0065608,0,1,0,0,2,0,0,0,0,0,0,0,0,0,0,0,0,0
nm0067457,4,0,0,0,0,0,0,0,3,0,3,0,1,0,1,4,0,0
nm0070159,0,0,0,1,1,0,0,2,0,0,0,0,0,0,0,0,0,0
nm0074426,0,0,2,2,1,0,0,0,0,0,0,0,0,0,0,0,0,0
nm0075666,0,0,0,0,0,1,4,0,0,0,1,0,1,0,0,1,0,0
nm0075849,0,0,0,0,2,0,0,2,0,0,0,0,0,1,0,0,0,0
nm0075859,0,1,2,2,0,0,0,1,1,0,0,0,0,0,0,0,0,0
nm0080120,0,0,0,0,1,0,0,2,0,0,0,0,0,2,0,0,0,0
nm0081540,0,0,0,0,0,0,0,4,0,0,0,0,0,2,0,0,0,0
nm0082300,1,1,0,0,0,0,0,3,0,0,0,0,0,1,0,0,1,0
nm0082450,1,0,0,0,2,1,0,1,0,0,0,0,0,0,0,0,0,0
nm0082802,0,0,0,0,1,0,0,2,0,0,0,0,0,1,0,0,0,0
nm0083348,2,4,4,4,2,0,0,2,0,0,0,0,0,0,1,1,0,0
nm0087904,0,0,0,0,1,0,1,0,0,0,0,0,0,0,0,0,0,0
nm0088392,0,0,0,0,3,0,3,0,0,0,0,0,0,0,0,0,0,0
nm0088955,1,0,0,0,0,0,0,1,0,0,0,0,1,0,2,1,0,0
nm0089940,1,6,8,8,2,0,0,3,3,0,0,2,0,0,1,0,0,0
nm0091076,0,0,0,0,0,0,0,1,0,0,0,0,0,0,0,0,2,0
nm0094435,1,0,0,0,1,2,0,5,0,0,1,0,2,0,2,3,0,0
nm0097079,0,0,0,0,0,1,0,1,0,0,2,0,0,0,0,3,0,0
nm0101047,1,0,2,1,1,0,0,0,0,0,0,0,0,0,1,0,0,0
nm0101385,3,2,0,0,0,2,0,1,1,0,0,0,1,0,1,1,0,0
nm0105169,0,1,2,2,2,0,0,0,1,0,0,0,0,0,0,0,0,0
nm0108132,0,0,0,0,0,1,0,2,0,0,0,0,0,0,0,0,0,0
nm0108745,0,0,0,0,0,0,0,3,0,0,0,0,0,0,0,1,0,0
nm0109273,0,0,0,0,3,0,0,0,0,0,0,0,0,0,0,0,0,0
nm0109359,0,0,0,1,5,0,0,0,0,0,0,0,0,1,0,0,0,0
nm0112218,0,0,0,0,0,1,0,4,0,0,0,0,0,0,0,0,0,1
nm0112374,0,0,0,0,1,0,1,1,0,0,0,0,0,0,0,0,0,0
nm0113284,0,0,0,2,0,0,0,3,0,0,0,0,0,1,0,0,0,0
nm0115218,0,0,0,0,0,1,0,1,0,0,2,0,0,0,0,0,0,0
nm0116497,1,1,1,0,0,0,0,0,0,0,2,0,0,0,2,0,0,0
nm0118333,0,2,3,2,2,0,0,1,1,0,0,1,0,1,0,0,0,0
nm0122653,0,0,0,0,2,0,0,0,0,0,0,0,0,1,0,0,0,0
nm0122741,0,0,0,0,0,0,2,0,0,0,0,0,0,0,0,0,1,0
nm0123379,0,0,0,0,1,0,2,0,0,0,0,0,0,1,0,0,0,0
nm0125186,0,1,2,2,0,0,0,0,0,0,0,1,0,0,0,0,0,0
nm0125803,1,2,1,0,10,1,0,2,1,0,0,0,0,5,0,1,0,0
nm0127373,0,0,0,0,5,0,0,0,0,0,0,0,0,0,0,0,0,0
nm0128883,2,0,0,1,1,0,0,0,0,0,0,0,0,1,0,0,0,1
nm0132709,6,5,0,0,1,0,0,3,0,0,0,0,0,2,1,3,1,1
nm0134176,1,0,0,0,0,1,0,1,0,0,1,0,1,0,1,1,0,0
nm0134559,0,0,0,0,0,0,0,2,0,0,0,0,0,0,0,0,0,0
nm0136021,0,0,0,0,0,0,0,3,1,0,0,1,1,1,1,0,0,0
nm0138620,3,0,0,0,1,2,0,3,0,0,0,0,0,0,0,3,0,0
nm0138809,0,0,0,0,1,0,0,1,0,0,0,1,0,2,0,0,0,0
nm0138893,0,0,0,0,0,0,0,2,0,0,0,0,0,1,0,0,0,0
nm0138927,0,0,0,0,0,0,0,2,0,0,0,0,0,0,0,0,0,0
nm0139867,1,0,0,1,4,1,0,0,0,0,0,0,0,0,0,0,0,0
nm0141222,1,2,0,0,1,0,1,2,1,0,0,0,0,0,1,1,0,0
nm0141961,0,0,0,0,0,0,0,3,0,0,0,0,0,1,0,0,1,0
nm0142286,2,0,0,0,0,3,0,4,0,0,0,0,0,0,1,5,0,0
nm0145309,1,1,0,0,3,0,0,1,1,0,0,0,0,0,1,0,0,0
nm0145336,0,0,0,0,0,0,0,1,0,0,2,0,0,0,0,1,0,0
nm0146341,0,0,0,0,2,0,0,1,0,0,0,0,0,0,0,0,0,0
nm0146960,0,0,0,0,0,1,0,2,0,0,0,0,0,1,0,1,0,0
nm0149446,0,0,0,0,3,0,0,1,0,0,0,1,0,4,0,0,0,0
nm0149548,1,2,1,1,0,0,0,0,1,0,0,1,0,0,0,0,0,0
nm0150897,0,0,0,0,0,0,0,1,0,0,2,0,0,0,0,1,0,0
nm0150906,2,0,0,0,1,1,0,1,1,0,0,0,0,0,0,0,0,0
nm0151540,1,1,0,0,4,1,0,0,0,0,1,0,1,0,0,0,0,0
nm0152312,1,1,2,1,0,0,0,0,0,0,0,1,0,0,0,0,0,0
nm0153078,0,0,0,0,4,0,1,0,0,0,0,0,0,0,0,0,0,0
nm0154104,0,0,0,0,2,2,0,0,0,0,0,0,0,0,0,0,0,0
nm0154819,1,1,0,0,2,0,0,1,0,0,0,0,0,1,0,1,0,0
nm0155093,0,0,0,0,3,0,0,2,0,0,0,1,0,3,0,0,0,0
nm0155280,0,0,0,0,0,0,0,3,0,0,0,0,0,1,0,0,0,0
nm0156047,0,0,0,1,2,0,0,0,0,0,0,0,0,0,0,0,0,0
nm0158966,0,0,0,0,1,0,0,3,0,0,0,0,0,1,0,0,0,0
nm0158984,0,0,2,0,1,0,0,0,1,0,0,0,0,1,0,0,0,0
nm0159109,2,1,3,0,0,0,0,1,2,0,1,0,0,0,2,0,0,0
nm0159507,2,0,0,0,2,0,0,0,0,0,0,0,0,0,0,0,0,0
nm0160840,0,0,0,0,0,0,0,2,0,0,0,1,0,2,0,0,0,0
nm0161152,1,0,0,0,0,1,0,1,0,0,1,0,0,0,0,3,0,0
nm0161834,0,0,0,0,0,1,0,2,0,0,0,0,0,1,0,0,0,0
nm0163229,0,0,0,0,1,1,0,0,0,0,0,1,1,0,0,0,0,0
nm0163706,0,0,0,1,4,0,0,0,0,0,1,0,1,0,0,1,0,0
nm0164187,0,0,0,0,0,1,0,3,0,0,0,0,0,0,0,1,0,0
nm0166256,1,3,6,6,3,1,0,0,1,0,0,4,0,2,1,0,0,0
nm0167195,2,0,0,0,0,1,0,0,0,0,0,0,0,0,0,0,0,0
nm0167241,1,1,0,0,0,2,0,3,0,0,1,0,1,0,0,3,0,0
nm0167384,0,0,0,0,0,0,2,1,0,0,0,0,0,0,0,0,0,0
nm0167496,0,0,0,0,0,1,0,3,1,0,0,0,0,0,0,1,1,0
nm0168413,0,0,0,0,0,0,0,2,2,0,0,0,0,1,0,0,0,0
nm0169806,0,0,0,0,3,0,0,1,0,0,1,0,0,0,0,0,0,0
nm0170043,0,0,0,0,0,0,0,3,0,0,0,0,0,4,0,0,0,0
nm0170719,0,0,0,0,4,0,0,2,0,0,0,0,0,1,0,0,0,0
nm0174374,0,2,0,0,0,0,0,5,2,0,0,1,0,2,0,0,0,0
nm0176699,0,0,0,0,1,0,0,1,0,0,0,0,0,1,0,0,0,0
nm0176905,0,1,2,2,2,0,0,2,0,0,0,1,0,1,0,0,0,0
nm0178376,0,0,0,0,0,0,0,2,0,0,0,0,0,1,0,1,0,0
nm0178997,0,2,0,1,4,0,0,1,1,0,0,0,0,2,0,0,0,0
nm0179221,0,0,0,0,0,0,0,2,0,0,0,0,0,0,0,2,0,0
nm0179281,0,0,0,0,0,0,0,1,0,0,0,0,0,0,0,0,0,2
nm0181579,0,0,0,0,0,0,0,1,0,0,0,0,2,0,0,2,0,0
nm0181741,1,1,0,0,2,0,0,0,2,0,3,0,0,0,1,0,0,0
nm0181902,3,1,0,0,0,1,0,1,0,0,1,0,0,0,1,2,0,1
nm0187091,0,0,0,0,0,0,2,0,0,0,0,0,0,0,0,0,0,0
nm0187769,0,0,0,0,2,2,0,0,0,0,1,0,1,0,0,0,0,0
nm0188165,0,0,0,0,0,0,0,2,0,0,0,0,0,2,0,1,0,0
nm0190859,2,2,0,1,0,0,0,4,1,0,0,0,0,3,2,1,0,0
nm0191147,0,0,0,0,0,0,0,2,0,0,0,0,0,0,0,0,0,0
nm0192289,2,1,0,0,0,0,0,2,1,0,0,0,0,0,0,0,1,0
nm0192845,0,0,0,0,0,0,0,2,0,0,0,0,0,1,0,0,0,0
nm0193231,0,0,0,0,0,0,2,0,0,0,0,0,0,0,0,0,0,0
nm0193485,0,0,0,0,2,0,0,3,1,0,0,0,0,2,0,0,0,0
nm0196536,0,0,0,1,2,0,0,1,0,0,0,1,0,1,0,0,0,0
nm0196860,1,0,0,0,0,1,0,1,0,0,0,1,0,0,0,1,0,0
nm0197636,0,0,0,0,0,0,0,4,0,0,0,0,0,2,0,0,0,0
nm0199722,1,0,0,1,3,1,0,0,1,0,0,0,0,0,0,0,0,0
nm0200005,0,0,0,0,0,0,0,2,0,0,0,0,0,0,0,0,0,0
nm0201094,0,0,0,0,0,1,0,5,0,0,0,0,0,0,0,0,0,0
nm0201095,0,0,0,0,0,1,0,5,0,0,0,0,0,0,0,0,0,0
nm0201509,1,4,4,4,4,0,0,0,1,0,0,0,0,0,0,0,0,0
nm0202088,0,1,0,0,1,2,0,1,0,3,0,0,1,0,0,3,0,0
nm0202681,1,1,0,0,0,1,0,2,0,1,0,0,0,1,0,2,0,1
nm0204884,0,2,2,2,2,0,0,0,1,0,0,0,0,0,0,0,0,0
nm0205157,1,0,0,0,2,1,0,0,0,0,0,0,0,1,0,0,0,0
nm0205542,0,0,0,0,2,0,0,0,0,0,0,0,0,0,0,0,0,0
nm0206760,0,1,0,0,2,0,0,1,1,0,0,0,0,1,0,0,0,0
nm0213100,0,0,0,2,2,0,0,0,0,0,0,0,0,0,0,0,0,0
nm0213340,0,1,0,0,0,0,1,1,0,0,0,0,0,0,0,0,0,0
nm0213450,1,3,3,2,0,0,1,0,1,0,0,0,0,0,1,0,0,0
nm0215269,1,1,0,0,2,1,0,1,0,0,2,0,0,0,2,2,0,0
nm0218840,0,0,0,0,1,0,0,1,0,0,0,2,0,2,0,0,0,0
nm0220600,0,0,0,0,0,1,0,2,0,0,2,0,0,0,1,3,0,0
nm0222043,1,0,0,0,6,1,0,2,0,0,0,0,0,4,0,0,0,0
nm0223359,2,1,0,0,3,0,0,0,0,0,0,0,0,1,0,0,0,1
nm0225416,1,0,0,0,1,1,0,0,0,0,1,0,0,0,0,1,0,0
nm0226189,0,0,0,0,0,0,0,2,1,0,0,0,0,0,0,0,0,0
nm0227540,1,2,2,2,2,0,0,0,1,0,0,0,0,0,1,0,0,0
nm0228327,0,0,2,0,2,0,0,0,0,0,0,0,0,0,0,0,0,0
nm0229424,0,0,0,0,0,2,0,1,0,2,0,0,0,0,0,1,1,0
nm0229694,1,1,0,1,4,1,0,1,1,0,0,0,0,1,0,0,0,0
nm0230032,0,2,3,2,2,0,0,1,1,0,0,0,0,0,0,0,0,0
nm0231596,0,0,0,0,0,2,0,3,0,0,0,0,0,0,0,2,0,1
nm0232795,0,0,0,0,1,0,0,1,1,0,0,0,0,0,0,0,0,0
nm0235719,0,0,0,0,0,0,0,1,0,0,2,0,2,0,0,2,0,0
nm0236226,0,0,0,0,4,0,0,3,0,0,0,1,0,0,0,0,0,0
nm0236769,0,0,0,0,2,0,0,1,0,0,0,0,0,0,0,1,0,0
nm0238865,0,1,1,2,1,0,0,0,1,0,0,1,0,0,0,0,0,0
nm0240627,2,0,0,0,0,2,0,2,0,0,0,0,0,0,0,2,0,0
nm0240797,2,0,0,1,11,0,0,0,0,0,0,0,0,3,0,0,0,0
nm0240995,3,0,0,0,0,0,0,0,0,0,0,0,0,0,1,3,0,0
nm0241090,0,0,0,0,0,0,0,3,0,0,0,0,0,0,0,0,0,0
nm0242271,0,1,0,2,1,0,0,1,0,0,0,0,0,0,0,0,0,0
nm0243231,0,0,0,0,2,0,0,3,0,0,0,0,0,2,0,0,0,0
nm0243233,0,0,0,0,2,0,0,3,0,0,0,0,0,2,0,0,0,0
nm0245385,1,0,0,1,0,0,0,2,0,0,0,0,0,1,0,0,1,0
nm0245888,0,0,0,0,3,0,0,0,0,0,0,0,0,0,0,0,0,0
nm0248054,0,1,0,0,3,0,0,0,0,0,1,0,1,0,1,0,0,0
nm0248942,1,0,0,0,0,1,0,2,0,0,0,0,0,0,0,1,0,0
nm0252135,2,1,0,0,1,0,0,1,0,0,1,0,0,0,1,1,0,0
nm0253323,0,0,0,0,2,0,0,1,0,0,0,0,0,1,0,0,0,0
nm0254178,0,0,2,0,2,0,0,2,0,0,0,0,0,0,0,0,0,0
nm0254632,0,0,0,0,2,0,0,1,0,0,0,0,0,1,0,0,0,0
nm0254786,2,1,0,1,1,1,0,1,0,0,3,0,1,0,0,4,0,0
nm0258531,0,0,0,0,0,0,2,1,0,0,0,0,0,0,0,0,0,0
nm0262693,0,0,0,1,1,0,0,2,0,0,0,0,0,0,0,0,0,0
nm0264236,0,0,0,0,0,0,0,3,0,0,0,0,0,0,0,0,0,0
nm0266302,0,0,0,1,2,0,0,0,0,0,0,0,0,2,0,0,0,0
nm0267244,1,0,0,0,2,0,0,1,0,0,0,0,0,1,0,0,0,0
nm0267309,0,0,0,0,1,1,0,0,0,0,0,0,0,0,0,0,0,0
nm0267512,0,1,0,0,2,0,0,1,1,0,0,0,0,1,0,0,0,0
nm0268380,1,2,1,0,10,1,0,2,1,0,0,0,0,5,0,1,0,0
nm0268513,0,1,0,0,1,1,0,0,0,1,0,0,0,0,0,1,0,1
nm0269463,4,3,0,2,3,0,0,0,2,0,0,0,0,0,3,2,0,1
nm0271402,0,2,3,1,3,0,0,0,1,0,0,0,0,0,0,0,0,0
nm0272568,0,0,4,4,0,0,0,1,2,0,0,4,0,0,0,0,0,0
nm0272704,0,0,0,0,0,0,0,1,0,0,0,0,0,1,0,0,0,0
nm0275286,1,0,0,0,0,1,0,1,2,0,1,0,1,0,0,2,0,0
nm0275629,0,0,0,0,2,0,0,2,0,0,0,0,0,2,0,0,0,0
nm0275698,0,1,0,1,3,0,0,1,1,0,0,1,0,1,1,1,0,0
nm0276062,0,0,0,0,0,0,0,2,0,0,0,0,0,1,0,0,0,0
nm0276169,0,0,0,0,1,0,0,1,1,0,4,0,1,0,1,4,0,0
nm0276349,0,0,0,0,0,1,0,1,0,0,0,0,0,0,0,1,0,0
nm0279807,0,0,0,0,0,1,0,0,0,0,3,0,1,0,0,0,0,0
nm0281396,0,0,0,0,1,0,0,3,0,0,0,0,0,0,0,0,0,0
nm0281507,3,5,0,1,0,2,0,5,2,1,0,1,1,0,3,2,1,0
nm0281508,3,0,0,0,2,2,0,1,0,0,1,0,0,0,0,0,0,0
nm0281598,0,1,0,0,4,1,0,1,1,0,1,0,0,1,0,2,0,0
nm0281808,0,2,0,1,0,0,0,3,1,0,1,1,0,1,0,0,1,0
nm0281869,0,0,0,0,1,0,1,0,0,0,1,0,0,0,0,0,0,0
nm0281945,0,0,0,0,2,0,0,1,0,0,0,0,0,3,0,0,0,0
nm0285302,0,0,0,0,0,1,0,2,0,0,0,0,1,0,1,2,1,0
nm0286975,2,1,0,0,1,0,0,5,1,0,1,0,0,2,0,2,0,0
nm0287025,0,0,0,0,2,0,0,0,0,0,0,0,0,1,0,0,0,0
nm0288144,0,0,0,0,0,0,2,0,0,0,0,0,0,0,0,0,0,0
nm0291205,2,0,0,0,4,0,1,5,0,0,0,0,0,0,0,1,1,0
nm0294379,0,0,0,0,0,0,0,0,0,0,1,0,0,0,1,2,0,0
nm0294825,0,0,0,0,0,0,2,0,0,0,0,0,0,0,0,0,0,0
nm0294997,0,1,0,0,3,0,0,0,0,0,0,0,0,1,0,0,0,0
nm0295243,0,0,0,0,0,0,1,1,0,0,0,0,0,0,0,0,0,0
nm0297935,2,0,0,0,0,0,0,2,0,0,1,0,0,0,0,1,1,0
nm0298807,6,1,0,0,0,4,0,5,0,0,0,0,0,0,0,7,1,0
nm0299563,0,0,0,1,1,0,0,2,0,0,0,0,0,1,0,0,0,0
nm0300265,0,1,2,2,0,0,0,1,0,0,0,1,0,1,0,0,0,0
nm0304521,1,0,0,0,0,0,0,0,1,0,1,0,1,0,0,2,0,0
nm0304541,0,0,0,0,0,0,0,2,0,0,0,0,0,0,0,0,1,0
nm0304830,0,0,0,0,2,0,0,0,0,0,0,0,0,0,0,0,0,0
nm0313623,0,0,0,0,0,0,0,2,0,0,0,0,0,0,0,1,1,0
nm0314671,0,2,10,10,1,0,0,1,4,0,0,6,0,2,0,0,0,0
nm0315041,0,0,0,0,3,0,0,1,0,0,0,0,0,1,0,0,0,0
nm0315065,0,0,0,0,0,0,1,1,0,0,0,1,0,0,0,0,0,0
nm0316795,0,0,0,0,0,0,3,0,0,0,0,0,0,0,0,0,0,0
nm0317981,0,0,0,0,0,0,0,2,0,0,0,0,0,0,0,0,0,0
nm0318150,4,3,0,0,3,0,0,3,0,0,0,0,0,2,2,3,1,0
nm0318795,1,1,0,2,2,0,0,0,1,0,0,0,0,1,1,0,0,0
nm0318916,0,0,0,0,3,0,0,1,0,0,1,0,0,0,0,0,0,0
nm0320660,0,0,0,0,0,0,0,2,0,0,0,1,1,0,0,0,0,0
nm0322144,0,0,0,0,0,0,0,2,0,0,0,0,0,0,0,0,0,0
nm0322242,0,0,0,0,1,1,0,2,0,0,1,0,1,0,1,1,0,0
nm0322515,5,5,0,0,0,0,0,0,0,0,0,0,0,0,0,5,0,0
nm0322865,0,0,0,0,0,0,0,1,0,0,0,1,1,0,0,1,0,0
nm0323239,0,0,0,0,3,0,0,0,0,0,0,0,0,2,0,0,0,0
nm0325196,1,0,3,3,0,0,0,1,1,0,0,2,0,1,0,0,0,0
nm0325776,1,2,4,4,1,0,0,2,2,0,0,1,0,0,1,0,0,0
nm0327273,1,0,0,0,6,1,2,3,2,0,0,0,0,3,1,1,0,0
nm0327944,0,0,0,0,1,1,0,6,0,0,0,0,1,1,0,3,0,0
nm0330140,0,1,0,0,2,0,0,1,0,0,0,0,1,2,0,0,0,0
nm0330347,0,0,0,0,2,0,0,0,0,0,0,0,0,2,0,0,0,0
nm0330360,0,0,0,0,0,0,0,2,0,0,0,0,0,0,0,0,1,0
nm0330456,0,0,0,0,1,0,0,1,0,0,0,1,0,2,0,0,0,0
nm0331532,1,2,0,3,6,0,0,0,1,0,0,0,2,2,0,0,0,0
nm0332539,0,0,0,0,1,0,0,4,0,1,0,1,0,3,0,0,0,0
nm0336620,3,0,0,0,2,4,0,3,0,0,0,1,1,0,0,3,0,0
nm0336695,0,0,0,0,0,1,0,2,0,0,0,0,0,1,0,0,0,0
nm0337773,2,1,0,0,3,2,0,4,1,0,0,0,0,1,0,1,0,0
nm0339004,0,0,0,0,3,0,0,1,0,0,0,0,0,2,0,0,0,0
nm0339030,3,1,0,0,0,3,0,4,0,0,0,0,0,0,0,4,1,0
nm0339254,0,0,0,0,0,0,2,0,0,0,0,0,0,0,0,0,0,0
nm0340436,0,0,0,0,0,1,0,0,0,0,2,0,2,0,0,2,0,0
nm0344955,0,0,0,0,2,0,0,0,0,0,0,0,0,0,0,0,0,0
nm0346550,0,0,0,0,0,0,3,1,0,0,0,0,0,0,0,1,0,0
nm0347086,1,2,0,0,0,1,0,1,1,0,0,0,1,1,1,2,0,0
nm0348181,2,1,0,0,2,0,0,1,0,0,1,0,0,0,2,0,0,0
nm0353673,0,0,0,0,0,2,0,3,0,0,0,0,1,1,0,1,0,0
nm0354126,0,1,2,2,0,0,0,0,1,0,0,0,0,0,1,0,0,0
nm0354691,1,1,2,0,0,0,0,1,0,0,1,0,0,0,1,0,0,0
nm0357453,0,0,0,0,2,0,0,0,0,0,0,0,0,1,0,0,0,0
nm0357584,0,0,0,0,1,0,0,2,0,0,0,0,0,0,0,0,0,0
nm0357607,0,0,0,0,1,0,0,1,0,0,1,0,1,0,0,0,0,0
nm0357891,7,4,0,0,1,2,0,3,0,0,0,0,1,0,0,6,2,0
nm0358327,0,0,0,0,0,1,0,2,0,0,2,0,1,0,0,2,0,0
nm0359387,0,0,0,0,1,0,0,4,0,0,0,0,0,0,0,0,1,1
nm0359457,0,1,6,6,1,0,0,3,3,0,0,4,0,0,0,0,0,0
nm0359734,0,0,0,0,0,0,0,10,0,0,2,0,2,1,0,3,0,0
nm0362566,1,0,0,0,1,0,0,4,2,0,1,0,1,1,0,2,0,0
nm0366004,0,0,0,0,0,1,0,2,0,0,1,0,1,0,0,1,0,0
nm0368871,0,2,0,0,0,2,0,6,0,2,0,0,0,0,0,1,0,3
nm0371059,0,1,0,0,2,0,0,0,0,0,0,0,0,0,0,0,0,0
nm0371890,0,1,0,0,1,1,0,1,0,0,0,0,0,1,0,0,0,0
nm0373282,0,0,0,0,2,0,0,2,0,0,0,0,0,1,0,0,0,0
nm0373429,0,0,2,2,0,0,0,0,2,0,0,2,0,0,0,0,0,0
nm0373698,0,0,0,0,0,0,2,0,0,0,0,0,0,0,0,0,0,0
nm0378144,2,0,0,0,0,2,0,0,0,0,0,0,0,0,0,1,0,0
nm0378893,2,3,0,2,10,0,0,2,1,0,0,1,0,2,2,0,0,0
nm0379179,0,0,0,0,2,0,0,2,0,0,0,0,0,1,0,0,1,0
nm0379237,0,0,0,0,3,0,0,0,0,0,0,0,0,1,0,0,0,0
nm0380705,3,0,0,0,0,1,0,2,0,0,0,0,0,0,0,0,0,0
nm0381273,0,0,0,0,0,1,0,0,0,1,0,0,0,0,0,1,0,0
nm0381478,0,0,0,0,2,0,0,0,0,0,0,0,0,0,0,0,0,0
nm0382072,0,3,1,3,3,0,0,0,2,0,0,0,0,0,1,0,0,0
nm0382584,0,0,0,0,1,1,1,2,0,0,0,0,0,0,0,1,0,0
nm0382956,0,0,0,0,1,0,0,4,0,0,0,0,0,2,0,0,0,0
nm0383359,0,0,0,0,3,1,0,1,0,0,0,1,0,1,0,1,0,0
nm0384722,0,0,1,3,3,0,0,0,0,0,0,0,0,0,0,0,0,0
nm0384825,0,1,0,0,0,2,0,4,0,0,0,0,0,0,1,1,0,1
nm0386570,1,0,0,0,0,0,0,3,0,0,1,0,0,0,1,2,1,0
nm0387706,0,0,0,0,0,4,0,5,1,0,0,0,2,0,0,5,1,0
nm0388198,2,1,0,0,0,2,0,2,0,0,1,0,0,0,1,1,0,0
nm0389591,1,1,0,1,3,0,0,0,1,0,0,0,0,2,0,0,0,0
nm0390822,0,0,0,0,2,0,0,0,0,0,0,0,0,1,0,0,0,0
nm0392237,0,0,0,0,4,0,0,4,0,0,0,0,0,3,0,0,0,0
nm0393094,1,1,0,0,0,0,0,2,2,0,2,0,0,0,3,0,0,0
nm0393661,2,0,0,0,0,0,0,1,0,0,0,0,0,0,0,2,0,0
nm0393799,0,0,0,0,0,1,0,5,0,0,0,1,0,1,0,0,0,0
nm0394280,5,2,0,0,1,2,0,1,0,0,2,0,0,0,2,5,0,0
nm0396074,0,2,4,1,2,0,0,1,1,0,0,0,0,1,2,0,0,0
nm0396421,0,1,0,2,0,0,0,0,1,0,0,0,0,0,1,0,0,0
nm0397174,1,1,2,2,2,0,0,0,1,0,0,1,0,1,0,0,0,0
nm0398185,1,0,0,0,2,1,0,2,0,0,0,0,0,2,0,2,0,0
nm0399737,0,0,0,0,2,0,0,0,0,0,0,0,0,1,0,0,0,0
nm0399853,0,1,0,0,0,0,0,2,0,0,0,0,0,1,0,0,0,0
nm0400436,3,1,0,0,0,3,1,3,0,0,1,0,1,0,0,1,0,0
nm0400441,3,1,0,0,0,3,1,4,0,0,1,0,1,1,0,1,0,0
nm0400486,1,0,0,1,2,1,0,1,0,0,0,0,0,1,0,0,0,0
nm0400731,1,2,0,1,2,0,0,0,1,0,0,1,0,0,0,0,0,0
nm0401203,1,1,2,2,2,0,0,0,1,0,0,0,0,0,0,0,0,0
nm0402563,1,1,2,2,0,0,0,0,1,0,0,1,0,0,0,0,0,0
nm0403541,0,1,0,0,2,0,0,1,0,0,0,0,0,2,1,0,0,0
nm0404606,2,1,0,0,1,0,0,0,0,0,0,0,0,0,0,0,2,0
nm0405336,0,0,0,0,3,0,0,4,0,0,0,1,0,1,0,0,0,0
nm0405605,0,0,0,1,0,0,0,2,0,0,0,0,0,0,0,0,0,0
nm0405632,1,0,0,0,0,0,0,4,0,0,2,0,1,0,0,4,0,0
nm0407067,0,1,0,0,3,2,0,0,0,0,0,0,1,1,0,4,0,0
nm0408348,3,3,0,0,0,0,0,3,0,0,0,0,0,0,0,0,0,0
nm0410139,1,0,0,0,0,0,0,2,0,0,0,0,0,0,0,1,1,0
nm0410769,0,0,0,1,1,0,0,0,1,0,0,1,0,2,0,0,0,0
nm0412465,0,0,0,0,0,0,0,4,0,0,0,0,0,3,0,0,0,0
nm0412517,0,0,0,0,0,1,0,2,0,0,0,0,0,1,0,1,0,0
nm0413875,1,0,0,0,1,0,0,5,0,0,0,0,0,2,1,2,1,0
nm0414144,0,2,9,9,1,0,0,2,6,0,0,8,0,2,0,0,0,0
nm0416945,0,0,0,0,0,0,2,1,0,0,0,0,0,0,0,0,0,0
nm0417708,1,1,0,1,1,0,0,0,1,1,0,0,1,0,1,1,0,0
nm0418450,0,0,0,0,2,0,0,2,0,0,0,0,0,2,0,0,0,0
nm0418659,0,0,0,0,0,0,3,0,0,0,0,0,0,0,0,0,0,0
nm0418982,0,0,0,0,1,1,0,4,0,0,0,0,1,1,0,1,0,0
nm0419884,0,2,0,0,1,0,0,0,2,0,0,0,0,0,0,1,0,0
nm0420982,0,0,0,0,2,0,0,2,0,0,0,0,0,0,0,0,0,0
nm0421314,1,0,0,0,3,2,0,2,0,0,0,0,0,1,0,0,0,0
nm0421776,0,1,2,2,2,0,0,0,1,0,0,0,0,1,0,0,0,0
nm0422484,1,0,0,0,5,1,0,11,0,0,0,2,2,5,1,2,1,0
nm0423333,0,0,0,0,1,1,1,2,0,0,0,1,0,0,0,1,0,0
nm0423524,0,0,0,0,0,0,0,2,1,0,1,0,1,0,0,1,0,1
nm0423646,0,0,0,0,0,0,0,4,0,0,0,0,0,1,0,0,1,0
nm0424800,1,0,0,0,0,1,0,1,0,0,0,0,0,0,0,2,0,0
nm0425756,2,0,0,0,1,1,0,1,1,0,0,0,0,1,0,1,0,0
nm0425913,0,0,0,0,0,0,0,2,0,0,0,0,0,0,0,0,0,0
nm0425957,0,0,0,0,2,0,0,0,0,0,0,0,0,0,0,0,0,0
nm0426059,1,1,0,0,1,3,0,1,0,1,0,0,1,1,1,0,0,0
nm0426333,0,3,3,3,2,0,0,0,2,0,0,0,0,0,0,0,0,0
nm0428600,0,0,0,1,2,0,0,1,1,0,0,0,0,0,0,0,0,0
nm0429964,0,0,0,0,2,2,0,3,0,0,0,0,0,0,0,2,1,0
nm0431918,0,2,1,0,4,2,0,0,0,0,0,0,0,0,1,1,0,0
nm0432627,0,1,0,0,2,0,0,0,1,0,0,0,0,1,0,0,0,0
nm0434571,0,1,0,1,0,0,0,1,0,0,0,0,0,0,0,0,0,0
nm0435563,0,0,0,0,0,0,0,2,0,0,0,0,0,1,0,0,1,0
nm0437596,0,0,0,0,2,0,0,0,0,0,0,0,0,0,0,0,0,0
nm0438226,0,0,0,0,2,0,0,1,0,0,0,0,0,1,0,0,0,0
nm0438279,0,0,0,0,1,0,0,3,0,0,0,0,0,0,0,0,0,0
nm0440458,0,0,0,0,4,0,0,0,0,0,0,1,1,0,0,1,0,0
nm0440913,1,1,0,0,0,2,0,2,0,0,1,0,1,0,1,3,0,0
nm0442241,1,0,0,0,0,0,0,5,0,0,1,0,2,1,1,1,0,0
nm0442454,0,0,0,0,7,2,0,6,0,0,0,1,0,1,0,0,0,0
nm0443181,1,0,0,0,0,0,0,2,0,0,1,0,1,0,0,2,0,0
nm0443411,0,0,0,0,0,1,1,2,0,0,0,0,0,0,0,0,0,0
nm0445033,1,1,0,0,1,0,0,0,0,0,0,0,0,1,0,0,0,0
nm0446819,0,0,0,0,1,0,0,3,0,0,1,0,2,0,3,3,0,0
nm0447944,1,0,0,0,1,0,0,0,0,0,0,0,0,0,0,0,0,2
nm0448588,0,0,0,0,2,0,2,0,0,0,0,0,0,0,0,0,0,0
nm0449984,3,2,0,0,0,1,0,0,0,0,0,0,0,0,2,2,0,0
nm0450194,0,0,0,0,1,0,1,1,0,0,0,1,0,0,0,0,0,0
nm0452102,0,0,0,0,0,0,0,4,0,0,0,0,0,0,0,0,0,0
nm0452319,0,0,0,0,2,0,0,1,0,0,0,0,0,1,0,0,0,0
nm0453518,3,1,0,0,1,3,0,2,0,0,1,0,1,0,0,3,0,1
nm0454771,1,0,0,0,0,0,0,1,0,0,0,0,0,0,0,0,1,1
nm0455078,0,0,0,0,2,0,0,1,0,0,0,0,0,2,0,0,0,0
nm0455741,0,1,6,6,0,0,0,1,3,0,0,5,0,0,0,0,0,0
nm0457541,1,0,2,0,1,0,0,1,1,0,1,0,0,0,1,0,0,0
nm0457565,1,1,0,0,0,0,0,1,0,0,1,0,1,0,0,2,0,0
nm0458251,0,0,0,0,3,0,0,2,0,0,0,0,0,3,0,0,0,0
nm0459170,0,3,0,2,2,0,0,1,0,0,0,1,0,2,2,0,0,0
nm0462030,1,0,0,0,0,0,0,3,0,0,1,0,0,0,0,0,1,0
nm0462895,1,0,0,0,1,0,0,0,1,0,1,0,2,1,0,3,0,0
nm0464804,0,1,4,0,0,0,0,2,0,0,1,0,2,1,1,1,0,0
nm0464846,2,1,0,0,1,1,0,1,0,0,0,0,0,0,0,2,0,0
nm0465932,0,0,0,0,0,1,3,1,0,0,0,0,0,1,0,0,0,0
nm0466113,1,3,0,0,0,0,0,1,2,0,0,0,0,0,0,0,2,0
nm0466153,0,0,0,0,0,0,0,3,1,0,0,0,0,0,0,0,0,0
nm0466349,2,0,0,0,2,2,0,2,0,0,0,0,0,1,0,1,0,0
nm0467225,0,0,0,0,0,0,0,2,0,0,0,0,0,1,0,0,0,0
nm0467396,0,0,0,0,3,0,0,1,1,0,0,0,0,1,0,0,0,0
nm0467646,1,1,0,0,2,0,0,1,0,0,0,0,0,0,0,1,0,0
nm0468007,1,0,0,0,1,1,0,0,0,0,0,0,0,0,0,0,0,0
nm0469694,1,0,0,0,1,1,0,2,0,0,0,0,0,1,0,1,0,0
nm0470443,3,0,0,0,3,1,0,1,0,0,0,0,0,0,0,1,0,0
nm0474955,0,0,0,0,2,0,0,1,0,0,0,0,0,2,0,0,0,0
nm0475905,0,0,0,0,0,1,0,1,0,0,2,0,1,0,0,2,0,0
nm0476201,1,0,0,0,1,0,0,1,0,0,1,0,0,0,2,1,0,0
nm0477035,3,1,0,0,1,1,0,0,0,0,0,0,0,0,0,0,0,0
nm0477129,0,1,0,0,4,0,0,2,0,0,0,0,0,3,0,0,0,0
nm0478441,0,0,0,0,1,0,0,1,0,0,0,0,0,1,0,0,0,0
nm0481418,0,0,0,0,1,0,1,3,1,0,0,0,0,3,0,0,0,0
nm0485943,0,0,0,1,2,0,0,3,0,0,0,1,0,2,0,0,0,0
nm0487567,0,1,0,0,2,0,0,0,1,0,0,1,0,1,0,0,0,0
nm0490487,1,0,0,0,0,2,0,2,0,0,0,0,0,0,0,2,0,0
nm0492909,0,0,0,0,3,1,0,1,0,0,0,0,0,3,0,0,0,0
nm0496312,0,0,0,0,3,1,0,5,0,0,0,0,0,3,0,1,0,0
nm0496746,3,1,0,0,0,1,0,2,0,0,0,0,0,0,2,1,1,0
nm0499724,1,1,0,0,6,0,0,1,0,0,0,0,0,3,0,0,0,0
nm0500444,0,1,0,0,2,0,0,0,0,0,0,0,0,0,1,0,0,0
nm0500896,1,0,0,0,0,0,1,1,0,0,0,1,0,0,0,0,1,0
nm0500988,0,0,0,0,0,0,0,3,0,0,0,0,0,1,0,0,1,0
nm0501185,0,0,0,1,3,0,0,0,2,0,0,0,0,1,0,0,0,0
nm0501435,0,0,0,0,0,0,0,2,0,0,0,0,0,0,0,0,0,0
nm0502577,2,0,0,0,0,0,0,0,0,0,1,0,0,0,2,2,0,0
nm0502752,0,0,0,0,1,0,0,2,0,0,0,0,0,1,0,0,0,0
nm0502954,1,2,0,0,0,0,0,1,1,0,0,0,0,1,1,1,0,0
nm0503777,0,1,0,1,1,2,0,7,1,1,0,2,0,1,0,1,2,0
nm0504495,1,1,0,0,0,0,0,0,0,0,1,0,0,0,0,1,0,0
nm0504513,4,5,0,0,5,0,0,1,0,0,0,3,0,2,2,0,0,0
nm0504642,5,1,0,0,0,4,0,2,1,0,0,0,1,0,1,3,0,0
nm0505152,0,0,0,5,6,0,0,1,1,0,0,0,0,0,0,0,0,0
nm0505522,1,0,0,0,2,1,0,1,0,0,0,0,0,0,0,0,0,0
nm0505662,0,1,0,1,2,0,0,0,1,0,0,0,0,1,0,0,0,0
nm0506613,4,1,0,2,8,1,0,1,1,0,0,0,0,2,1,0,0,0
nm0509409,0,0,0,1,1,0,0,1,0,0,0,0,1,0,1,0,0,0
nm0509448,2,1,0,0,0,0,0,0,1,0,2,0,0,0,1,2,1,0
nm0510674,0,2,3,4,3,0,0,1,1,0,0,1,0,2,0,0,0,0
nm0510731,4,2,0,0,3,1,0,3,0,0,0,0,1,1,2,3,0,0
nm0510912,4,0,0,0,0,5,0,5,0,0,0,0,0,0,0,4,0,0
nm0514546,0,2,0,1,0,1,0,3,0,0,2,0,1,0,1,2,0,0
nm0514822,0,0,0,0,0,0,0,3,0,1,0,0,0,0,0,1,0,0
nm0514906,2,1,0,0,1,0,0,0,0,0,0,0,0,0,0,0,0,0
nm0515891,3,1,0,0,0,0,0,2,0,0,0,0,0,0,0,2,0,0
nm0516344,2,0,0,0,0,0,0,1,0,0,0,0,0,1,0,2,0,0
nm0516360,0,0,0,0,2,0,0,10,1,0,0,0,0,2,0,0,2,0
nm0517597,0,0,0,0,2,0,0,2,0,0,0,3,0,2,0,0,2,1
nm0518644,1,0,0,0,1,1,0,3,0,0,0,0,0,1,0,1,2,0
nm0520485,0,1,2,2,2,0,0,0,0,0,0,0,0,0,0,0,0,0
nm0520488,3,1,2,2,3,2,0,0,2,0,0,0,0,0,0,0,0,0
nm0522028,0,1,3,3,0,1,0,1,0,0,0,1,0,0,0,0,0,0
nm0523893,0,0,1,0,1,0,0,0,0,0,1,1,0,0,0,1,1,0
nm0523932,0,0,0,0,5,0,0,2,1,0,0,0,0,4,0,0,1,0
nm0525303,0,1,0,0,1,0,0,4,0,0,0,1,0,3,0,0,1,1
nm0525659,1,0,0,0,5,1,0,2,0,0,0,0,0,5,0,1,0,0
nm0527109,1,0,0,0,0,0,0,3,0,0,0,0,0,0,0,2,0,0
nm0527217,0,2,8,8,1,0,0,0,5,0,0,6,0,2,0,0,0,0
nm0527261,1,0,0,0,0,0,0,0,1,0,2,0,0,0,0,2,0,0
nm0528381,0,1,0,0,2,0,0,0,0,0,0,2,0,0,0,0,0,0
nm0528718,0,0,0,0,6,2,0,1,0,0,0,0,1,1,0,2,0,0
nm0531817,0,2,0,0,0,1,4,4,0,0,0,0,0,0,0,2,0,0
nm0532235,0,0,0,0,2,0,0,0,1,0,0,0,0,0,0,0,0,1
nm0533241,0,0,0,0,2,1,0,1,0,1,0,0,0,0,1,0,0,0
nm0533284,0,0,0,0,0,1,0,4,0,0,0,0,0,3,1,1,0,0
nm0534084,0,0,0,0,2,0,0,0,0,0,0,0,0,0,0,0,0,0
nm0534665,0,0,0,0,1,0,1,1,2,0,0,1,0,1,0,0,0,0
nm0536299,1,0,0,0,1,1,0,1,0,0,0,1,0,0,0,1,0,0
nm0538320,1,0,0,0,0,2,0,2,0,0,0,0,0,0,0,2,0,0
nm0538614,0,0,0,0,2,0,0,0,0,0,0,0,0,1,0,0,0,0
nm0541149,0,1,0,0,0,0,0,2,0,0,1,0,0,1,0,0,0,0
nm0541677,2,0,0,0,0,2,0,2,0,0,0,0,0,0,0,1,0,0
nm0542649,1,1,0,0,0,0,0,2,0,0,0,0,0,1,0,0,1,4
nm0542720,0,0,0,0,2,0,0,2,0,0,0,0,0,3,0,0,0,0
nm0549658,1,1,0,0,0,1,0,0,0,0,0,0,0,1,1,2,0,0
nm0550881,3,2,0,0,1,0,1,3,0,0,1,0,1,1,1,1,0,0
nm0550892,0,1,0,0,1,0,0,1,0,0,0,0,0,0,0,0,0,2
nm0551076,3,2,0,0,0,0,0,3,0,0,2,0,0,0,1,3,1,0
nm0551128,1,1,0,1,2,1,0,3,2,0,0,3,0,2,0,0,0,0
nm0551358,0,0,0,0,0,1,0,2,0,0,0,0,0,1,0,0,0,0
nm0553942,0,2,2,1,2,0,0,0,0,0,0,0,0,0,0,0,0,0
nm0554249,2,1,0,0,0,0,0,1,0,0,0,0,0,1,0,0,1,0
nm0556094,3,0,3,0,0,0,0,1,0,0,0,0,1,0,3,0,0,0
nm0561813,1,0,0,0,0,0,0,2,0,0,0,0,0,0,0,0,2,0
nm0562645,1,0,0,1,4,1,0,1,1,0,0,0,0,0,0,0,0,0
nm0562845,0,0,0,0,1,1,0,1,0,0,0,0,0,1,0,0,0,0
nm0563099,0,0,0,0,0,0,3,0,0,0,0,0,0,0,0,0,0,0
nm0563100,0,0,0,0,0,0,3,0,0,0,0,0,0,0,0,0,0,0
nm0564319,1,0,0,0,0,1,0,1,0,0,0,0,1,1,0,1,0,0
nm0564970,0,0,0,0,3,0,0,4,0,0,0,2,0,2,0,0,1,0
nm0565336,0,0,0,0,2,0,0,3,0,0,0,0,0,1,0,0,0,0
nm0567620,0,0,0,0,2,1,0,1,0,0,0,0,0,0,0,0,0,0
nm0567680,0,0,0,0,1,0,0,0,0,0,1,0,0,0,0,1,0,0
nm0569166,0,0,0,0,0,0,0,2,0,0,0,0,0,0,0,0,0,0
nm0569790,0,0,0,0,1,0,0,3,0,0,0,0,0,2,0,0,0,0
nm0569891,2,3,4,4,4,0,0,0,0,0,0,0,0,0,1,0,0,0
nm0570912,2,0,0,0,5,0,0,0,0,0,0,0,0,0,0,0,0,0
nm0572132,1,1,0,0,1,0,0,2,0,0,0,0,0,0,0,0,2,2
nm0572851,0,1,0,1,3,0,0,0,1,0,0,0,0,1,0,1,0,0
nm0573589,1,0,0,0,2,0,0,1,0,0,0,0,0,1,0,0,0,0
nm0573732,1,0,0,0,0,0,0,1,0,0,0,0,0,1,0,0,0,0
nm0573796,0,0,0,0,1,2,0,2,0,0,1,0,1,1,0,2,0,0
nm0574625,3,0,0,0,0,1,0,2,0,0,1,0,1,0,2,4,0,0
nm0575389,0,0,0,0,1,1,0,2,0,0,2,0,1,0,1,2,0,0
nm0575523,0,0,0,0,0,0,0,2,0,0,0,0,0,2,0,0,0,0
nm0576298,3,2,0,0,0,2,0,2,0,0,0,0,0,0,0,3,0,0
nm0576548,0,0,0,0,0,0,0,2,0,0,0,0,0,1,0,0,0,0
nm0576987,1,1,0,0,0,1,0,3,0,0,0,0,1,1,0,3,0,0
nm0578483,1,0,0,0,0,4,0,3,0,0,0,0,0,0,0,4,1,0
nm0579954,0,0,0,0,2,0,0,2,0,0,0,0,0,1,0,0,2,0
nm0580017,0,1,0,0,0,1,0,1,1,1,0,0,0,0,1,0,0,0
nm0580729,0,0,0,0,0,1,0,1,0,0,1,0,0,0,0,1,0,0
nm0582635,0,0,0,0,3,1,0,0,0,0,0,0,0,0,0,0,0,0
nm0583292,2,1,0,0,0,0,0,1,0,0,0,0,1,0,4,2,0,0
nm0583600,0,0,0,1,5,0,0,1,0,0,0,0,0,5,0,0,0,0
nm0585011,0,0,0,0,2,0,0,6,0,0,0,0,0,4,0,1,0,0
nm0586281,4,0,0,0,4,3,0,4,0,0,6,1,2,1,0,2,0,1
nm0586482,0,0,0,0,0,1,0,2,0,0,0,0,0,0,0,1,1,0
nm0587277,1,1,0,0,1,1,0,3,0,0,0,0,0,1,0,0,1,0
nm0587518,2,1,0,0,0,0,0,1,1,0,0,0,0,0,0,0,1,0
nm0587955,0,0,0,0,0,1,0,3,0,0,0,0,0,0,0,0,0,0
nm0588087,3,1,2,2,3,2,0,0,2,0,0,0,0,0,0,0,0,0
nm0588340,3,0,0,0,1,2,0,0,1,1,0,0,1,0,0,3,0,0
nm0590122,0,0,0,0,1,0,0,2,0,0,0,0,0,0,0,0,0,0
nm0591171,1,0,0,0,1,0,0,2,1,0,6,0,0,2,1,2,0,0
nm0591450,1,3,2,4,5,0,0,1,3,0,1,1,0,0,0,0,0,0
nm0591486,0,0,0,0,2,0,0,2,1,0,0,5,0,2,0,0,0,0
nm0591994,1,0,0,0,0,2,0,2,0,0,0,0,0,0,0,1,0,0
nm0592400,0,0,0,0,2,1,0,0,0,0,0,0,0,1,0,0,0,0
nm0593014,4,2,0,0,0,1,0,1,0,0,0,0,0,0,0,0,0,0
nm0593463,0,0,0,0,2,0,0,3,0,0,0,1,0,1,0,0,0,0
nm0593610,1,2,1,2,3,0,0,0,1,0,0,0,0,0,0,0,0,0
nm0594503,3,9,11,4,2,1,0,5,9,0,0,0,1,3,2,0,0,0
nm0600546,0,0,0,0,1,1,0,3,0,0,0,0,0,2,0,0,0,0
nm0601382,4,1,0,0,0,2,0,2,0,0,1,0,0,0,0,3,1,0
nm0601619,0,0,0,0,2,0,6,1,0,0,0,0,0,0,0,0,1,0
nm0602104,0,0,0,0,1,0,0,2,0,0,0,0,0,2,0,0,0,0
nm0603628,3,0,0,0,0,3,0,1,0,0,0,0,0,0,1,1,0,0
nm0605479,1,1,4,0,2,0,0,2,3,0,0,0,0,1,4,1,0,0
nm0608084,1,1,0,1,1,0,0,0,1,1,0,0,1,0,1,1,0,0
nm0609236,5,1,0,0,0,0,1,1,0,0,0,0,0,0,2,4,1,0
nm0609549,0,1,0,0,4,0,0,2,0,0,0,0,1,1,1,0,0,0
nm0610496,0,0,0,0,3,0,0,2,0,0,0,0,0,0,0,0,0,0
nm0610831,0,0,0,0,1,0,0,3,0,0,0,0,0,1,0,0,0,0
nm0611683,4,2,0,0,0,0,0,0,2,0,1,0,1,0,2,1,0,0
nm0612322,0,0,0,0,1,0,0,4,0,0,0,0,0,2,0,0,0,0
nm0613471,1,1,2,1,0,0,0,0,0,0,1,1,0,0,1,0,0,0
nm0614276,3,0,0,0,0,0,0,1,0,0,0,0,1,0,2,0,0,1
nm0614682,0,0,0,0,1,0,0,2,0,0,0,0,0,1,0,0,0,0
nm0615780,1,3,6,6,3,1,0,0,1,0,0,4,0,2,1,0,0,0
nm0617042,0,0,0,0,3,1,0,1,0,0,0,0,0,1,0,0,0,0
nm0619762,0,0,0,0,1,0,0,6,0,0,0,0,0,6,0,0,0,0
nm0620363,0,0,0,0,1,0,0,1,0,0,1,0,0,0,0,0,0,0
nm0620378,0,0,0,0,0,0,0,2,0,0,4,0,4,0,0,3,0,0
nm0622112,1,0,0,0,0,0,0,0,0,0,2,0,1,1,3,3,0,0
nm0622695,0,1,0,0,0,0,0,2,0,0,0,1,0,0,0,0,0,0
nm0623768,1,1,0,0,1,0,0,3,1,0,0,1,0,0,0,1,0,0
nm0624102,3,0,0,0,3,0,0,0,0,0,0,0,0,0,0,0,0,0
nm0624535,1,0,0,0,1,0,0,2,0,0,0,0,0,1,0,0,0,0
nm0625379,0,0,0,2,1,0,0,0,1,0,0,0,0,0,1,0,0,0
nm0625458,0,0,0,0,1,0,0,2,0,0,0,0,0,1,0,0,0,0
nm0625680,0,1,0,0,1,0,0,3,0,0,0,0,0,1,1,0,1,0
nm0625789,0,0,0,0,1,1,0,3,0,0,0,0,0,0,0,1,0,0
nm0628345,1,0,0,0,2,0,0,0,0,0,0,0,0,1,0,0,0,0
nm0629272,2,1,0,0,1,2,0,3,1,0,0,0,0,1,3,3,1,0
nm0629334,4,2,0,0,3,1,0,1,0,0,0,0,0,1,1,2,0,0
nm0634240,5,1,0,0,0,6,0,4,0,0,0,0,5,0,3,5,0,0
nm0635759,2,0,0,0,0,0,0,0,1,0,1,0,0,0,1,1,0,0
nm0636675,0,0,0,0,0,0,2,0,0,0,0,0,0,0,0,0,1,0
nm0637518,4,1,0,0,0,1,0,5,0,0,0,0,0,1,2,9,1,0
nm0637615,0,0,0,0,0,1,0,3,0,0,0,0,1,0,0,2,0,0
nm0638080,0,0,0,0,1,0,0,2,0,0,0,0,0,2,0,0,0,0
nm0638271,0,0,0,0,2,0,0,0,0,0,0,0,0,1,0,0,0,0
nm0638354,1,0,0,0,0,0,0,1,0,0,1,0,0,0,0,1,1,0
nm0639033,0,0,0,0,2,0,0,2,0,0,0,0,0,1,0,0,0,0
nm0640334,0,0,0,0,0,1,0,3,0,0,0,0,0,0,0,0,0,0
nm0640466,0,0,0,0,0,0,0,3,0,0,0,0,0,3,0,0,0,0
nm0640740,0,0,0,0,1,0,0,1,0,0,0,0,0,0,0,0,0,0
nm0641373,0,0,0,0,2,1,0,0,1,0,0,0,0,2,0,0,0,0
nm0644022,0,0,0,0,2,0,0,1,0,0,0,0,0,0,0,0,0,0
nm0644203,2,1,1,1,4,1,0,0,0,0,0,0,0,0,0,0,0,0
nm0645513,1,0,2,0,0,0,0,0,1,0,0,0,0,0,2,2,0,0
nm0645657,1,0,2,0,0,0,0,0,1,0,0,0,0,0,1,2,0,0
nm0646515,3,1,3,0,0,0,0,0,1,0,0,0,0,0,2,0,0,0
nm0649097,0,0,0,0,0,0,0,3,0,0,0,0,0,1,0,0,0,0
nm0650905,0,0,0,3,3,0,1,2,1,0,1,5,0,2,0,0,0,0
nm0651706,1,1,3,2,2,0,0,1,0,0,0,0,0,0,1,0,0,0
nm0651900,2,0,3,0,0,1,0,3,1,1,0,0,1,0,4,2,0,0
nm0651915,0,0,0,0,0,0,0,3,0,0,0,0,0,0,0,0,1,0
nm0654830,0,0,0,0,1,1,0,3,0,0,0,1,2,1,0,1,0,0
nm0654868,0,0,0,0,1,0,0,5,0,0,0,0,0,0,0,0,0,0
nm0655683,3,0,0,0,0,4,1,2,0,0,0,0,0,0,1,1,0,0
nm0658837,0,0,0,0,0,0,0,1,0,0,2,0,0,0,0,1,0,0
nm0659380,1,0,0,0,0,1,0,1,0,0,1,0,0,0,0,3,0,0
nm0661577,0,0,0,0,2,2,0,0,0,0,0,0,0,0,0,0,0,0
nm0661751,1,1,0,0,3,2,0,0,0,0,0,0,0,0,1,1,0,0
nm0661791,0,0,0,0,1,3,0,6,0,0,2,0,4,1,1,4,1,0
nm0661910,0,2,7,5,7,1,0,0,0,0,0,0,0,0,1,0,0,0
nm0662529,0,1,0,1,4,0,0,3,0,0,1,0,0,2,1,1,0,0
nm0664756,0,1,0,1,3,1,0,1,1,0,0,0,0,0,0,0,0,0
nm0667734,0,0,0,0,0,0,0,2,0,0,0,0,0,1,0,0,0,0
nm0668247,0,1,0,0,5,0,0,5,0,0,0,0,0,2,0,0,0,0
nm0669004,0,0,0,0,1,0,0,2,0,0,0,0,0,0,0,0,0,0
nm0671210,0,0,0,0,0,0,0,2,1,0,1,0,2,0,0,2,0,0
nm0671957,1,0,0,0,1,2,0,3,0,0,0,0,0,0,0,2,1,1
nm0672060,0,0,0,0,0,0,4,0,0,0,0,3,0,0,0,0,0,0
nm0672769,0,0,0,0,0,0,2,0,0,0,0,0,0,0,0,0,0,0
nm0674742,0,0,0,0,0,0,2,1,0,0,0,0,0,0,0,0,0,0
nm0677943,1,0,0,0,1,0,0,1,0,0,0,0,0,0,0,0,1,0
nm0677951,0,0,0,0,1,0,0,2,0,0,0,0,0,0,1,0,0,0
nm0677953,0,0,0,1,7,1,0,1,0,0,0,0,0,3,0,0,0,0
nm0680846,1,0,0,0,8,3,0,0,0,0,0,0,0,0,0,1,0,0
nm0684336,0,0,0,0,2,0,0,0,0,0,0,0,0,0,1,0,0,0
nm0684342,0,0,2,2,0,0,0,1,0,0,0,0,0,0,0,0,0,0
nm0687042,0,0,0,0,0,0,0,1,0,0,2,0,0,0,0,2,0,0
nm0688585,0,0,0,0,2,0,0,0,1,0,0,0,0,0,1,0,0,0
nm0689187,0,0,0,0,0,0,0,2,0,0,0,0,0,0,0,0,0,0
nm0692872,2,0,0,0,0,2,0,2,0,0,0,0,0,0,1,1,0,1
nm0695937,0,0,0,0,0,1,0,5,0,1,0,0,2,1,0,0,2,0
nm0696247,0,0,0,0,0,0,0,6,2,0,0,1,1,4,0,0,3,0
nm0697656,0,0,0,0,0,0,0,2,0,0,0,0,0,1,0,0,0,0
nm0700301,0,0,0,0,2,0,0,2,0,0,0,0,0,1,0,0,0,0
nm0705535,0,0,0,0,1,1,0,4,0,0,0,0,0,1,1,0,0,0
nm0706182,0,0,0,0,0,1,0,1,0,0,0,0,0,0,0,1,0,0
nm0706296,1,2,0,0,1,0,0,1,0,0,0,0,0,0,2,0,0,0
nm0708903,0,0,0,0,0,0,0,2,0,0,0,0,0,0,0,1,0,0
nm0709056,0,1,2,0,1,0,0,0,1,0,0,0,0,0,1,0,0,0
nm0710230,0,1,3,3,0,0,0,1,3,0,0,0,0,0,0,0,0,0
nm0711114,0,0,0,0,3,0,0,2,0,0,0,0,0,2,0,0,0,0
nm0711840,6,1,0,0,6,5,0,2,0,0,0,0,1,2,1,5,0,0
nm0712753,0,0,0,0,0,1,0,2,0,0,0,0,0,0,0,1,0,0
nm0712947,0,0,0,0,0,1,0,4,0,2,0,0,2,2,0,1,0,1
nm0715346,0,1,0,0,1,1,0,6,0,2,0,1,2,1,0,4,0,0
nm0715636,0,0,0,0,4,0,0,1,0,0,0,0,0,2,0,0,0,0
nm0716257,1,0,0,0,0,0,0,1,0,0,1,0,2,0,2,1,0,0
nm0716347,4,0,0,0,2,3,0,6,0,1,1,0,0,0,0,6,1,0
nm0716585,0,0,0,0,0,0,3,0,0,0,0,0,0,0,0,0,0,0
nm0716980,0,0,0,0,0,0,0,2,0,0,0,0,0,0,0,0,0,1
nm0718554,0,0,0,0,0,0,0,2,0,0,0,0,0,0,0,0,0,0
nm0718627,0,3,12,12,2,1,0,2,1,0,0,6,0,0,0,0,0,0
nm0718645,2,1,0,0,12,1,0,0,2,0,0,0,0,4,4,1,1,0
nm0718646,0,0,0,0,3,0,0,4,0,0,0,0,0,2,0,0,0,0
nm0719208,0,0,3,2,2,1,0,0,1,0,0,1,0,0,0,0,0,0
nm0719756,0,0,0,0,1,0,0,4,0,0,0,0,0,1,0,0,1,0
nm0720135,0,0,0,0,2,0,0,2,0,0,0,0,0,2,0,0,0,0
nm0720297,0,0,0,0,0,1,1,3,0,0,0,0,1,2,0,0,2,0
nm0721817,2,3,0,0,0,0,0,4,0,0,0,0,0,2,1,2,0,0
nm0723704,0,1,3,3,0,0,0,1,1,0,0,0,0,0,0,0,0,0
nm0724798,0,1,0,0,1,0,0,1,0,0,0,0,0,1,0,0,0,0
nm0724938,3,0,0,0,0,3,0,2,0,0,0,0,0,0,0,2,0,0
nm0728688,0,0,0,0,2,0,0,6,0,0,0,0,0,1,0,1,0,2
nm0730422,1,1,0,1,1,0,0,0,2,0,0,0,0,0,1,0,0,0
nm0730860,0,0,5,5,0,0,0,2,2,0,0,4,0,0,0,0,0,0
nm0732430,0,0,0,0,3,0,0,1,1,0,0,0,1,0,0,2,0,0
nm0733476,1,2,0,0,0,0,0,3,0,1,0,0,0,0,0,0,1,0
nm0736622,2,0,0,0,2,0,0,0,0,0,0,0,0,0,0,0,0,0
nm0738796,0,0,0,0,0,0,0,2,0,0,0,0,0,1,1,1,0,0
nm0740400,0,0,0,0,2,0,0,3,0,0,0,0,0,2,0,0,0,0
nm0741262,0,0,0,0,0,0,0,1,1,0,2,0,0,1,0,2,0,0
nm0742341,0,0,0,0,0,1,0,3,0,0,1,0,1,0,0,1,0,0
nm0742819,0,0,0,0,0,1,0,1,0,0,1,0,0,0,0,1,0,0
nm0743093,0,0,0,0,2,0,0,1,0,0,0,0,0,2,0,0,0,0
nm0743239,0,0,0,0,0,1,0,2,0,0,0,0,0,0,0,0,0,0
nm0744023,0,0,0,0,0,0,0,2,0,0,0,0,0,0,0,0,2,0
nm0744035,0,0,0,0,0,0,0,2,0,0,0,0,0,0,0,0,0,0
nm0744834,1,0,0,0,0,2,0,0,0,0,4,0,0,0,1,3,0,0
nm0747849,1,0,0,0,1,2,0,5,0,0,1,0,1,1,2,6,0,0
nm0748066,0,0,0,0,0,0,1,1,0,0,0,0,0,0,0,1,0,0
nm0750701,1,1,0,0,1,0,0,2,0,0,0,0,0,1,0,2,0,0
nm0751080,3,1,0,0,1,1,0,1,2,0,2,0,0,0,1,2,0,0
nm0751102,1,1,0,0,5,1,0,5,0,0,0,0,0,0,0,0,1,0
nm0751221,1,1,0,2,0,0,0,3,2,0,0,0,0,0,0,1,0,0
nm0751577,1,1,0,0,2,1,0,0,0,0,0,0,0,0,1,0,0,0
nm0751648,1,1,0,0,2,1,0,0,0,0,0,0,0,0,1,0,0,0
nm0752328,0,0,0,0,0,1,0,1,0,0,1,0,0,0,0,0,1,0
nm0753382,0,0,0,0,0,0,0,1,1,0,1,0,0,0,1,0,1,0
nm0754678,1,2,2,1,0,0,0,0,1,0,1,1,0,1,1,0,0,0
nm0757256,0,0,0,0,3,0,0,0,0,0,0,0,0,0,0,0,0,0
nm0757858,1,5,5,5,5,0,0,0,1,0,0,0,0,1,1,0,0,0
nm0758574,0,1,0,0,0,0,0,3,0,0,1,0,0,1,0,1,0,0
nm0759207,0,0,0,0,0,0,0,2,0,0,2,0,0,0,1,1,0,0
nm0759270,0,0,0,0,2,0,0,0,0,0,0,0,0,2,0,0,0,0
nm0759368,0,0,0,0,1,0,0,2,0,0,0,0,1,0,0,1,0,0
nm0761498,0,3,3,2,1,0,0,0,1,0,0,0,0,0,1,0,0,0
nm0762263,0,0,0,0,5,0,0,0,0,0,0,5,0,4,0,0,0,0
nm0765121,1,0,0,0,0,1,0,1,0,0,1,0,0,0,1,2,0,0
nm0766402,0,0,2,2,0,0,0,1,1,0,0,1,0,0,0,0,0,0
nm0768249,0,1,0,0,1,0,0,2,0,0,1,0,1,1,2,1,0,0
nm0769874,2,0,0,0,0,1,0,3,0,0,0,0,1,0,1,1,1,0
nm0770234,0,0,0,0,0,0,0,2,0,0,0,0,0,1,0,0,0,0
nm0770961,0,0,0,0,3,0,0,1,0,0,0,0,0,2,0,0,0,0
nm0771054,0,0,0,0,2,0,0,4,0,0,0,0,0,4,0,0,0,0
nm0772259,0,0,0,0,2,1,0,4,0,0,0,0,1,0,0,4,0,0
nm0772522,0,0,0,0,0,0,0,3,0,0,0,0,0,0,1,0,1,0
nm0773603,0,0,0,0,0,0,0,3,0,0,0,0,0,0,0,0,0,0
nm0774325,1,3,0,1,0,0,0,1,1,0,1,0,1,0,0,1,0,0
nm0775447,0,0,0,0,1,1,0,3,0,0,0,0,0,1,0,2,0,0
nm0777881,2,0,0,0,1,0,0,2,0,0,0,0,0,1,1,1,0,0
nm0780833,0,0,0,0,1,0,0,3,0,0,0,0,0,0,0,0,0,0
nm0781292,0,0,0,0,1,0,0,2,0,0,1,0,0,1,0,0,0,0
nm0781842,2,0,0,0,8,0,0,1,0,0,0,0,0,1,0,0,0,0
nm0782384,0,0,0,0,2,0,0,1,0,0,0,0,0,1,0,0,0,0
nm0783139,0,1,4,2,1,0,0,0,4,0,0,2,0,0,0,1,0,0
nm0783536,0,1,0,0,3,0,0,0,0,0,0,0,0,1,0,0,0,0
nm0784061,2,1,0,0,0,2,0,3,1,0,0,0,0,0,0,1,0,0
nm0787601,0,0,0,0,1,0,0,2,1,0,0,0,0,2,0,0,0,0
nm0788202,1,2,0,1,7,0,0,3,0,0,0,2,0,2,0,0,0,0
nm0788234,0,0,0,0,1,0,0,1,0,0,0,0,1,1,0,0,0,0
nm0788454,0,1,0,1,0,0,0,0,0,0,0,0,0,0,0,1,0,0
nm0789313,0,0,6,6,0,0,0,2,3,0,0,6,0,0,0,0,0,0
nm0789520,0,0,0,1,2,0,0,0,0,0,0,0,0,1,0,0,0,0
nm0790715,0,0,0,1,4,0,2,0,0,0,0,1,0,0,0,0,0,0
nm0791672,1,1,0,0,2,0,0,2,0,0,0,0,0,0,0,2,0,0
nm0793804,0,1,2,0,2,0,0,0,0,0,0,0,0,0,1,0,0,0
nm0794791,1,0,0,0,0,0,0,0,0,0,2,0,0,0,1,0,0,0
nm0796117,2,2,0,0,0,0,0,5,2,0,2,0,3,0,4,3,0,0
nm0796124,0,0,0,0,4,0,0,1,0,0,0,0,0,1,0,0,0,0
nm0796645,0,0,0,0,2,0,0,0,0,0,0,2,0,1,0,0,0,0
nm0796864,0,0,0,0,2,0,0,2,0,0,0,0,0,1,0,0,0,0
nm0796915,0,0,0,0,0,0,0,2,0,0,0,0,0,0,0,0,0,0
nm0796923,1,0,0,0,1,2,0,4,0,0,1,0,0,0,1,5,2,2
nm0797526,0,0,0,0,2,1,0,0,0,0,1,0,0,0,0,0,0,0
nm0797869,1,3,0,2,3,0,0,3,2,0,0,0,0,3,1,0,0,0
nm0798899,0,1,2,1,2,0,0,0,1,0,0,0,0,0,0,0,0,0
nm0802248,1,2,0,0,1,0,0,3,3,0,1,0,0,0,0,1,0,0
nm0802501,0,0,0,0,0,0,4,0,0,0,0,0,0,0,0,0,0,0
nm0802563,0,1,0,0,1,2,0,1,0,2,0,0,0,0,0,1,0,0
nm0802862,0,0,0,0,0,0,0,4,0,0,0,0,0,3,0,0,0,0
nm0803203,0,0,0,0,2,0,0,0,0,0,0,0,0,0,0,0,0,0
nm0804408,0,0,0,0,0,0,0,2,0,0,0,0,1,0,0,1,0,0
nm0806293,0,0,0,0,0,0,0,1,0,0,0,0,1,0,0,2,0,0
nm0806915,0,0,0,0,0,1,0,2,0,0,0,0,1,0,0,0,1,0
nm0807687,0,0,0,0,0,0,3,0,0,0,0,0,0,0,0,0,0,0
nm0811583,5,2,1,0,0,0,0,2,4,0,1,0,1,0,2,3,1,0
nm0812200,1,2,0,0,0,1,0,4,2,0,1,1,2,1,1,2,0,0
nm0813164,0,0,0,0,2,0,0,2,0,0,0,0,0,2,0,0,0,0
nm0813309,0,1,0,0,0,0,0,1,1,0,1,0,1,0,0,1,0,0
nm0814085,5,6,0,2,3,0,0,1,2,0,3,0,0,1,2,3,0,0
nm0815204,0,0,0,0,1,1,0,3,0,0,0,0,0,0,0,1,0,0
nm0817447,0,0,0,0,2,0,0,0,0,0,0,0,0,2,0,0,0,0
nm0818639,0,0,0,0,2,0,0,0,0,0,0,0,0,0,0,0,0,0
nm0819613,0,0,0,0,1,0,0,1,0,0,0,0,0,0,0,0,0,0
nm0820934,0,2,2,2,2,0,0,0,1,0,0,0,0,0,0,0,0,0
nm0824882,0,0,0,0,2,0,0,3,1,0,0,0,0,1,0,0,0,0
nm0827750,0,0,0,0,1,0,0,2,0,0,0,0,0,0,0,0,0,0
nm0828245,0,1,2,2,0,1,0,2,0,0,0,0,0,0,0,0,0,0
nm0828419,0,1,0,1,4,0,0,5,0,0,0,1,0,5,0,1,2,2
nm0829038,0,3,0,8,5,0,0,2,3,0,0,2,1,1,0,0,0,0
nm0829820,2,0,0,0,0,0,0,0,1,0,2,0,0,0,1,2,0,0
nm0831557,0,0,0,0,4,0,0,0,0,0,0,0,0,2,0,0,0,0
nm0832309,0,1,2,2,1,0,0,0,2,0,0,2,0,2,0,0,0,0
nm0833779,1,0,0,0,0,0,0,0,0,0,1,0,0,0,2,1,0,0
nm0833780,1,0,0,0,0,0,0,0,0,0,1,0,0,0,2,1,0,0
nm0836328,2,3,0,0,0,0,0,4,0,0,0,0,0,0,0,2,2,3
nm0838195,0,0,0,2,0,0,0,2,0,0,0,0,0,1,0,0,0,0
nm0840905,0,0,1,0,1,0,0,1,2,0,0,0,1,0,0,0,0,0
nm0841232,0,0,0,0,1,0,0,2,0,0,0,0,0,0,0,0,1,0
nm0842582,0,0,0,2,3,0,0,1,0,0,0,1,0,1,0,0,0,0
nm0843640,0,0,0,0,1,0,0,3,0,0,0,0,0,0,0,0,1,0
nm0844358,0,1,0,1,0,0,0,1,1,0,1,0,0,1,0,1,0,0
nm0847223,0,0,3,0,1,0,0,3,1,0,0,0,0,0,0,0,1,0
nm0848414,5,2,0,0,0,4,0,4,0,0,0,0,1,0,1,5,0,0
nm0849786,0,0,0,0,0,0,0,2,0,0,0,0,0,0,0,0,1,0
nm0850733,1,0,2,2,2,0,0,0,0,0,0,0,0,0,0,0,0,0
nm0851537,0,1,0,1,0,0,0,1,1,0,0,1,0,0,0,0,0,0
nm0852279,2,0,0,0,0,0,0,0,0,0,1,0,0,0,2,0,0,0
nm0853130,1,0,0,0,2,0,0,0,0,0,0,0,0,1,0,0,0,0
nm0853380,0,0,0,0,0,0,0,3,1,0,0,1,0,2,0,0,0,0
nm0853546,2,2,0,0,1,0,0,0,0,0,2,0,0,1,0,1,1,0
nm0854697,0,0,0,0,2,0,3,0,0,0,0,2,0,0,1,0,0,0
nm0855035,2,1,0,0,6,0,0,3,0,0,0,0,0,7,0,0,0,0
nm0858525,1,1,0,0,5,1,0,2,0,0,0,0,0,1,0,0,0,0
nm0861703,0,2,0,1,1,1,0,1,1,0,0,1,1,0,0,0,0,1
nm0862211,1,2,2,1,2,0,0,0,0,0,0,0,0,1,0,0,0,0
nm0863387,1,0,0,0,0,1,0,3,0,0,0,1,0,0,0,0,0,0
nm0867262,3,2,0,0,3,2,0,0,0,0,0,0,0,0,0,2,0,0
nm0868153,0,0,0,0,0,1,0,3,0,1,0,0,1,1,0,2,1,0
nm0868219,4,3,0,0,0,0,0,3,4,0,5,0,0,0,3,4,1,0
nm0869664,0,0,0,0,0,0,0,2,1,1,3,0,1,1,0,1,0,0
nm0870186,0,0,0,0,2,0,1,0,0,0,0,0,0,0,0,0,0,0
nm0871428,2,0,0,0,0,0,0,1,0,0,0,0,0,0,1,1,0,0
nm0871860,2,0,0,0,5,0,4,0,0,0,0,0,0,0,0,0,0,0
nm0873779,0,2,4,3,1,0,0,1,3,0,0,2,0,2,0,0,0,0
nm0874320,0,0,0,0,0,0,0,1,0,0,0,0,0,0,2,1,0,0
nm0875453,4,0,5,0,1,0,0,2,2,0,0,0,1,0,5,0,0,0
nm0875793,0,0,0,0,2,1,0,3,0,0,0,0,1,2,0,0,0,0
nm0878638,3,0,0,0,0,0,0,0,0,0,3,0,0,0,4,5,0,0
nm0878756,1,0,0,0,0,2,0,5,0,0,0,0,0,2,1,2,0,0
nm0878763,1,0,0,0,0,1,0,1,0,0,0,0,0,0,0,2,0,0
nm0881038,2,2,0,0,4,0,0,1,2,0,1,0,0,0,2,1,0,1
nm0881279,0,4,4,4,4,0,0,0,3,0,0,0,0,0,0,0,0,0
nm0885249,0,0,0,0,0,0,0,4,0,0,0,0,0,1,0,0,0,0
nm0886754,0,0,0,0,5,5,0,1,0,0,0,0,3,3,0,0,0,0
nm0887174,1,0,0,0,1,1,0,0,0,0,0,0,0,0,0,1,0,0
nm0887452,1,0,0,0,0,2,0,2,0,0,0,0,1,0,0,1,0,0
nm0889513,0,0,0,0,0,0,1,2,0,0,0,0,0,0,0,0,0,0
nm0891114,0,0,0,0,1,0,0,1,0,0,0,0,0,2,0,0,0,0
nm0891216,3,3,0,0,3,2,0,1,1,0,0,0,0,1,1,2,1,0
nm0891554,0,0,0,0,4,1,0,0,0,0,0,0,0,0,0,0,0,0
nm0892144,0,2,0,0,0,0,0,0,0,0,0,0,0,0,3,0,0,0
nm0893659,6,5,1,2,6,0,0,1,3,0,1,0,1,0,0,1,0,2
nm0896533,0,0,0,1,0,0,0,1,0,1,0,1,1,1,0,0,0,0
nm0896542,0,1,0,1,0,0,0,3,1,0,0,1,0,0,0,0,0,0
nm0897118,0,0,0,0,2,0,0,2,0,0,0,0,0,1,0,0,0,0
nm0898288,0,0,0,0,0,0,0,2,0,0,0,0,3,0,0,2,1,0
nm0899121,0,0,0,0,0,0,0,4,0,0,0,0,0,0,0,0,0,0
nm0899581,0,0,0,0,0,1,0,3,0,0,0,0,0,1,0,0,1,0
nm0902939,0,0,0,1,3,0,0,0,0,0,0,0,0,1,0,0,0,0
nm0903049,0,0,0,0,0,0,0,2,0,0,0,0,0,0,0,0,0,0
nm0905152,4,2,0,1,0,1,0,2,0,0,0,0,0,1,5,4,0,0
nm0905154,4,2,0,1,0,1,0,2,0,0,0,0,0,1,5,4,0,0
nm0905592,2,0,0,0,1,1,0,1,0,0,1,0,1,0,0,1,0,0
nm0906476,0,0,0,0,4,0,0,0,0,0,0,0,0,0,0,0,0,0
nm0906548,1,0,0,1,1,0,0,1,0,0,1,0,1,0,0,2,0,0
nm0906667,0,0,0,0,0,0,0,4,0,0,0,0,0,0,0,0,3,0
nm0908824,2,2,0,0,0,0,0,3,0,0,0,0,0,0,0,0,1,0
nm0908890,0,0,0,0,0,0,0,1,1,0,2,0,1,0,0,1,0,0
nm0909825,2,2,0,0,0,3,0,5,1,2,0,0,0,0,0,2,1,0
nm0910199,0,0,0,0,1,0,0,0,0,0,0,3,0,2,0,0,0,0
nm0911061,0,0,0,1,6,0,0,5,0,0,0,0,0,2,0,0,0,0
nm0911486,0,0,0,0,3,0,0,0,0,0,0,0,0,0,0,0,0,0
nm0911910,0,1,0,0,0,0,0,2,1,0,0,0,0,2,0,0,0,0
nm0913860,3,1,3,0,0,1,0,1,0,0,0,0,0,0,3,1,0,0
nm0914132,0,1,0,2,6,0,0,2,4,0,0,0,0,3,0,0,0,0
nm0915304,2,0,0,0,0,1,0,1,0,0,0,0,0,0,0,1,1,0
nm0916424,0,0,0,0,0,0,0,2,0,0,1,0,0,1,0,1,0,0
nm0917188,0,3,3,2,2,0,0,0,2,0,0,0,0,0,1,0,0,0
nm0917992,0,1,0,0,3,0,0,0,0,0,0,0,0,1,0,0,0,1
nm0918873,0,0,0,2,3,0,0,0,0,0,0,0,0,0,0,0,0,0
nm0919363,0,1,0,1,3,0,0,2,3,0,1,0,0,4,0,1,0,0
nm0919369,1,1,0,0,7,0,0,3,2,0,1,0,0,3,0,1,0,0
nm0920074,3,1,0,0,1,1,0,5,0,0,0,0,0,2,0,0,2,1
nm0920274,0,0,0,0,1,0,0,2,0,0,0,0,0,0,0,0,0,0
nm0920425,1,3,3,2,0,0,0,0,0,0,0,2,0,0,1,0,0,1
nm0921631,0,0,0,0,2,0,0,2,0,0,0,0,0,0,0,0,0,0
nm0922346,4,3,0,0,0,1,0,2,0,0,1,0,1,0,0,4,0,0
nm0922903,0,0,0,0,0,0,0,2,0,0,0,0,0,0,0,0,0,0
nm0923736,2,2,0,0,2,0,0,2,0,0,0,1,0,1,3,0,0,0
nm0930261,2,1,2,1,2,0,0,0,0,0,0,0,0,0,0,0,0,0
nm0931095,0,0,0,0,0,0,0,1,0,0,1,0,0,0,0,0,0,0
nm0932216,1,2,0,0,0,0,0,0,2,0,0,0,0,0,1,0,0,0
nm0933505,0,0,0,0,4,1,0,1,0,0,0,0,0,1,0,0,0,0
nm0934483,2,0,0,0,0,0,0,0,1,0,0,0,0,0,2,2,0,0
nm0934578,3,6,0,2,2,1,0,5,0,0,0,0,0,0,1,0,1,2
nm0935095,0,0,0,1,4,0,0,3,2,0,0,0,0,4,0,0,0,0
nm0935382,2,0,0,0,0,1,0,1,0,0,0,0,0,0,0,1,0,0
nm0935863,0,0,0,0,3,1,0,9,0,0,0,1,0,2,1,2,1,1
nm0936374,0,1,3,3,0,0,0,1,2,0,0,2,0,2,0,0,0,0
nm0936404,0,1,0,0,0,0,0,6,0,1,2,2,1,5,3,3,2,0
nm0936482,4,1,0,0,0,1,0,0,2,0,2,0,0,0,1,2,0,0
nm0939128,2,1,0,0,0,0,0,1,1,0,1,0,1,0,2,3,0,0
nm0939182,0,0,0,0,0,0,0,8,1,0,0,0,1,7,1,0,0,0
nm0939992,0,1,0,0,2,0,0,4,0,0,0,2,0,4,0,0,2,0
nm0942367,4,0,0,0,4,2,0,0,1,0,2,1,1,1,2,1,0,0
nm0942504,1,1,0,0,0,0,0,5,0,0,0,1,1,2,1,1,1,0
nm0943758,1,1,0,0,2,2,0,17,0,2,1,1,0,8,0,2,2,2
nm0945026,1,0,0,0,1,2,0,2,0,0,0,0,0,0,0,2,0,0
nm0946734,2,4,0,0,0,0,0,3,4,0,0,0,2,2,0,0,0,0
nm0946811,2,1,0,0,1,1,0,3,1,0,0,0,0,0,1,1,0,0
nm0948159,2,0,0,0,0,0,0,1,0,0,0,0,0,0,0,0,1,0
nm0950109,3,3,0,0,0,0,0,1,0,0,0,0,0,0,0,4,0,0
nm0950226,0,0,0,0,1,1,0,2,0,0,0,0,0,1,0,1,0,0
nm0950553,3,0,0,0,2,1,0,1,0,0,2,0,0,0,0,3,0,0
nm0950759,4,1,0,0,4,0,0,1,0,0,0,0,0,0,0,0,0,0
nm0951197,0,1,2,2,0,0,0,0,1,0,0,0,0,0,1,0,0,0
nm0955443,3,1,0,0,1,1,0,12,0,0,0,0,0,2,0,0,2,0
nm0956052,0,0,0,0,4,0,0,2,0,0,0,0,0,2,0,0,0,0
nm0957772,2,0,0,0,0,2,0,0,0,0,4,0,0,0,1,1,0,0
nm0958387,1,0,0,0,5,0,0,2,1,0,0,0,0,2,0,1,0,0
nm0958969,2,2,0,2,2,0,0,1,1,0,0,0,1,0,0,0,0,0
nm0959020,0,0,0,0,0,0,2,0,0,0,0,0,0,0,0,0,0,0
nm0959062,0,0,0,0,3,1,1,2,0,0,0,0,0,0,0,0,0,0
nm0960028,3,1,5,0,1,0,0,2,2,0,0,0,0,0,5,1,0,0
nm0962729,3,0,0,0,1,1,0,0,0,0,0,0,0,0,1,2,0,0
nm0970447,0,2,3,2,2,0,0,0,0,0,0,1,0,1,1,0,0,0
nm0998825,0,0,0,0,1,0,1,1,0,0,0,0,0,0,0,0,0,0
nm1000159,0,0,0,0,0,0,3,0,0,0,0,0,0,0,0,0,0,0
nm1012501,1,0,0,0,0,0,0,1,0,0,0,0,0,0,1,2,0,0
nm1013671,0,0,0,0,0,0,2,0,0,0,0,0,0,0,0,0,0,0
nm1016428,0,0,0,0,0,1,2,2,0,0,0,0,1,1,0,0,0,0
nm1031246,0,0,0,0,0,0,0,2,0,0,1,0,0,0,0,1,0,0
nm1041597,0,0,0,0,1,0,2,1,0,0,0,0,0,0,0,0,0,0
nm1065402,0,1,0,0,2,0,0,2,0,0,0,0,0,2,0,0,0,0
nm1071898,0,0,0,0,2,0,0,2,1,0,0,0,0,1,0,0,0,0
nm1093053,0,0,0,1,0,0,0,2,0,0,0,0,0,1,0,0,1,0
nm1098493,0,0,0,0,2,1,0,0,0,0,0,0,0,0,0,0,0,0
nm1102140,0,0,0,0,2,0,0,2,0,0,0,0,0,0,0,0,0,0
nm1103162,3,2,0,0,2,0,0,0,0,0,0,0,0,0,2,0,0,0
nm1104118,0,0,0,0,0,0,0,6,0,0,0,0,0,2,0,0,0,0
nm1119645,0,0,0,0,2,0,0,1,0,0,0,0,0,0,0,0,0,0
nm1125131,0,0,0,0,2,1,0,0,0,0,1,0,1,0,0,2,0,0
nm1134029,0,1,0,1,2,0,0,1,0,0,0,0,0,0,1,0,0,0
nm1135423,0,0,0,0,0,2,0,0,1,0,4,1,0,0,0,3,0,0
nm1139726,0,1,0,0,0,0,0,1,1,0,0,0,1,2,2,1,0,0
nm1160962,0,0,0,0,0,0,1,0,0,0,1,0,1,0,0,0,0,0
nm1164861,0,0,0,0,3,2,1,0,0,0,0,0,0,0,0,0,0,0
nm1170855,1,1,0,0,0,0,0,2,0,0,0,0,0,0,0,1,0,0
nm1197971,2,2,0,0,0,0,0,1,1,0,2,0,0,0,0,1,1,0
nm1201875,0,0,0,0,0,0,0,0,0,1,0,0,0,0,0,2,0,0
nm1219963,0,0,0,0,0,0,0,1,0,0,2,0,0,0,0,1,0,0
nm1220140,0,0,0,0,0,0,0,2,0,0,2,0,0,0,1,2,0,0
nm1224299,0,0,2,1,1,0,0,0,0,0,0,0,0,0,1,0,0,0
nm1234345,0,0,0,0,0,0,0,1,0,0,3,0,2,0,0,2,0,0
nm1234893,1,1,0,0,0,0,0,2,0,0,0,1,1,0,0,1,0,0
nm1247462,0,1,0,0,1,0,0,2,0,0,3,0,2,0,0,2,0,0
nm1258686,0,0,0,0,0,0,0,2,0,0,0,0,0,0,0,0,0,0
nm1259871,0,0,0,0,1,2,0,2,0,0,0,0,0,0,0,0,0,0
nm1272773,3,0,0,0,1,1,0,1,0,0,0,0,0,0,0,2,0,0
nm1285613,0,0,0,0,0,0,1,1,0,0,0,0,1,0,0,1,0,0
nm1286340,1,1,0,0,2,0,0,0,0,0,0,0,0,1,0,0,0,0
nm1291105,0,0,0,0,0,0,0,2,0,0,1,0,1,0,0,2,0,0
nm1294961,2,0,0,0,1,0,0,1,0,0,2,0,0,0,2,2,0,0
nm1294962,2,0,0,0,1,0,0,1,0,0,2,0,0,0,2,2,0,0
nm1302591,0,0,0,0,0,0,0,2,0,0,0,0,0,1,0,0,0,0
nm1332844,0,0,0,0,0,0,2,0,0,0,0,0,0,0,0,0,0,0
nm1349376,3,2,0,0,0,0,0,1,1,0,2,0,0,1,3,3,0,0
nm1349522,0,0,0,0,3,0,0,2,0,0,1,0,0,2,0,0,0,0
nm1349818,0,0,0,0,1,0,0,2,0,0,0,0,0,0,0,0,0,0
nm1375358,0,1,0,0,2,0,0,0,0,0,0,0,0,0,0,0,0,0
nm1376383,0,1,0,0,2,0,0,0,0,0,0,0,0,0,0,0,0,0
nm1396121,0,0,2,0,0,0,0,2,0,0,0,0,0,2,1,0,0,0
nm1400426,0,0,0,0,0,0,0,2,2,0,0,0,0,1,0,0,0,0
nm1401752,1,1,2,0,2,0,0,0,1,0,0,0,0,0,2,0,0,0
nm1410815,0,0,0,0,0,0,0,3,0,0,0,0,2,1,0,0,0,0
nm1413364,0,0,0,0,0,0,1,0,0,0,1,0,1,0,0,0,0,0
nm1429471,1,0,0,0,0,0,0,2,0,0,2,0,3,0,0,4,0,0
nm1461392,2,1,0,0,1,1,1,2,0,0,0,0,0,0,0,0,1,1
nm1481493,0,1,1,2,0,0,0,0,1,0,0,0,1,0,1,0,0,0
nm1490123,0,0,0,0,0,0,0,1,1,0,5,0,2,0,0,6,0,0
nm1503403,0,0,0,0,0,0,0,1,0,0,0,0,0,1,2,1,0,0
nm1512910,1,0,0,0,0,0,0,2,0,0,0,0,2,0,2,2,0,0
nm1547964,0,0,0,0,2,0,0,2,0,0,0,0,0,1,0,1,0,0
nm1560977,0,0,0,0,0,1,0,2,0,0,0,0,0,1,0,1,0,0
nm1630273,0,0,0,0,1,0,0,1,0,0,0,1,0,1,0,0,0,0
nm1650283,2,1,0,0,1,1,1,2,0,0,0,0,0,0,0,0,1,1
nm1676223,0,0,0,0,2,0,0,0,0,0,0,0,0,0,1,0,0,0
nm1698571,2,0,0,0,2,0,0,0,0,0,0,0,0,0,0,0,0,0
nm1720541,0,0,0,0,0,0,0,2,1,0,1,0,0,1,1,3,0,0
nm1729171,1,0,0,0,1,0,0,2,0,0,0,0,0,1,0,0,1,0
nm1731937,1,0,0,0,0,0,0,3,0,0,0,0,0,1,0,0,0,0
nm1732981,0,0,0,0,2,2,0,1,0,0,0,0,0,0,0,1,0,0
nm1742427,0,0,0,0,0,2,0,2,0,0,0,0,0,0,0,1,0,0
nm1767218,0,0,0,0,2,0,0,2,0,0,0,0,0,1,0,0,0,0
nm1837748,0,0,0,0,1,0,0,2,0,0,0,0,0,2,0,0,0,0
nm1844237,0,2,2,1,2,0,0,0,2,0,0,0,0,0,0,0,0,0
nm1853544,0,0,2,2,2,1,0,0,0,0,0,0,0,0,0,0,0,0
nm1988172,3,2,3,0,0,1,0,1,1,0,0,0,0,0,2,1,0,0
nm1989536,2,1,0,0,1,0,0,1,0,0,0,0,0,1,2,0,0,0
nm1993322,2,0,0,0,2,0,0,0,0,0,0,0,0,0,2,0,0,0
nm2066439,0,1,2,0,0,0,0,1,1,0,0,0,0,1,0,0,0,0
nm2095817,1,0,0,0,2,0,0,0,0,0,0,0,0,0,0,0,0,0
nm2153088,2,0,0,0,0,2,0,0,0,0,0,0,0,0,0,1,0,0
nm2158772,0,1,0,0,0,1,0,3,0,0,0,0,0,0,0,1,0,0
nm2284484,1,1,0,0,0,0,0,1,0,0,0,0,0,0,2,0,0,0
nm2304017,2,1,3,0,0,1,0,0,1,0,0,0,0,0,1,0,0,0
nm2320658,1,0,2,1,2,0,0,0,0,0,0,0,0,0,0,0,0,0
nm2480587,0,0,0,0,0,0,2,0,0,0,0,0,0,0,0,0,0,0
nm2482088,2,1,0,0,1,0,0,0,1,0,2,0,0,0,0,0,0,0
nm2588606,0,0,0,0,0,0,0,3,0,0,0,0,0,0,0,0,0,0
nm2648685,0,0,0,0,0,0,0,2,0,0,0,0,0,1,2,0,0,0
nm2676052,2,2,0,0,0,0,0,0,0,0,0,0,0,0,2,0,0,0
nm2879822,0,0,0,0,0,0,3,0,0,0,0,0,0,0,0,0,1,0
nm9054338,0,0,2,0,1,0,0,0,0,0,0,1,0,0,0,0,0,0
