item	year
1348	1922
44587	1922
4768	1922
8235	1923
8609	1923
25750	1924
25753	1924
4405	1924
7074	1924
7302	1924
3629	1925
3742	1925
6986	1925
25755	1925
3232	1925
25752	1925
3022	1926
4404	1926
2010	1927
8125	1927
8275	1927
2227	1927
1925	1927
6985	1928
25769	1928
2102	1928
25764	1928
25766	1928
3306	1928
25771	1929
6433	1929
25763	1929
2221	1929
33312	1929
1927	1930
7706	1930
4970	1930
25774	1930
8228	1931
1260	1931
3307	1931
2648	1931
2644	1931
25777	1931
7056	1931
25773	1931
8521	1931
5560	1931
8507	1932
25788	1932
7091	1932
2633	1932
8044	1932
3739	1932
25793	1932
1929	1932
8295	1932
2366	1933
1256	1933
3932	1933
8670	1933
4921	1933
7080	1933
8601	1933
25795	1933
8256	1933
25797	1933
45335	1933
80748	1933
905	1934
950	1934
2212	1934
25805	1934
4278	1934
907	1934
32160	1934
4330	1934
965	1935
7132	1935
1340	1935
1931	1935
945	1935
8167	1935
6984	1935
7092	1935
3462	1936
947	1936
25827	1936
7055	1936
2210	1936
25825	1936
25828	1936
4999	1936
25833	1936
7128	1936
7834	1936
7050	1936
25826	1936
594	1937
8542	1937
3134	1937
6254	1937
944	1937
25841	1937
25834	1937
25839	1937
6035	1937
8335	1937
25835	1937
32349	1937
5099	1937
1066	1937
955	1938
940	1938
2208	1938
25850	1938
8600	1938
1934	1938
7086	1938
7756	1938
7078	1938
31260	1938
8786	1938
49355	1938
1099	1938
919	1939
920	1939
954	1939
7072	1939
6783	1939
4178	1939
936	1939
7311	1939
25856	1939
917	1939
7840	1939
7079	1939
25855	1939
927	1939
46803	1939
6412	1939
31934	1939
2847	1939
7061	1939
8227	1939
7831	1939
8404	1939
8401	1939
7578	1939
31528	1939
49412	1939
53919	1939
1282	1940
596	1940
898	1940
1281	1940
928	1940
951	1940
3095	1940
3097	1940
7579	1940
929	1940
8712	1940
3929	1940
941	1940
25866	1940
25865	1940
5974	1940
31347	1940
7219	1940
51638	1940
25852	1940
923	1941
913	1941
1029	1941
2936	1941
2206	1941
2935	1941
31116	1941
1935	1941
25868	1941
973	1941
2654	1941
4801	1941
25870	1941
6859	1941
7208	1941
2205	1941
7216	1941
7833	1941
912	1942
2018	1942
6743	1942
946	1942
5177	1942
3061	1942
7584	1942
5644	1942
4920	1942
2937	1942
7713	1942
6856	1942
8765	1942
25886	1942
1936	1942
8331	1942
6228	1942
8336	1942
2204	1942
2203	1943
7218	1943
5825	1943
25891	1943
7333	1943
25898	1943
7883	1943
5001	1943
897	1943
3936	1943
3435	1944
1269	1944
942	1944
7215	1944
906	1944
2202	1944
918	1944
1069	1944
6983	1944
7059	1944
25901	1944
47306	1944
32261	1944
1937	1944
25905	1944
25911	1944
38384	1944
931	1945
4969	1945
5304	1945
2920	1945
1938	1945
2612	1945
8482	1945
3966	1945
7832	1945
5169	1945
6967	1945
4194	1945
7702	1945
8584	1945
1024	1945
25918	1945
25916	1945
1337	1945
3599	1945
953	1946
1284	1946
930	1946
7064	1946
1939	1946
25923	1946
2927	1946
2940	1946
7728	1946
7943	1946
8516	1946
7210	1946
25927	1946
2099	1946
8208	1946
5601	1946
3849	1946
7933	1946
2398	1947
2066	1947
25940	1947
8338	1947
943	1947
4184	1947
3632	1947
7826	1947
1940	1947
7058	1947
7835	1947
6467	1947
25930	1947
25929	1947
1068	1947
41585	1947
6047	1947
7217	1947
8695	1947
1254	1948
3089	1948
2176	1948
3334	1948
7070	1948
8341	1948
6660	1948
8711	1948
3928	1948
25937	1948
25938	1948
1941	1948
5434	1948
8767	1948
25947	1948
25943	1948
32371	1948
8718	1948
25941	1948
31030	1948
746	1948
49200	1948
7919	1948
46664	1948
31973	1948
1212	1949
6650	1949
7121	1949
8491	1949
7924	1949
1942	1949
4338	1949
3606	1949
8459	1949
42217	1949
5440	1949
8751	1949
25952	1949
7212	1949
8752	1949
8446	1949
7054	1949
25945	1949
8768	1949
3964	1949
2430	1949
7581	1949
922	1950
5291	1950
1022	1950
926	1950
3088	1950
934	1950
3364	1950
6273	1950
25954	1950
7223	1950
3341	1950
25963	1950
6429	1950
6405	1950
5826	1950
31770	1950
25961	1950
32369	1950
25962	1950
2187	1950
44100	1950
7395	1950
1032	1951
969	1951
2186	1951
1253	1951
1104	1951
900	1951
8492	1951
3736	1951
5603	1951
2660	1951
3475	1951
8785	1951
34482	1951
7301	1951
4813	1951
7211	1951
32316	1951
3406	1951
5604	1951
899	1952
1283	1952
6669	1952
1226	1952
5470	1952
6611	1952
5114	1952
6982	1952
3559	1952
7705	1952
30712	1952
5397	1952
6409	1952
2848	1952
3417	1952
8731	1952
25971	1952
4188	1952
916	1953
2087	1953
2662	1953
3196	1953
7700	1953
6643	1953
4356	1953
1944	1953
3871	1953
5017	1953
3404	1953
8199	1953
7209	1953
4357	1953
7335	1953
8848	1953
25999	1953
32525	1953
935	1953
7942	1953
6358	1953
51678	1953
44168	1953
6237	1953
2939	1953
40988	1953
970	1953
6629	1953
4294	1953
2185	1953
5372	1953
904	1954
2019	1954
1086	1954
1945	1954
915	1954
1019	1954
8337	1954
7234	1954
6785	1954
2363	1954
8188	1954
3930	1954
2287	1954
8008	1954
25996	1954
25995	1954
8618	1954
31590	1954
25993	1954
8920	1954
4420	1954
3675	1954
35347	1954
31374	1954
2080	1955
1103	1955
933	1955
7013	1955
7116	1955
5602	1955
4298	1955
3035	1955
949	1955
4359	1955
8094	1955
3549	1955
2184	1955
26003	1955
7614	1955
4426	1955
7941	1955
1946	1955
5333	1955
668	1955
32469	1955
4419	1955
6981	1955
8451	1955
3311	1955
7338	1955
7585	1955
3678	1955
7787	1955
8143	1955
26005	1955
26002	1955
4767	1955
55895	1955
49688	1955
2727	1955
26007	1955
2565	1956
2726	1956
2664	1956
1301	1956
7386	1956
2183	1956
3365	1956
7075	1956
952	1956
47721	1956
8684	1956
948	1956
2967	1956
4429	1956
6516	1956
4433	1956
4046	1956
6064	1956
8153	1956
7580	1956
26012	1956
66547	1956
5640	1956
2182	1956
6357	1956
62049	1956
1203	1957
1250	1957
1237	1957
1178	1957
5147	1957
5008	1957
7766	1957
932	1957
1012	1957
5300	1957
2351	1957
4432	1957
6970	1957
901	1957
3038	1957
4966	1957
7493	1957
5373	1957
7241	1957
6356	1957
6918	1957
937	1957
6450	1957
31950	1957
8675	1957
8740	1957
3096	1957
903	1958
1248	1958
7925	1958
971	1958
2454	1958
7206	1958
32179	1958
3548	1958
2941	1958
3153	1958
938	1958
7238	1958
2670	1958
4998	1958
3405	1958
7940	1958
3516	1958
4798	1958
6452	1958
3368	1958
8989	1958
5649	1958
4395	1958
1085	1958
6630	1958
5005	1958
1334	1958
5836	1958
908	1959
910	1959
1287	1959
2096	1959
2731	1959
3801	1959
4329	1959
8197	1959
7303	1959
6183	1959
7088	1959
26052	1959
6239	1959
841	1959
4802	1959
670	1959
6561	1959
8330	1959
26055	1959
2519	1959
5383	1959
6031	1959
3379	1959
3872	1959
5368	1959
8484	1959
8602	1959
7485	1959
1924	1959
2043	1959
2634	1959
1016	1959
1219	1960
2728	1960
4327	1960
909	1960
4914	1960
8154	1960
3959	1960
3469	1960
1017	1960
2747	1960
7820	1960
2488	1960
8195	1960
7135	1960
26064	1960
4190	1960
2553	1960
4325	1960
31309	1960
5119	1960
5799	1960
6457	1960
4403	1960
3205	1960
659	1960
3808	1960
31545	1960
4792	1960
74089	1960
4042	1960
6461	1960
4954	1960
1014	1960
902	1961
2085	1961
1947	1961
3030	1961
3468	1961
3654	1961
1013	1961
2732	1961
6777	1961
7939	1961
8239	1961
2015	1961
3350	1961
6579	1961
1076	1961
7068	1961
33564	1961
8738	1961
3330	1961
5963	1961
31617	1961
8385	1961
6599	1961
4428	1961
2782	1961
1207	1962
1204	1962
1267	1962
2949	1962
2729	1962
1344	1962
4406	1962
3062	1962
8477	1962
2905	1962
26084	1962
7619	1962
3546	1962
26082	1962
8620	1962
6858	1962
7062	1962
32892	1962
7043	1962
6460	1962
26094	1962
4263	1962
3627	1962
26078	1962
3645	1962
7082	1962
7896	1962
5398	1962
8661	1962
8650	1962
26083	1962
61967	1962
8739	1962
70849	1962
4704	1962
26085	1962
5981	1962
46653	1962
1262	1963
1333	1963
2948	1963
6662	1963
911	1963
1251	1963
3461	1963
7926	1963
4799	1963
2136	1963
3467	1963
4187	1963
2550	1963
7938	1963
1572	1963
7937	1963
8724	1963
26101	1963
5022	1963
4274	1963
1948	1963
8126	1963
3076	1963
2057	1963
7757	1963
4687	1963
1025	1963
3832	1963
4401	1963
750	1964
2947	1964
1028	1964
914	1964
2951	1964
2863	1964
7073	1964
7560	1964
5899	1964
6023	1964
50740	1964
26111	1964
2181	1964
199	1964
3634	1964
3224	1964
4795	1964
7771	1964
7564	1964
26122	1964
26148	1964
7944	1964
26116	1964
3789	1964
6609	1964
4399	1964
3245	1964
32792	1964
5007	1964
26119	1964
2784	1964
5660	1964
73854	1964
7891	1964
5651	1964
5638	1964
8190	1964
7085	1964
1035	1965
3681	1965
2067	1965
2993	1965
3075	1965
5498	1965
2946	1965
8772	1965
6448	1965
680	1965
7748	1965
3873	1965
7067	1965
2983	1965
4339	1965
8494	1965
7114	1965
6178	1965
4806	1965
4411	1965
32139	1965
5145	1965
32721	1965
30701	1965
7051	1965
7394	1965
26147	1965
26139	1965
26133	1965
49394	1965
390	1965
1083	1965
6416	1965
1018	1965
6422	1965
5497	1965
8291	1965
1201	1966
52435	1966
26131	1966
7327	1966
2132	1966
6305	1966
3788	1966
60487	1966
1949	1966
4191	1966
3927	1966
26151	1966
8796	1966
5062	1966
32387	1966
3653	1966
26158	1966
31485	1966
5801	1966
4337	1966
34359	1966
6232	1966
4186	1966
2969	1966
4930	1966
31930	1966
26152	1966
3487	1966
2180	1966
85259	1966
8033	1966
7122	1966
5653	1966
8056	1966
42900	1966
7227	1966
6584	1966
1247	1967
1276	1967
2078	1967
2944	1967
1084	1967
7569	1967
1950	1967
3451	1967
6639	1967
7587	1967
6852	1967
154	1967
3296	1967
26172	1967
2135	1967
26171	1967
26163	1967
7708	1967
2870	1967
7749	1967
26178	1967
3028	1967
44657	1967
5435	1967
5142	1967
50229	1967
8726	1967
41627	1967
3658	1967
8928	1967
7888	1967
26181	1967
7714	1967
5796	1967
6480	1967
924	1968
2529	1968
2160	1968
1209	1968
968	1968
2300	1968
2857	1968
3507	1968
7076	1968
3668	1968
6808	1968
4427	1968
2764	1968
1023	1968
1951	1968
5004	1968
8147	1968
2285	1968
4912	1968
7979	1968
7136	1968
7936	1968
702	1968
6727	1968
31255	1968
7650	1968
8405	1968
7247	1968
674	1968
2922	1968
26170	1968
26198	1968
1304	1969
3168	1969
1952	1969
599	1969
3633	1969
26150	1969
3494	1969
5475	1969
46855	1969
8039	1969
8754	1969
3011	1969
8797	1969
32853	1969
26208	1969
4785	1969
4282	1969
33288	1969
7328	1969
1010	1969
4709	1969
48059	1969
6893	1969
1963	1969
8191	1969
6441	1969
6732	1969
26199	1969
5060	1970
1272	1970
616	1970
3037	1970
7836	1970
3201	1970
4349	1970
7484	1970
6920	1970
26258	1970
2925	1970
4296	1970
26231	1970
6581	1970
7897	1970
8456	1970
4424	1970
52528	1970
50742	1970
26222	1970
26225	1970
2530	1970
26203	1970
8015	1970
41014	1970
8196	1970
6849	1970
3836	1970
3066	1970
6428	1970
7250	1970
2520	1970
26237	1970
1206	1971
1073	1971
4855	1971
1235	1971
1953	1971
3984	1971
4857	1971
26242	1971
1031	1971
6303	1971
1078	1971
3152	1971
6301	1971
6645	1971
3093	1971
1419	1971
3032	1971
1964	1971
3947	1971
4803	1971
7300	1971
7069	1971
3729	1971
26246	1971
26240	1971
3167	1971
8496	1971
8017	1971
47274	1971
6684	1971
26241	1971
6229	1971
5122	1971
6840	1971
2533	1971
7894	1971
4195	1971
3202	1971
2788	1971
4440	1971
6394	1971
26249	1971
32203	1971
858	1972
2871	1972
3503	1972
7063	1972
3545	1972
2013	1972
5120	1972
6666	1972
7084	1972
7008	1972
4422	1972
8690	1972
3074	1972
8016	1972
5410	1972
2178	1972
6533	1972
48061	1972
2361	1972
1082	1972
5569	1972
4283	1972
41226	1972
5002	1972
1162	1972
43497	1972
5986	1972
26269	1972
62801	1972
26270	1972
2532	1972
6573	1972
4444	1972
4438	1972
8334	1972
3812	1972
62803	1972
6478	1972
5472	1972
5692	1972
8651	1972
26271	1972
73608	1972
74727	1972
1234	1973
1997	1973
3363	1973
3198	1973
7482	1973
3735	1973
3034	1973
1077	1973
2137	1973
8207	1973
3741	1973
8042	1973
4754	1973
2921	1973
6724	1973
31923	1973
2527	1973
3682	1973
7089	1973
7396	1973
5105	1973
2511	1973
3200	1973
3733	1973
2495	1973
6271	1973
42094	1973
3194	1973
33072	1973
26302	1973
6051	1973
6230	1973
3655	1973
26283	1973
53887	1973
2009	1973
26326	1973
2531	1973
26303	1973
6395	1973
26306	1973
7889	1973
2991	1973
3771	1973
26294	1973
27109	1973
7060	1973
4064	1973
6430	1973
1221	1974
1252	1974
1278	1974
3671	1974
3730	1974
2459	1974
8879	1974
3384	1974
4220	1974
8838	1974
5341	1974
7792	1974
5056	1974
6509	1974
7720	1974
7071	1974
8998	1974
7895	1974
3430	1974
2524	1974
26318	1974
26313	1974
3738	1974
2074	1974
7178	1974
5980	1974
26325	1974
26285	1974
7817	1974
4789	1974
3672	1974
1011	1974
3639	1974
26322	1974
85316	1974
3769	1974
7093	1974
3230	1974
26324	1974
1136	1975
1193	1975
1387	1975
2657	1975
3362	1975
1125	1975
2819	1975
2730	1975
1303	1975
3814	1975
3470	1975
3415	1975
2303	1975
1913	1975
2346	1975
7115	1975
7991	1975
7236	1975
26349	1975
8264	1975
2877	1975
31270	1975
7577	1975
3099	1975
6226	1975
1009	1975
2239	1975
5522	1975
26350	1975
33036	1975
7617	1975
7899	1975
108583	1975
1007	1975
26347	1975
4863	1975
111	1976
1954	1976
6787	1976
1345	1976
3504	1976
1350	1976
3508	1976
3551	1976
6530	1976
5139	1976
3726	1976
5021	1976
6184	1976
26375	1976
4710	1976
26359	1976
26366	1976
7126	1976
495	1976
6798	1976
7334	1976
5499	1976
2238	1976
7024	1976
53827	1976
26360	1976
2528	1976
2367	1976
32728	1976
33451	1976
2177	1976
4945	1976
6663	1976
8999	1976
3985	1976
8512	1976
4916	1976
6784	1976
260	1977
1230	1977
3471	1977
3635	1977
3676	1977
5693	1977
7980	1977
4437	1977
4928	1977
31193	1977
52767	1977
1030	1977
5121	1977
8261	1977
3244	1977
5965	1977
7225	1977
6021	1977
5214	1977
32234	1977
7586	1977
4927	1977
5588	1977
7029	1977
50641	1977
2090	1977
2014	1977
26403	1977
4911	1977
31150	1977
7304	1977
7492	1977
3760	1977
7920	1977
5292	1977
5247	1977
4947	1977
3339	1977
6519	1977
69849	1977
26386	1977
26391	1977
2051	1977
3421	1978
1263	1978
1380	1978
2640	1978
7387	1978
1982	1978
3498	1978
7001	1978
2924	1978
5385	1978
2932	1978
2779	1978
3204	1978
2131	1978
4705	1978
7107	1978
2866	1978
3813	1978
26400	1978
4212	1978
3724	1978
3015	1978
6779	1978
4441	1978
3024	1978
2138	1978
2116	1978
1388	1978
26398	1978
2789	1978
2163	1978
5891	1978
2091	1978
51277	1978
41136	1978
1194	1978
5382	1978
3519	1978
26413	1978
52319	1978
8596	1978
26395	1978
40973	1978
8499	1978
1214	1979
1208	1979
1080	1979
3702	1979
1244	1979
2109	1979
3396	1979
8340	1979
1292	1979
1955	1979
1232	1979
3359	1979
8253	1979
7698	1979
7762	1979
5489	1979
2971	1979
1161	1979
3420	1979
26425	1979
6170	1979
26422	1979
4292	1979
5544	1979
6990	1979
6748	1979
31522	1979
3135	1979
3040	1979
8923	1979
4788	1979
7990	1979
5642	1979
37545	1979
4811	1979
8844	1979
6032	1979
2901	1979
79533	1979
1371	1979
3638	1979
1327	1979
2034	1979
5165	1979
31502	1979
7802	1979
55652	1979
2409	1979
42163	1979
2862	1979
6658	1979
7104	1979
33126	1979
1196	1980
1258	1980
2791	1980
1220	1980
1228	1980
3552	1980
2313	1980
2150	1980
2641	1980
1956	1980
3091	1980
4713	1980
3811	1980
4835	1980
1135	1980
4291	1980
4833	1980
4936	1980
2130	1980
1286	1980
5244	1980
4826	1980
5198	1980
4932	1980
1130	1980
5250	1980
4830	1980
3649	1980
2240	1980
4956	1980
4840	1980
5125	1980
5202	1980
2988	1980
5696	1980
1128	1980
5187	1980
1974	1980
4941	1980
8906	1980
4939	1980
3587	1980
5241	1980
2950	1980
2088	1980
4714	1980
7790	1980
5246	1980
77658	1980
2290	1980
3235	1980
4834	1980
1198	1981
1233	1981
3703	1981
1663	1981
1321	1981
2968	1981
1129	1981
1957	1981
2872	1981
2989	1981
5747	1981
2917	1981
1124	1981
3397	1981
3524	1981
5853	1981
5772	1981
5712	1981
1264	1981
5707	1981
5237	1981
5867	1981
2929	1981
4784	1981
5039	1981
5752	1981
3679	1981
3036	1981
5914	1981
5847	1981
3970	1981
5763	1981
6118	1981
3621	1981
2075	1981
5765	1981
5859	1981
3734	1981
4179	1981
4105	1981
1033	1981
610	1981
5540	1981
4443	1981
1983	1981
1975	1981
2790	1981
5782	1981
2301	1981
26444	1981
4396	1981
4415	1981
5732	1981
5721	1981
2639	1981
3529	1981
5780	1981
5915	1981
5767	1981
4439	1981
541	1982
1097	1982
1293	1982
1374	1982
2288	1982
3210	1982
2105	1982
4361	1982
1994	1982
2140	1982
2403	1982
2139	1982
5049	1982
4041	1982
1096	1982
4280	1982
2068	1982
3068	1982
2970	1982
3543	1982
1081	1982
2919	1982
4535	1982
5288	1982
2110	1982
6122	1982
5932	1982
6101	1982
5938	1982
921	1982
3221	1982
6140	1982
2518	1982
6126	1982
6125	1982
5038	1982
5940	1982
2757	1982
6082	1982
1298	1982
91488	1982
4039	1982
6093	1982
3016	1982
1381	1982
6078	1982
4915	1982
1346	1982
1976	1982
1984	1982
4697	1982
1587	1982
2410	1982
2792	1982
3688	1982
4929	1982
5927	1982
1150	1982
32840	1982
6104	1982
6100	1982
6119	1982
6077	1982
1210	1983
4262	1983
6807	1983
2804	1983
3039	1983
6979	1983
2795	1983
1231	1983
2915	1983
2352	1983
6774	1983
2114	1983
1958	1983
6001	1983
1289	1983
2118	1983
7934	1983
8827	1983
1238	1983
8183	1983
3347	1983
4809	1983
26485	1983
26462	1983
6989	1983
2070	1983
26476	1983
6123	1983
2097	1983
8379	1983
31035	1983
5101	1983
6638	1983
5226	1983
5012	1983
5937	1983
2517	1983
7759	1983
2642	1983
26492	1983
2121	1983
3550	1983
5054	1983
4275	1983
3843	1983
26467	1983
2902	1983
1389	1983
2111	1983
7570	1983
5650	1983
26471	1983
7573	1983
3591	1983
4957	1983
42946	1983
4589	1983
26464	1983
26491	1983
2942	1983
26479	1983
3689	1983
1240	1984
2716	1984
2115	1984
1225	1984
1288	1984
4085	1984
2161	1984
7099	1984
2003	1984
2406	1984
2144	1984
2420	1984
3683	1984
1347	1984
1227	1984
1299	1984
3098	1984
2100	1984
2117	1984
1965	1984
5500	1984
1305	1984
8633	1984
2859	1984
3699	1984
3398	1984
3925	1984
7983	1984
8610	1984
3342	1984
26524	1984
7087	1984
4000	1984
26472	1984
3111	1984
5797	1984
8266	1984
2852	1984
26527	1984
3700	1984
4971	1984
7134	1984
6809	1984
3791	1984
26502	1984
2021	1984
1375	1984
2311	1984
3070	1984
5040	1984
2122	1984
3708	1984
32825	1984
3770	1984
1977	1984
26513	1984
26504	1984
2613	1984
2378	1984
4214	1984
3441	1984
7616	1984
8591	1984
4690	1984
3525	1984
6991	1984
3206	1984
5568	1984
42351	1984
1270	1985
1968	1985
1199	1985
2005	1985
1674	1985
2407	1985
1217	1985
2739	1985
2371	1985
2134	1985
3608	1985
1959	1985
7419	1985
3479	1985
1297	1985
2065	1985
7027	1985
3819	1985
1300	1985
7566	1985
8880	1985
3018	1985
2369	1985
6818	1985
6786	1985
3685	1985
26554	1985
6636	1985
26547	1985
2867	1985
7040	1985
5367	1985
2344	1985
3169	1985
6896	1985
4276	1985
3102	1985
2077	1985
3223	1985
3501	1985
3816	1985
3637	1985
2069	1985
2370	1985
3704	1985
6731	1985
7481	1985
2143	1985
4533	1985
7743	1985
2033	1985
7036	1985
2093	1985
1969	1985
3693	1985
6803	1985
2787	1985
2399	1985
2373	1985
2377	1985
9004	1985
1978	1985
1257	1985
2413	1985
2405	1985
2411	1985
2402	1985
2401	1985
2376	1985
6664	1985
2379	1985
2794	1985
26555	1985
4010	1985
6582	1985
7307	1985
4442	1985
26528	1985
6345	1985
7340	1985
2146	1985
3251	1985
2414	1985
26562	1985
26560	1985
8884	1985
40586	1985
4219	1985
1200	1986
2918	1986
1259	1986
1090	1986
2076	1986
6350	1986
1967	1986
1376	1986
2455	1986
2470	1986
2467	1986
2746	1986
2145	1986
3360	1986
6993	1986
1296	1986
2141	1986
1273	1986
1131	1986
2474	1986
1132	1986
4210	1986
3763	1986
2469	1986
2348	1986
2312	1986
2463	1986
2159	1986
4407	1986
7042	1986
26585	1986
4218	1986
2734	1986
26578	1986
26564	1986
2349	1986
4410	1986
2262	1986
3480	1986
5548	1986
7011	1986
8933	1986
7815	1986
4043	1986
3696	1986
2938	1986
61724	1986
1275	1986
3740	1986
2046	1986
4545	1986
4006	1986
2048	1986
2735	1986
8501	1986
2846	1986
36363	1986
2450	1986
7984	1986
4492	1986
1979	1986
1995	1986
2148	1986
2460	1986
2119	1986
2453	1986
4812	1986
1101	1986
2478	1986
2421	1986
2375	1986
2380	1986
2457	1986
2815	1986
2745	1986
2261	1986
65612	1986
2374	1986
2416	1986
6201	1986
2736	1986
2476	1986
6800	1986
4981	1986
8119	1986
3707	1986
2468	1986
1197	1987
1222	1987
2194	1987
2000	1987
3527	1987
3448	1987
1394	1987
2985	1987
1261	1987
1088	1987
4002	1987
3101	1987
1960	1987
4007	1987
4103	1987
3072	1987
8623	1987
1211	1987
2133	1987
3706	1987
2243	1987
3505	1987
3917	1987
6791	1987
8128	1987
1202	1987
4037	1987
2750	1987
4333	1987
3727	1987
4095	1987
3478	1987
3090	1987
7478	1987
4117	1987
26606	1987
4086	1987
4529	1987
4082	1987
26599	1987
4297	1987
3094	1987
1395	1987
2972	1987
4135	1987
3547	1987
4116	1987
2880	1987
26603	1987
3033	1987
4128	1987
3698	1987
8169	1987
1255	1987
7046	1987
4121	1987
4090	1987
1970	1987
2643	1987
32657	1987
3576	1987
3388	1987
4079	1987
7118	1987
8574	1987
4133	1987
4794	1987
3017	1987
4124	1987
4084	1987
4102	1987
5308	1987
4005	1987
8614	1987
2381	1987
7102	1987
5553	1987
7033	1987
4104	1987
3394	1987
4215	1987
1290	1987
4091	1987
8732	1987
5404	1987
26616	1987
6816	1987
7019	1987
4080	1987
4126	1987
8426	1987
8045	1987
4132	1987
7026	1987
74282	1987
1036	1988
1961	1988
2174	1988
2987	1988
2797	1988
1079	1988
5971	1988
1274	1988
3868	1988
5690	1988
2020	1988
4326	1988
3361	1988
4499	1988
4467	1988
3104	1988
4546	1988
4703	1988
1189	1988
2022	1988
4465	1988
4322	1988
2245	1988
3067	1988
3071	1988
4519	1988
2926	1988
1295	1988
4508	1988
8656	1988
2551	1988
4464	1988
4506	1988
4062	1988
38159	1988
4488	1988
4557	1988
4515	1988
3412	1988
3142	1988
4541	1988
4537	1988
4009	1988
4523	1988
2802	1988
4480	1988
2796	1988
2247	1988
4495	1988
26631	1988
4484	1988
3680	1988
4473	1988
5643	1988
2193	1988
3087	1988
4553	1988
1216	1988
709	1988
1991	1988
3701	1988
4544	1988
4552	1988
3918	1988
4587	1988
1971	1988
26629	1988
2263	1988
1985	1988
4526	1988
2408	1988
7561	1988
4502	1988
1980	1988
4501	1988
4518	1988
4479	1988
4489	1988
1378	1988
4558	1988
2404	1988
3444	1988
2382	1988
4509	1988
4066	1988
4498	1988
4531	1988
3197	1988
4496	1988
36850	1988
65135	1988
6244	1988
4393	1988
4466	1988
26614	1988
4470	1988
4500	1988
4555	1988
4478	1988
4487	1988
4562	1988
27216	1988
4563	1988
60904	1988
4474	1988
2471	1988
1291	1989
592	1989
1246	1989
1307	1989
1127	1989
2081	1989
1223	1989
1242	1989
1172	1989
1302	1989
1285	1989
4571	1989
2248	1989
1962	1989
2054	1989
26662	1989
3424	1989
1186	1989
2064	1989
1185	1989
4008	1989
3429	1989
2973	1989
1218	1989
3526	1989
3844	1989
3019	1989
1224	1989
1173	1989
3521	1989
3203	1989
4681	1989
8589	1989
26587	1989
26649	1989
4661	1989
4624	1989
4572	1989
3684	1989
4577	1989
2931	1989
4612	1989
26663	1989
3338	1989
6782	1989
4183	1989
7742	1989
2011	1989
2717	1989
1373	1989
2513	1989
2123	1989
2422	1989
4564	1989
4591	1989
1972	1989
4605	1989
4636	1989
2456	1989
26701	1989
6583	1989
4626	1989
4682	1989
4618	1989
1986	1989
4683	1989
1981	1989
4658	1989
2001	1989
2423	1989
4623	1989
2990	1989
2072	1989
4679	1989
1091	1989
4678	1989
4673	1989
2383	1989
4654	1989
4662	1989
4614	1989
3387	1989
4616	1989
4621	1989
2372	1989
6454	1989
48165	1989
4585	1989
4677	1989
2151	1989
4595	1989
4628	1989
4599	1989
4613	1989
5646	1989
69524	1989
32196	1989
4664	1989
4676	1989
3392	1989
1213	1990
2291	1990
590	1990
1610	1990
597	1990
2916	1990
586	1990
587	1990
3499	1990
2023	1990
1249	1990
3105	1990
1245	1990
1243	1990
7044	1990
1179	1990
1277	1990
7018	1990
7045	1990
6235	1990
6966	1990
4211	1990
7028	1990
1785	1990
26713	1990
6974	1990
4205	1990
1966	1990
26704	1990
26694	1990
1236	1990
5839	1990
5840	1990
4174	1990
7791	1990
32943	1990
1192	1990
8270	1990
7487	1990
4318	1990
7489	1990
3713	1990
6671	1990
26681	1990
4216	1990
1169	1990
3723	1990
1190	1990
40491	1990
7951	1990
2012	1990
3476	1990
2699	1990
6659	1990
3697	1990
3438	1990
3686	1990
2004	1990
2986	1990
2089	1990
6270	1990
2412	1990
8225	1990
26693	1990
2162	1990
1999	1990
1992	1990
2616	1990
1370	1990
7004	1990
1100	1990
26680	1990
1268	1990
5303	1990
1379	1990
3841	1990
5027	1990
26750	1990
3705	1990
5309	1990
2249	1990
2798	1990
4207	1990
5438	1990
6812	1990
33463	1990
93040	1990
4951	1990
6614	1990
3130	1990
7701	1990
7781	1990
4392	1990
26695	1990
8493	1990
6238	1990
3219	1990
6678	1990
26688	1990
7193	1990
593	1991
589	1991
595	1991
3418	1991
1175	1991
3386	1991
1271	1991
6796	1991
3108	1991
6440	1991
1372	1991
3809	1991
3869	1991
3060	1991
2108	1991
5541	1991
1280	1991
26729	1991
7123	1991
1279	1991
5970	1991
1176	1991
6721	1991
3044	1991
1611	1991
26712	1991
3358	1991
4787	1991
6978	1991
4061	1991
6780	1991
8158	1991
2112	1991
6027	1991
7020	1991
5034	1991
6797	1991
5637	1991
1184	1991
3426	1991
4688	1991
26758	1991
5279	1991
6466	1991
7918	1991
1191	1991
8580	1991
6810	1991
6971	1991
3489	1991
2124	1991
3107	1991
2094	1991
4980	1991
3439	1991
1126	1991
2142	1991
6996	1991
7930	1991
1306	1991
1973	1991
26743	1991
2879	1991
1343	1991
1027	1991
4321	1991
4351	1991
6944	1991
7007	1991
7000	1991
4040	1991
6977	1991
5843	1991
6424	1991
4203	1991
5361	1991
7003	1991
6387	1991
4409	1991
1093	1991
3528	1991
2799	1991
6832	1991
7101	1991
3712	1991
26745	1991
4285	1991
6558	1991
7037	1991
2704	1991
26736	1991
26760	1991
4862	1991
7884	1991
1089	1992
588	1992
2268	1992
1266	1992
3253	1992
1408	1992
1339	1992
1377	1992
3255	1992
1092	1992
1094	1992
1095	1992
26776	1992
3246	1992
3100	1992
1188	1992
3267	1992
3271	1992
2289	1992
3263	1992
1241	1992
2083	1992
265	1992
3265	1992
1385	1992
3260	1992
3266	1992
5339	1992
1342	1992
522	1992
3249	1992
1171	1992
3272	1992
3274	1992
373	1992
7025	1992
7009	1992
6612	1992
3728	1992
7647	1992
6442	1992
1177	1992
2943	1992
506	1992
26788	1992
7039	1992
8520	1992
1187	1992
33454	1992
26796	1992
8273	1992
3677	1992
7010	1992
52666	1992
31547	1992
1320	1992
2953	1992
2082	1992
3264	1992
3258	1992
1037	1992
2808	1992
2253	1992
3269	1992
5159	1992
2053	1992
6793	1992
2084	1992
4748	1992
7228	1992
26819	1992
3802	1992
6734	1992
3919	1992
2800	1992
66317	1992
2514	1992
3262	1992
2252	1992
2302	1992
3252	1992
8132	1992
1396	1992
3256	1992
2002	1992
3247	1992
3257	1992
7624	1992
861	1992
6722	1992
7017	1992
2822	1992
5582	1992
3270	1992
8010	1992
3614	1992
3045	1992
26770	1992
7618	1992
347	1992
7030	1992
7620	1992
3557	1992
3259	1992
3261	1992
8582	1992
3243	1992
122	1992
6997	1992
3120	1992
6961	1992
6850	1992
7179	1992
26782	1992
8905	1992
6999	1992
6022	1992
4317	1992
3063	1992
6517	1992
3268	1992
527	1993
480	1993
1265	1993
457	1993
551	1993
1148	1993
508	1993
539	1993
337	1993
555	1993
454	1993
431	1993
441	1993
553	1993
509	1993
474	1993
475	1993
497	1993
307	1993
440	1993
529	1993
410	1993
531	1993
428	1993
515	1993
535	1993
1678	1993
3250	1993
493	1993
507	1993
538	1993
412	1993
4047	1993
492	1993
7023	1993
534	1993
446	1993
4846	1993
26840	1993
501	1993
2071	1993
477	1993
7844	1993
448	1993
556	1993
26838	1993
7745	1993
549	1993
363	1993
346	1993
483	1993
321	1993
8710	1993
2803	1993
1215	1993
442	1993
485	1993
455	1993
435	1993
1015	1993
2052	1993
3213	1993
546	1993
519	1993
5452	1993
3440	1993
718	1993
3466	1993
565	1993
426	1993
51562	1993
5102	1993
2120	1993
9005	1993
5076	1993
4686	1993
3920	1993
8254	1993
6436	1993
500	1993
520	1993
3020	1993
524	1993
552	1993
466	1993
434	1993
1441	1993
5103	1993
1020	1993
3450	1993
3254	1993
481	1993
5055	1993
491	1993
517	1993
542	1993
3208	1993
2106	1993
8268	1993
464	1993
7354	1993
7782	1993
6723	1993
26842	1993
544	1993
479	1993
490	1993
26812	1993
678	1993
760	1993
26810	1993
543	1993
365	1993
567	1993
4808	1993
3502	1993
2269	1993
540	1993
2875	1993
5111	1993
3761	1993
427	1993
6166	1993
419	1993
4711	1993
3835	1993
4067	1993
489	1993
3248	1993
521	1993
6794	1993
469	1993
318	1994
296	1994
356	1994
364	1994
293	1994
377	1994
223	1994
231	1994
367	1994
357	1994
288	1994
353	1994
235	1994
300	1994
306	1994
345	1994
342	1994
58	1994
319	1994
261	1994
247	1994
308	1994
246	1994
162	1994
290	1994
123	1994
232	1994
348	1994
272	1994
249	1994
532	1994
381	1994
514	1994
314	1994
5893	1994
213	1994
326	1994
4336	1994
281	1994
233	1994
456	1994
229	1994
313	1994
299	1994
417	1994
214	1994
302	1994
757	1994
421	1994
334	1994
574	1994
149	1994
2593	1994
352	1994
253	1994
316	1994
735	1994
324	1994
329	1994
317	1994
362	1994
273	1994
256	1994
379	1994
355	1994
382	1994
432	1994
1021	1994
575	1994
374	1994
2092	1994
405	1994
366	1994
533	1994
558	1994
393	1994
6559	1994
4749	1994
2876	1994
126	1994
471	1994
225	1994
380	1994
344	1994
349	1994
368	1994
370	1994
372	1994
3972	1994
413	1994
315	1994
26865	1994
383	1994
361	1994
482	1994
423	1994
227	1994
5096	1994
5357	1994
548	1994
376	1994
371	1994
7505	1994
350	1994
449	1994
26875	1994
266	1994
277	1994
420	1994
282	1994
252	1994
276	1994
518	1994
436	1994
409	1994
351	1994
289	1994
537	1994
6992	1994
2042	1994
516	1994
414	1994
550	1994
473	1994
569	1994
32456	1994
450	1994
26870	1994
408	1994
305	1994
4458	1994
6811	1994
875	1994
502	1994
5969	1994
2036	1994
8387	1994
8221	1994
50	1995
47	1995
110	1995
1	1995
32	1995
150	1995
165	1995
6	1995
16	1995
745	1995
34	1995
39	1995
741	1995
29	1995
17	1995
36	1995
25	1995
21	1995
215	1995
11	1995
714	1995
175	1995
562	1995
151	1995
105	1995
198	1995
69	1995
97	1995
262	1995
194	1995
230	1995
60	1995
45	1995
52	1995
665	1995
28	1995
322	1995
1757	1995
41	1995
222	1995
176	1995
581	1995
159	1995
82	1995
728	1995
627	1995
144	1995
85	1995
190	1995
632	1995
116	1995
43	1995
80	1995
10	1995
62	1995
7669	1995
187	1995
2	1995
208	1995
292	1995
153	1995
48	1995
158	1995
172	1995
196	1995
6857	1995
327	1995
24	1995
44	1995
173	1995
22	1995
160	1995
239	1995
26903	1995
12	1995
407	1995
188	1995
13	1995
76	1995
32554	1995
169	1995
338	1995
328	1995
181	1995
26887	1995
250	1995
332	1995
891	1995
177	1995
8	1995
161	1995
73	1995
156	1995
30	1995
163	1995
19	1995
180	1995
145	1995
333	1995
216	1995
170	1995
31	1995
18	1995
236	1995
168	1995
112	1995
3	1995
3477	1995
303	1995
186	1995
23	1995
193	1995
280	1995
204	1995
89	1995
27	1995
81	1995
164	1995
72	1995
42	1995
358	1995
257	1995
9	1995
688	1995
14	1995
51357	1995
26	1995
57	1995
117	1995
78	1995
147	1995
5	1995
20	1995
191	1995
339	1995
218	1995
43677	1995
195	1995
185	1995
585	1995
203	1995
237	1995
171	1995
7	1995
44317	1995
207	1995
267	1995
157	1995
617	1995
224	1995
166	1995
3046	1995
468	1995
700	1995
2483	1995
15	1995
46	1995
4	1995
608	1996
778	1996
648	1996
1393	1996
1358	1996
1407	1996
1059	1996
1060	1996
1183	1996
628	1996
832	1996
1120	1996
661	1996
784	1996
1357	1996
1449	1996
785	1996
838	1996
101	1996
1411	1996
837	1996
708	1996
866	1996
1147	1996
852	1996
1354	1996
1537	1996
1416	1996
647	1996
800	1996
994	1996
1041	1996
1111	1996
2952	1996
1361	1996
1446	1996
986	1996
125	1996
1366	1996
1046	1996
663	1996
1542	1996
707	1996
2330	1996
1554	1996
4350	1996
1392	1996
1051	1996
6789	1996
1365	1996
1050	1996
1545	1996
1450	1996
1414	1996
780	1996
1356	1996
1391	1996
720	1996
653	1996
1367	1996
783	1996
1405	1996
671	1996
107	1996
673	1996
724	1996
788	1996
799	1996
1409	1996
1064	1996
5570	1996
1359	1996
748	1996
880	1996
1005	1996
801	1996
631	1996
742	1996
609	1996
7845	1996
829	1996
26925	1996
92	1996
711	1996
611	1996
828	1996
737	1996
842	1996
7355	1996
70	1996
1047	1996
1057	1996
991	1996
26939	1996
999	1996
1034	1996
1546	1996
1417	1996
733	1996
104	1996
736	1996
141	1996
1061	1996
1042	1996
95	1996
786	1996
849	1996
494	1996
1049	1996
839	1996
836	1996
996	1996
1429	1996
605	1996
63	1996
662	1996
798	1996
1401	1996
761	1996
694	1996
719	1996
94	1996
613	1996
805	1996
1483	1996
637	1996
851	1996
782	1996
86	1996
818	1996
848	1996
1484	1996
893	1996
802	1996
88	1996
765	1996
65	1996
762	1996
892	1996
886	1996
100	1996
1390	1996
79	1996
766	1996
1399	1996
804	1996
743	1996
60007	1996
781	1996
74	1996
1006	1996
830	1996
135	1996
26947	1996
835	1996
1363	1996
140	1996
1056	1996
61	1996
691	1996
640	1996
6683	1996
2609	1996
1353	1996
1475	1996
1430	1996
1704	1997
1527	1997
1721	1997
1617	1997
2324	1997
1653	1997
1784	1997
1517	1997
3000	1997
1584	1997
1729	1997
1673	1997
1573	1997
1466	1997
1500	1997
1639	1997
1641	1997
1747	1997
1569	1997
1464	1997
2594	1997
1635	1997
1589	1997
1711	1997
1719	1997
1889	1997
1834	1997
2810	1997
1809	1997
1701	1997
1614	1997
1734	1997
1643	1997
2693	1997
1694	1997
1844	1997
5059	1997
1900	1997
7486	1997
1594	1997
1730	1997
1518	1997
1648	1997
1649	1997
6667	1997
2439	1997
4217	1997
1633	1997
26965	1997
1683	1997
1859	1997
1904	1997
1860	1997
1880	1997
1875	1997
1660	1997
1846	1997
1580	1997
1625	1997
1722	1997
1597	1997
1590	1997
2437	1997
1699	1997
1465	1997
1529	1997
1676	1997
2232	1997
1544	1997
1690	1997
1479	1997
1566	1997
1688	1997
1717	1997
1562	1997
1644	1997
6975	1997
1591	1997
1588	1997
1702	1997
1726	1997
27156	1997
1713	1997
2793	1997
1603	1997
1707	1997
1681	1997
1848	1997
1592	1997
1474	1997
1355	1997
879	1997
4645	1997
1623	1997
1646	1997
63239	1997
1645	1997
1672	1997
1627	1997
1615	1997
1689	1997
26974	1997
1827	1997
1541	1997
5888	1997
1454	1997
8260	1997
1485	1997
1552	1997
1608	1997
1687	1997
1586	1997
1476	1997
1620	1997
1799	1997
1438	1997
2325	1997
1515	1997
1459	1997
1556	1997
1425	1997
7048	1997
1858	1997
1498	1997
1447	1997
1693	1997
1488	1997
2618	1997
77846	1997
27033	1997
95654	1997
2025	1997
1616	1997
1658	1997
1487	1997
1480	1997
1631	1997
1619	1997
1513	1997
1665	1997
1457	1997
1422	1997
1431	1997
1503	1997
1442	1997
1499	1997
7562	1997
1755	1997
65939	1997
1593	1997
2962	1997
1461	1997
32460	1997
68945	1997
1453	1997
1629	1997
1609	1997
6464	1997
1760	1997
2329	1998
2028	1998
1682	1998
1732	1998
2542	1998
1923	1998
2692	1998
2396	1998
2355	1998
1748	1998
1884	1998
2395	1998
2321	1998
1921	1998
2278	1998
2231	1998
1907	1998
2006	1998
2273	1998
2336	1998
2294	1998
2427	1998
2058	1998
1680	1998
2359	1998
2686	1998
2318	1998
1912	1998
1805	1998
2391	1998
6242	1998
2360	1998
7034	1998
2843	1998
2579	1998
1916	1998
2384	1998
2333	1998
2357	1998
1883	1998
3077	1998
1810	1998
3783	1998
2696	1998
1845	1998
1885	1998
1914	1998
2624	1998
3008	1998
2155	1998
2354	1998
2557	1998
1836	1998
2575	1998
2171	1998
2425	1998
2165	1998
2272	1998
2481	1998
1917	1998
2353	1998
2125	1998
7649	1998
8157	1998
2337	1998
27005	1998
4454	1998
27186	1998
2310	1998
2167	1998
1909	1998
1876	1998
2393	1998
2394	1998
1835	1998
1779	1998
2297	1998
1831	1998
2428	1998
1882	1998
2059	1998
2389	1998
2316	1998
1920	1998
27002	1998
1797	1998
2338	1998
2279	1998
7812	1998
7811	1998
2322	1998
2107	1998
3054	1998
2315	1998
2328	1998
2275	1998
27036	1998
2429	1998
2392	1998
27032	1998
1862	1998
27075	1998
1762	1998
27155	1998
1919	1998
2026	1998
4850	1998
1881	1998
1918	1998
2126	1998
3569	1998
2195	1998
2356	1998
1897	1998
2237	1998
1791	1998
1777	1998
2424	1998
2340	1998
2431	1998
1801	1998
2335	1998
1792	1998
1754	1998
2060	1998
2596	1998
1895	1998
2432	1998
1772	1998
2334	1998
2387	1998
2433	1998
1833	1998
2320	1998
1769	1998
1866	1998
1752	1998
27922	1998
1840	1998
2563	1998
2280	1998
1873	1998
2585	1998
1892	1998
2296	1998
2691	1998
2390	1998
2282	1998
2443	1998
27022	1998
2166	1998
2169	1998
2170	1998
2435	1998
1753	1998
1735	1998
1727	1998
2236	1998
27020	1998
2442	1998
1821	1998
2188	1998
2607	1998
8604	1998
1911	1998
1894	1998
1887	1998
2027	1998
7915	1998
51372	1998
108979	1998
1888	1998
2153	1998
26999	1998
2765	1998
2571	1999
2959	1999
2858	1999
2762	1999
2997	1999
2502	1999
3114	1999
2706	1999
2700	1999
3081	1999
3160	1999
3176	1999
2712	1999
2890	1999
3175	1999
2671	1999
2710	1999
2761	1999
3006	1999
2599	1999
2501	1999
3556	1999
2908	1999
3174	1999
3148	1999
3083	1999
3328	1999
2687	1999
2966	1999
2770	1999
27317	1999
2841	1999
2677	1999
3157	1999
2912	1999
2702	1999
3129	1999
3189	1999
3989	1999
3181	1999
6668	1999
3182	1999
3002	1999
3822	1999
3125	1999
3163	1999
7786	1999
3327	1999
2611	1999
3289	1999
3787	1999
3854	1999
3456	1999
27271	1999
5605	1999
3158	1999
3855	1999
3150	1999
3010	1999
3320	1999
27255	1999
3052	1999
2628	1999
2617	1999
2541	1999
3355	1999
2690	1999
2500	1999
2774	1999
6939	1999
3117	1999
3147	1999
2826	1999
2600	1999
2701	1999
3159	1999
2672	1999
3156	1999
2722	1999
3113	1999
2622	1999
2976	1999
2719	1999
2713	1999
7810	1999
2995	1999
2827	1999
2560	1999
2606	1999
2720	1999
2709	1999
3864	1999
6243	1999
2448	1999
2549	1999
2807	1999
2555	1999
2580	1999
3007	1999
3179	1999
3747	1999
3127	1999
8142	1999
2683	1999
2572	1999
2763	1999
2694	1999
3082	1999
2490	1999
3005	1999
2881	1999
3178	1999
2723	1999
3173	1999
2840	1999
2505	1999
2567	1999
2447	1999
2772	1999
2889	1999
2504	1999
2861	1999
2561	1999
3145	1999
2806	1999
3720	1999
2682	1999
8805	1999
2829	1999
2707	1999
8012	1999
3079	1999
8755	1999
3186	1999
2718	1999
3053	1999
3185	1999
2883	1999
2907	1999
2558	1999
2583	1999
3078	1999
2725	1999
3115	1999
7753	1999
3055	1999
2539	1999
2605	1999
2724	1999
2688	1999
2497	1999
2676	1999
3051	1999
2882	1999
2961	1999
2996	1999
3155	1999
2598	1999
2891	1999
2485	1999
2496	1999
2805	1999
3146	1999
2860	1999
2836	1999
2587	1999
2581	1999
33779	1999
27006	1999
2570	1999
8581	1999
2759	1999
3581	1999
2771	1999
3718	1999
3786	1999
3538	1999
7809	1999
4312	1999
7124	1999
3004	1999
3746	1999
27073	1999
8117	1999
5896	1999
2888	1999
2978	1999
2436	1999
65133	1999
2721	1999
2506	1999
8130	1999
4226	2000
3578	2000
3793	2000
3996	2000
3949	2000
4027	2000
4022	2000
3897	2000
4034	2000
3481	2000
3751	2000
3408	2000
4014	2000
3911	2000
3535	2000
4235	2000
7022	2000
3967	2000
3300	2000
3755	2000
3317	2000
3624	2000
3910	2000
4144	2000
4642	2000
3882	2000
4033	2000
3993	2000
4378	2000
3536	2000
3983	2000
4020	2000
4036	2000
4741	2000
4017	2000
3950	2000
4380	2000
7932	2000
4334	2000
4021	2000
3852	2000
4783	2000
3598	2000
3566	2000
3539	2000
4077	2000
5258	2000
3865	2000
4237	2000
4151	2000
27366	2000
4769	2000
4024	2000
3859	2000
4011	2000
3275	2000
3977	2000
3798	2000
6820	2000
3998	2000
6344	2000
5051	2000
4738	2000
27369	2000
27329	2000
7038	2000
3851	2000
6801	2000
32743	2000
4342	2000
3994	2000
4016	2000
3785	2000
3863	2000
3969	2000
3745	2000
3988	2000
3354	2000
4015	2000
7842	2000
3827	2000
3986	2000
3826	2000
62336	2000
3273	2000
3981	2000
3483	2000
3615	2000
27251	2000
27311	2000
3991	2000
3784	2000
3593	2000
5069	2000
27441	2000
4030	2000
3997	2000
3799	2000
3973	2000
3889	2000
3287	2000
3754	2000
3990	2000
3945	2000
3190	2000
5999	2000
4029	2000
4251	2000
5515	2000
4644	2000
4996	2000
6641	2000
5423	2000
3948	2000
3753	2000
3623	2000
3916	2000
4018	2000
3301	2000
3752	2000
3555	2000
3285	2000
3409	2000
4023	2000
3452	2000
3825	2000
5146	2000
3744	2000
3861	2000
3999	2000
3896	2000
3879	2000
3177	2000
3946	2000
6067	2000
3298	2000
5319	2000
27397	2000
4383	2000
3513	2000
3594	2000
3618	2000
4772	2000
4019	2000
95858	2000
3717	2000
3510	2000
3980	2000
3893	2000
3512	2000
3992	2000
3484	2000
4640	2000
7541	2000
3554	2000
3915	2000
4646	2000
3858	2000
3943	2000
3892	2000
3564	2000
4025	2000
3617	2000
3534	2000
3952	2000
3824	2000
3553	2000
4031	2000
3968	2000
3316	2000
3515	2000
8495	2000
3955	2000
3324	2000
3831	2000
4055	2000
3794	2000
4313	2000
3978	2000
3646	2000
3821	2000
3616	2000
3987	2000
27178	2000
4300	2000
4347	2000
27416	2000
5526	2000
4273	2000
3906	2000
66544	2000
3979	2000
7306	2000
6300	2000
27351	2000
3565	2000
27193	2000
4993	2001
4306	2001
4973	2001
4963	2001
4886	2001
4995	2001
4878	2001
5618	2001
4896	2001
4979	2001
4720	2001
5010	2001
4848	2001
4308	2001
4776	2001
4246	2001
4370	2001
5225	2001
4641	2001
5013	2001
4881	2001
6283	2001
4873	2001
5015	2001
6618	2001
4967	2001
5294	2001
5135	2001
4902	2001
4903	2001
6299	2001
4232	2001
5325	2001
4225	2001
5477	2001
6776	2001
5890	2001
27410	2001
4978	2001
5269	2001
6713	2001
4056	2001
5222	2001
5525	2001
5628	2001
5391	2001
5909	2001
4821	2001
27563	2001
6672	2001
7096	2001
5417	2001
4234	2001
4304	2001
5516	2001
5073	2001
4345	2001
6400	2001
5682	2001
5224	2001
4847	2001
5272	2001
4874	2001
4148	2001
4865	2001
4446	2001
5026	2001
4054	2001
4725	2001
5316	2001
6790	2001
4976	2001
4166	2001
4389	2001
4723	2001
4975	2001
4270	2001
4310	2001
4643	2001
4638	2001
4343	2001
4890	2001
4366	2001
7235	2001
4388	2001
5072	2001
4887	2001
4744	2001
4876	2001
4386	2001
27604	2001
4990	2001
4719	2001
4899	2001
4735	2001
27338	2001
57502	2001
27456	2001
27402	2001
4241	2001
4158	2001
7846	2001
5110	2001
4448	2001
5009	2001
5379	2001
4889	2001
4649	2001
6567	2001
6216	2001
5949	2001
4745	2001
5081	2001
6329	2001
6506	2001
5465	2001
7502	2001
4239	2001
4223	2001
4734	2001
4718	2001
4299	2001
4369	2001
4344	2001
4367	2001
5014	2001
4700	2001
4992	2001
4069	2001
4238	2001
4844	2001
4994	2001
4387	2001
4052	2001
4155	2001
4159	2001
4452	2001
4770	2001
4224	2001
4265	2001
4756	2001
4771	2001
4866	2001
5607	2001
8795	2001
5608	2001
8485	2001
4161	2001
4880	2001
4728	2001
4974	2001
6223	2001
5074	2001
4450	2001
5298	2001
5137	2001
4815	2001
4248	2001
4146	2001
27491	2001
5095	2001
5134	2001
4765	2001
4373	2001
4153	2001
4898	2001
4816	2001
4901	2001
4823	2001
5016	2001
4727	2001
6222	2001
4701	2001
7572	2001
27373	2001
5450	2001
4958	2001
4247	2001
4149	2001
4228	2001
4167	2001
4372	2001
4757	2001
4732	2001
5678	2001
8730	2001
4900	2001
4447	2001
4255	2001
4381	2001
4867	2001
4743	2001
5425	2001
4814	2001
4699	2001
4989	2001
4340	2001
4368	2001
27523	2001
8575	2001
4849	2001
4733	2001
4639	2001
4267	2001
4231	2001
4305	2001
4168	2001
4068	2001
5011	2001
68536	2001
33592	2001
5068	2001
5503	2001
4141	2001
4888	2001
27376	2001
4169	2001
6679	2001
8131	2001
7843	2001
4254	2001
6508	2001
5952	2002
5445	2002
5989	2002
6016	2002
5349	2002
6502	2002
5995	2002
5816	2002
5669	2002
5902	2002
7090	2002
5377	2002
5679	2002
5464	2002
5502	2002
5991	2002
5956	2002
6218	2002
5954	2002
5617	2002
5673	2002
5388	2002
5266	2002
5878	2002
5945	2002
5810	2002
5444	2002
5992	2002
6385	2002
7981	2002
6331	2002
5254	2002
6003	2002
7139	2002
6552	2002
5446	2002
5881	2002
5577	2002
6286	2002
6291	2002
5508	2002
5267	2002
5959	2002
5505	2002
5812	2002
6591	2002
5293	2002
5876	2002
5364	2002
6197	2002
6062	2002
5329	2002
6542	2002
5613	2002
8019	2002
8327	2002
5572	2002
8011	2002
5792	2002
6963	2002
5941	2002
6869	2002
6772	2002
5820	2002
6269	2002
6909	2002
5483	2002
69685	2002
6008	2002
5788	2002
5686	2002
6339	2002
6306	2002
6898	2002
6571	2002
6192	2002
5818	2002
8753	2002
6211	2002
6195	2002
5619	2002
5418	2002
5218	2002
5903	2002
5299	2002
5219	2002
5574	2002
5791	2002
5944	2002
5065	2002
27741	2002
27772	2002
5833	2002
5632	2002
5312	2002
6063	2002
6882	2002
5527	2002
5460	2002
7879	2002
5684	2002
27647	2002
5663	2002
5378	2002
5459	2002
6281	2002
6755	2002
5171	2002
5463	2002
7827	2002
5882	2002
6902	2002
6707	2002
5128	2002
27482	2002
5530	2002
5419	2002
5784	2002
5389	2002
5667	2002
5046	2002
27368	2002
5504	2002
5804	2002
5879	2002
7646	2002
5127	2002
5480	2002
5264	2002
5323	2002
7266	2002
5523	2002
5109	2002
5629	2002
62834	2002
5481	2002
5528	2002
5400	2002
6214	2002
6370	2002
5666	2002
5479	2002
5809	2002
6162	2002
6335	2002
7349	2002
6279	2002
6592	2002
5636	2002
5064	2002
5630	2002
5872	2002
5152	2002
5507	2002
27592	2002
5785	2002
27731	2002
5449	2002
5283	2002
5151	2002
5265	2002
5047	2002
5420	2002
55031	2002
5093	2002
5524	2002
6193	2002
5478	2002
5611	2002
88345	2002
27408	2002
5447	2002
6041	2002
6368	2002
5108	2002
5955	2002
7773	2002
5421	2002
6163	2002
5685	2002
27391	2002
6598	2002
6710	2002
6288	2002
4774	2002
5080	2002
5380	2002
5900	2002
5107	2002
5506	2002
7352	2002
5994	2002
6215	2002
5625	2002
5817	2002
5957	2002
5025	2002
5313	2002
5220	2002
5803	2002
5873	2002
6002	2002
27555	2002
5563	2002
5633	2002
6060	2002
5668	2002
5401	2002
5066	2002
44943	2002
7789	2002
5620	2002
5296	2002
5621	2002
5414	2002
5363	2002
5282	2002
5874	2002
5612	2002
5665	2002
5947	2002
5943	2002
6268	2002
6382	2002
5680	2002
7976	2002
5348	2002
27671	2002
5451	2002
5485	2002
5670	2002
5610	2002
6375	2002
5092	2002
7456	2002
5415	2002
5387	2002
5942	2002
5255	2002
5324	2002
27478	2002
27434	2002
7153	2003
6539	2003
6377	2003
6874	2003
6711	2003
7147	2003
6333	2003
27773	2003
6942	2003
6870	2003
6378	2003
6863	2003
6953	2003
6947	2003
7323	2003
6708	2003
6867	2003
6565	2003
6773	2003
7371	2003
6620	2003
6957	2003
7160	2003
7156	2003
7162	2003
7256	2003
8014	2003
27846	2003
8370	2003
7158	2003
6296	2003
6380	2003
27801	2003
6890	2003
6297	2003
7460	2003
6593	2003
6954	2003
7265	2003
7137	2003
8607	2003
6932	2003
6617	2003
6881	2003
31364	2003
6538	2003
7982	2003
27834	2003
38499	2003
7767	2003
33683	2003
31952	2003
27850	2003
27722	2003
27822	2003
32582	2003
8930	2003
6862	2003
7459	2003
27820	2003
6935	2003
8364	2003
7177	2003
8573	2003
7171	2003
34155	2003
6945	2003
27716	2003
8938	2003
32239	2003
33558	2003
27876	2003
33539	2003
27812	2003
7141	2003
8133	2003
6365	2003
27611	2003
6323	2003
6754	2003
27700	2003
6290	2003
7365	2003
6705	2003
7260	2003
31101	2003
6695	2003
27865	2003
27648	2003
6934	2003
6373	2003
6537	2003
27660	2003
6936	2003
6541	2003
6753	2003
7163	2003
6534	2003
6157	2003
6888	2003
6058	2003
7841	2003
7164	2003
6952	2003
6889	2003
6880	2003
6294	2003
6250	2003
6264	2003
6615	2003
27800	2003
6959	2003
6536	2003
6338	2003
6379	2003
6624	2003
6951	2003
27584	2003
8578	2003
8134	2003
27792	2003
6220	2003
6040	2003
6958	2003
6946	2003
6566	2003
6703	2003
6503	2003
6764	2003
6770	2003
7364	2003
6337	2003
6927	2003
6219	2003
6332	2003
30745	2003
27664	2003
8367	2003
7143	2003
6188	2003
6879	2003
6709	2003
6548	2003
6059	2003
6156	2003
6873	2003
7154	2003
6595	2003
6586	2003
6213	2003
6263	2003
6482	2003
6950	2003
6196	2003
6185	2003
6280	2003
27802	2003
8982	2003
77854	2003
32562	2003
6187	2003
27674	2003
6322	2003
7161	2003
7382	2003
7377	2003
7150	2003
6868	2003
6159	2003
6750	2003
6341	2003
7199	2003
6327	2003
27828	2003
6885	2003
31807	2003
6374	2003
6012	2003
6948	2003
6287	2003
7151	2003
7285	2003
6367	2003
8800	2003
27816	2003
6768	2003
8809	2003
33358	2003
6884	2003
6545	2003
7149	2003
7155	2003
6266	2003
31903	2003
6265	2003
8365	2003
6765	2003
6006	2003
78160	2003
8121	2003
6484	2003
6535	2003
7442	2003
6155	2003
7297	2003
6564	2003
6887	2003
6005	2003
6550	2003
6763	2003
6619	2003
6014	2003
6886	2003
7372	2003
6013	2003
9010	2003
8576	2003
7299	2003
6252	2003
6383	2003
6686	2003
27744	2003
6864	2003
33675	2003
6493	2003
42422	2003
74754	2003
27797	2003
6212	2003
6687	2003
6186	2003
7142	2003
31123	2003
6702	2003
27636	2003
8605	2003
7361	2004
8961	2004
7438	2004
8665	2004
8874	2004
8636	2004
8368	2004
8360	2004
33166	2004
30749	2004
30707	2004
8784	2004
8464	2004
31658	2004
8949	2004
8798	2004
8970	2004
8622	2004
30812	2004
30810	2004
31410	2004
31878	2004
8641	2004
7293	2004
8873	2004
8983	2004
8984	2004
8958	2004
8528	2004
7373	2004
7451	2004
27831	2004
8638	2004
8981	2004
8914	2004
8807	2004
8645	2004
27721	2004
27803	2004
8966	2004
8973	2004
8781	2004
30822	2004
30803	2004
27266	2004
33903	2004
27728	2004
31804	2004
8937	2004
30820	2004
27790	2004
27878	2004
27727	2004
8951	2004
27912	2004
27838	2004
27873	2004
31660	2004
9018	2004
31437	2004
27879	2004
27882	2004
32770	2004
31702	2004
32591	2004
31956	2004
32022	2004
33603	2004
31359	2004
38198	2004
8644	2004
8957	2004
8917	2004
8783	2004
8366	2004
27808	2004
8810	2004
42718	2004
33171	2004
8947	2004
8860	2004
31694	2004
8870	2004
40412	2004
27869	2004
33896	2004
27899	2004
33649	2004
40966	2004
32025	2004
8667	2004
93988	2004
30892	2004
33722	2004
8535	2004
33124	2004
27746	2004
27843	2004
30867	2004
38097	2004
7437	2004
27751	2004
27826	2004
7254	2004
7445	2004
7360	2004
8361	2004
27706	2004
8371	2004
7444	2004
7454	2004
8865	2004
8861	2004
37830	2004
8985	2004
8965	2004
8907	2004
8977	2004
31184	2004
7380	2004
8373	2004
8974	2004
63433	2004
32213	2004
8939	2004
8526	2004
8369	2004
8372	2004
8666	2004
27608	2004
27905	2004
8831	2004
47404	2004
8815	2004
7369	2004
45003	2004
37495	2004
8919	2004
7319	2004
8978	2004
7374	2004
53140	2004
7449	2004
8830	2004
8967	2004
27778	2004
7345	2004
8376	2004
8972	2004
7458	2004
7348	2004
33817	2004
8532	2004
8959	2004
37955	2004
40010	2004
43899	2004
8950	2004
30825	2004
7318	2004
7263	2004
7346	2004
30816	2004
7317	2004
7173	2004
7367	2004
8640	2004
7439	2004
8908	2004
32291	2004
27837	2004
7376	2004
8814	2004
7379	2004
7258	2004
8534	2004
7259	2004
27619	2004
8529	2004
8866	2004
27432	2004
8910	2004
82143	2004
39768	2004
7366	2004
30846	2004
33893	2004
8862	2004
8918	2004
8955	2004
27689	2004
8956	2004
8533	2004
8530	2004
8969	2004
30850	2004
8948	2004
30848	2004
33138	2004
8836	2004
8943	2004
27871	2004
8915	2004
33826	2004
31114	2004
7440	2004
38538	2004
8813	2004
7347	2004
7362	2004
31162	2004
7325	2004
27815	2004
7324	2004
8968	2004
7381	2004
31435	2004
33725	2004
78162	2004
33819	2004
31445	2004
33750	2004
7294	2004
8833	2004
8362	2004
7169	2004
41025	2004
79006	2004
8916	2004
8643	2004
7255	2004
8872	2004
39398	2004
8799	2004
53883	2004
27851	2004
27768	2004
34811	2004
43897	2004
33487	2004
7450	2004
32300	2004
53906	2004
8808	2004
8531	2004
33621	2004
31408	2004
27857	2004
47634	2004
27884	2004
7448	2004
27866	2004
33585	2004
33136	2004
7316	2004
30818	2004
7375	2004
8869	2004
32302	2004
7320	2004
8912	2004
8911	2004
33794	2005
32587	2005
33493	2005
40815	2005
35836	2005
34405	2005
40819	2005
34162	2005
41566	2005
30793	2005
38061	2005
39183	2005
41997	2005
33004	2005
33679	2005
33660	2005
38038	2005
41569	2005
34048	2005
37729	2005
39292	2005
37733	2005
36517	2005
37741	2005
40629	2005
41285	2005
34072	2005
34437	2005
40583	2005
33162	2005
44761	2005
38886	2005
34542	2005
40732	2005
43396	2005
33154	2005
27821	2005
33880	2005
32031	2005
42632	2005
39381	2005
42004	2005
34153	2005
34338	2005
41716	2005
38798	2005
36276	2005
37240	2005
33834	2005
35957	2005
38304	2005
34271	2005
36527	2005
43376	2005
42418	2005
34528	2005
44204	2005
32598	2005
33639	2005
33669	2005
39414	2005
39234	2005
30898	2005
36537	2005
40414	2005
50658	2005
44633	2005
41527	2005
43460	2005
43333	2005
37736	2005
48872	2005
43708	2005
64997	2005
34148	2005
44937	2005
34143	2005
37855	2005
47202	2005
31689	2005
50066	2005
33677	2005
39886	2005
33838	2005
49265	2005
49263	2005
41721	2005
46959	2005
51991	2005
31687	2005
38994	2005
31696	2005
40278	2005
34150	2005
44974	2005
39446	2005
36535	2005
37386	2005
37727	2005
41573	2005
40826	2005
40870	2005
34323	2005
43560	2005
42018	2005
37475	2005
40851	2005
40946	2005
40955	2005
43744	2005
33164	2005
38095	2005
45635	2005
44889	2005
49225	2005
35015	2005
46919	2005
47148	2005
34319	2005
33615	2005
36708	2005
27788	2005
36401	2005
36525	2005
37857	2005
34532	2005
42723	2005
34332	2005
40339	2005
33836	2005
42734	2005
33085	2005
31427	2005
37380	2005
27839	2005
39052	2005
40723	2005
30894	2005
34334	2005
39307	2005
48678	2005
33830	2005
34321	2005
32289	2005
68959	2005
43832	2005
36509	2005
31700	2005
38294	2005
36533	2005
45361	2005
36397	2005
31223	2005
48543	2005
32011	2005
27618	2005
39400	2005
31431	2005
40581	2005
47465	2005
40959	2005
38600	2005
39419	2005
34326	2005
45382	2005
32584	2005
46572	2005
51545	2005
36529	2005
41571	2005
33437	2005
36519	2005
32029	2005
33646	2005
32596	2005
34534	2005
37720	2005
37384	2005
31420	2005
37382	2005
42002	2005
39435	2005
42015	2005
40148	2005
39715	2005
45183	2005
37853	2005
47254	2005
34552	2005
47491	2005
39444	2005
31225	2005
42011	2005
39427	2005
40614	2005
41724	2005
36477	2005
58223	2005
37731	2005
34336	2005
39869	2005
42007	2005
47725	2005
34164	2005
46772	2005
48342	2005
43914	2005
41769	2005
31867	2005
42197	2005
37739	2005
38388	2005
38992	2005
45506	2005
34540	2005
34523	2005
95313	2005
95377	2005
39231	2005
31685	2005
33672	2005
32019	2005
34536	2005
42958	2005
48825	2005
38824	2005
44058	2005
31433	2005
32017	2005
42013	2005
32009	2005
31422	2005
46347	2005
31785	2005
33495	2005
41617	2005
31221	2005
34520	2005
33158	2005
40574	2005
37477	2005
45175	2005
46156	2005
47446	2005
38701	2005
33145	2005
32298	2005
43652	2005
34198	2005
47830	2005
33421	2005
39449	2005
32296	2005
48032	2005
43908	2005
40962	2005
33499	2005
42009	2005
33815	2005
34530	2005
48516	2006
44191	2006
49272	2006
46578	2006
48780	2006
48394	2006
48774	2006
45722	2006
44195	2006
49530	2006
44555	2006
48385	2006
47610	2006
46976	2006
44199	2006
48738	2006
46723	2006
45517	2006
47099	2006
27904	2006
45950	2006
50068	2006
48304	2006
48043	2006
45186	2006
53123	2006
44694	2006
46530	2006
47629	2006
48082	2006
44022	2006
46970	2006
45431	2006
45210	2006
48696	2006
52885	2006
52952	2006
47999	2006
43936	2006
49961	2006
49822	2006
48783	2006
53550	2006
49274	2006
47423	2006
44788	2006
45668	2006
49772	2006
45928	2006
52042	2006
44709	2006
48322	2006
48982	2006
45880	2006
51709	2006
41863	2006
54372	2006
46850	2006
46965	2006
49824	2006
47894	2006
43921	2006
45028	2006
48744	2006
50851	2006
45666	2006
51471	2006
44828	2006
52967	2006
51884	2006
53468	2006
50005	2006
43917	2006
50514	2006
48698	2006
46974	2006
44864	2006
49347	2006
50274	2006
49132	2006
49220	2006
44849	2006
47937	2006
44613	2006
46559	2006
51694	2006
50842	2006
48741	2006
43869	2006
45221	2006
47778	2006
55067	2006
48879	2006
51007	2006
49422	2006
47978	2006
43910	2006
38188	2006
59519	2006
56060	2006
48682	2006
44301	2006
61678	2006
50259	2006
43934	2006
45499	2006
59387	2006
48997	2006
50912	2006
56715	2006
57504	2006
46948	2006
45730	2006
49932	2006
58347	2006
50160	2006
52950	2006
53024	2006
49957	2006
50011	2006
59220	2006
87308	2006
50651	2006
64278	2006
59684	2006
56379	2006
55156	2006
49917	2006
56744	2006
56719	2006
56141	2006
49278	2006
46972	2006
42738	2006
47997	2006
45672	2006
45081	2006
48877	2006
49649	2006
44972	2006
43928	2006
48142	2006
43679	2006
45732	2006
53161	2006
48414	2006
55167	2006
45442	2006
49647	2006
55553	2006
60609	2006
45662	2006
56003	2006
73759	2006
48518	2006
47952	2006
60818	2006
47124	2006
48591	2006
47810	2006
54910	2006
44731	2006
48943	2006
53326	2006
44225	2006
47264	2006
43932	2006
43904	2006
45074	2006
52806	2006
46337	2006
49013	2006
53138	2006
49528	2006
45720	2006
47200	2006
49286	2006
47044	2006
51705	2006
48856	2006
48598	2006
51418	2006
63515	2006
52321	2006
50517	2006
47793	2006
44665	2006
45447	2006
45728	2006
46322	2006
49651	2006
47518	2006
50794	2006
42725	2006
45501	2006
46335	2006
44397	2006
43871	2006
48520	2006
50792	2006
47644	2006
45726	2006
74152	2006
48161	2006
50064	2006
53318	2006
51127	2006
51091	2006
46967	2006
69140	2006
51037	2006
50447	2006
47394	2006
48883	2006
43419	2006
47640	2006
48412	2006
44004	2006
49130	2006
49793	2006
42728	2006
49280	2006
47970	2006
45062	2006
43836	2006
45440	2006
48560	2006
47950	2006
48326	2006
48416	2006
48262	2006
47261	2006
49666	2006
54094	2006
49396	2006
47382	2006
42730	2006
44929	2006
44197	2006
52606	2006
91233	2006
48319	2006
49312	2006
49524	2006
49314	2006
44840	2006
52227	2006
49276	2006
49526	2006
49284	2006
43684	2006
52929	2006
48231	2006
72714	2006
49856	2006
48593	2006
45208	2006
51660	2006
45503	2006
51174	2006
43558	2006
48711	2006
61646	2006
43556	2006
52448	2006
56012	2006
57980	2006
57972	2006
59440	2006
51063	2006
44193	2006
45106	2006
42732	2006
53578	2006
46865	2006
47122	2006
54328	2006
43930	2006
50954	2006
43919	2006
44759	2006
46062	2006
50003	2006
50189	2006
54286	2007
56367	2007
55820	2007
50872	2007
51255	2007
54503	2007
54001	2007
56782	2007
55765	2007
55247	2007
54997	2007
52973	2007
54272	2007
54259	2007
53996	2007
53125	2007
51540	2007
52281	2007
55118	2007
53322	2007
56757	2007
55290	2007
55276	2007
53000	2007
55269	2007
55442	2007
52722	2007
52328	2007
53519	2007
55052	2007
54995	2007
56788	2007
53894	2007
55280	2007
56152	2007
53953	2007
56339	2007
55814	2007
55363	2007
52604	2007
54881	2007
53956	2007
54736	2007
58303	2007
51080	2007
56171	2007
55267	2007
55805	2007
57274	2007
52975	2007
59018	2007
55444	2007
56607	2007
50601	2007
50685	2007
55069	2007
52241	2007
65642	2007
55094	2007
56333	2007
55253	2007
52579	2007
59995	2007
56805	2007
51834	2007
49910	2007
58306	2007
53460	2007
56885	2007
59141	2007
54796	2007
56286	2007
55555	2007
55080	2007
68522	2007
55071	2007
54745	2007
55176	2007
55451	2007
58351	2007
58191	2007
53447	2007
54331	2007
52375	2007
50923	2007
55687	2007
59590	2007
53921	2007
55729	2007
55116	2007
56915	2007
56274	2007
54513	2007
53769	2007
58492	2007
57845	2007
57792	2007
55205	2007
55063	2007
60295	2007
58334	2007
55620	2007
56508	2007
60503	2007
58246	2007
60482	2007
60735	2007
60418	2007
56174	2007
53972	2007
55908	2007
56145	2007
55721	2007
56921	2007
55995	2007
55282	2007
52287	2007
54281	2007
55274	2007
57243	2007
51698	2007
55284	2007
54785	2007
56563	2007
54962	2007
58425	2007
74508	2007
59418	2007
57910	2007
55901	2007
55946	2007
52283	2007
59549	2007
89678	2007
59607	2007
57637	2007
56093	2007
54193	2007
51662	2007
56251	2007
53121	2007
53464	2007
55232	2007
51412	2007
53993	2007
51077	2007
55768	2007
55577	2007
50804	2007
56801	2007
55999	2007
51939	2007
70533	2007
51925	2007
54771	2007
71500	2007
52462	2007
56176	2007
52644	2007
53435	2007
58332	2007
64249	2007
52712	2007
53127	2007
62970	2007
59604	2007
50445	2007
51927	2007
50162	2007
50798	2007
55955	2007
50800	2007
60141	2007
66427	2007
50796	2007
62836	2007
54686	2007
55259	2007
53129	2007
52458	2007
55272	2007
57147	2007
58964	2007
56079	2007
51935	2007
56775	2007
54999	2007
51931	2007
50442	2007
57464	2007
54787	2007
59429	2007
52460	2007
80139	2007
52245	2007
58554	2007
58301	2007
53189	2007
58078	2007
57353	2007
55020	2007
74740	2007
54190	2007
56587	2007
56941	2007
55872	2007
58162	2007
54276	2007
56389	2007
55245	2007
52694	2007
55732	2007
55286	2007
51088	2007
54732	2007
65037	2007
55278	2007
53988	2007
56001	2007
56671	2007
51084	2007
59985	2007
78544	2007
55288	2007
58622	2007
60128	2007
54256	2007
83219	2007
57401	2007
51086	2007
54004	2007
54775	2007
55241	2007
50806	2007
56908	2007
53002	2007
77233	2007
108548	2007
56156	2007
54648	2007
51575	2007
50802	2007
52668	2007
54780	2007
55261	2007
55250	2007
52717	2007
51903	2007
50158	2007
58706	2007
59026	2007
52456	2007
54612	2007
86377	2007
58376	2007
71131	2007
58992	2007
54075	2007
64993	2007
59143	2007
56169	2007
60566	2007
55255	2007
59404	2007
53466	2007
53974	2007
59709	2007
56846	2007
51937	2007
54734	2007
61123	2007
58559	2008
60069	2008
59315	2008
63082	2008
64614	2008
57669	2008
59784	2008
64839	2008
64957	2008
69481	2008
61323	2008
58998	2008
61240	2008
63876	2008
57368	2008
61132	2008
61024	2008
64620	2008
60040	2008
58295	2008
57640	2008
60072	2008
60950	2008
64575	2008
65261	2008
63859	2008
60766	2008
58047	2008
60756	2008
59501	2008
61236	2008
64983	2008
65130	2008
62155	2008
62511	2008
71282	2008
58299	2008
61729	2008
65216	2008
63853	2008
66371	2008
68848	2008
62376	2008
61352	2008
58105	2008
64197	2008
65188	2008
59118	2008
67665	2008
60943	2008
60333	2008
65126	2008
60293	2008
59731	2008
60291	2008
62437	2008
63808	2008
64499	2008
62250	2008
60647	2008
61026	2008
64701	2008
59336	2008
62203	2008
61075	2008
69458	2008
66130	2008
58806	2008
65418	2008
64501	2008
60382	2008
66200	2008
61071	2008
65577	2008
60758	2008
58879	2008
58876	2008
62912	2008
61257	2008
60763	2008
72703	2008
60341	2008
70846	2008
63446	2008
66934	2008
63062	2008
64622	2008
62849	2008
65514	2008
59126	2008
79008	2008
67267	2008
62644	2008
67508	2008
59810	2008
73808	2008
62733	2008
61246	2008
67429	2008
69394	2008
69324	2008
62235	2008
61406	2008
69574	2008
71438	2008
68472	2008
63179	2008
66870	2008
59615	2008
60074	2008
58025	2008
63992	2008
60161	2008
62956	2008
62999	2008
58293	2008
67295	2008
61248	2008
59103	2008
61160	2008
64285	2008
64497	2008
65088	2008
60037	2008
60979	2008
60674	2008
59392	2008
61350	2008
59037	2008
60760	2008
73211	2008
60514	2008
63436	2008
59727	2008
65982	2008
58297	2008
60937	2008
65685	2008
61262	2008
60816	2008
66090	2008
65868	2008
58975	2008
61401	2008
63826	2008
70521	2008
60941	2008
59014	2008
58972	2008
64116	2008
57534	2008
69818	2008
65588	2008
71732	2008
60516	2008
59369	2008
63131	2008
59725	2008
62344	2008
64030	2008
59016	2008
63222	2008
65465	2008
58839	2008
67801	2008
69995	2008
66744	2008
63113	2008
58803	2008
64969	2008
62434	2008
62374	2008
57528	2008
58103	2008
85736	2008
68659	2008
66785	2008
58627	2008
62439	2008
61394	2008
64231	2008
59594	2008
61289	2008
60832	2008
61986	2008
64034	2008
56949	2008
64716	2008
60126	2008
65230	2008
58154	2008
62293	2008
59258	2008
62113	2008
58156	2008
70862	2008
61250	2008
65596	2008
57526	2008
64032	2008
62577	2008
60939	2008
67223	2008
62137	2008
55830	2008
60753	2008
58490	2008
61255	2008
67620	2008
62799	2008
61705	2008
61167	2008
71691	2008
68749	2008
70032	2008
63033	2008
95311	2008
85354	2008
62792	2008
70451	2008
78729	2008
59022	2008
59900	2008
63479	2008
57951	2008
61697	2008
58315	2008
57532	2008
62553	2008
60408	2008
66762	2008
60397	2008
64114	2008
68444	2008
63189	2008
62081	2008
59421	2008
53207	2008
61465	2008
59256	2008
71550	2008
86347	2008
65225	2008
64229	2008
66156	2008
68963	2008
75983	2008
59333	2008
60948	2008
58655	2008
67252	2008
62394	2008
65142	2008
58107	2008
62718	2008
65193	2008
68157	2009
68954	2009
72998	2009
70286	2009
68358	2009
69122	2009
69757	2009
73017	2009
71535	2009
68237	2009
60684	2009
69844	2009
72011	2009
66097	2009
67255	2009
72226	2009
67087	2009
71899	2009
71033	2009
63072	2009
67734	2009
71057	2009
69526	2009
71464	2009
73344	2009
67997	2009
71745	2009
69640	2009
68159	2009
72720	2009
66665	2009
73023	2009
68952	2009
67408	2009
69784	2009
72395	2009
66509	2009
71462	2009
71518	2009
71211	2009
68347	2009
71450	2009
69306	2009
76173	2009
72605	2009
77307	2009
72386	2009
67193	2009
76091	2009
72479	2009
73587	2009
72167	2009
68932	2009
71248	2009
85179	2009
67695	2009
79897	2009
71619	2009
72131	2009
71205	2009
74750	2009
71542	2009
69988	2009
68324	2009
72641	2009
70293	2009
79357	2009
71579	2009
69951	2009
71264	2009
74510	2009
71135	2009
72737	2009
71108	2009
68269	2009
73290	2009
74416	2009
78836	2009
72171	2009
74553	2009
71468	2009
86290	2009
74668	2009
71129	2009
77240	2009
73027	2009
72367	2009
68319	2009
68791	2009
72378	2009
71530	2009
72733	2009
69644	2009
71379	2009
70599	2009
66297	2009
67197	2009
69134	2009
65682	2009
66171	2009
70336	2009
72407	2009
71106	2009
72731	2009
68793	2009
70159	2009
71254	2009
72356	2009
66198	2009
72489	2009
72308	2009
74228	2009
71304	2009
72294	2009
84187	2009
69746	2009
72129	2009
72380	2009
69606	2009
69278	2009
72393	2009
66335	2009
68941	2009
70208	2009
72701	2009
65882	2009
71252	2009
72209	2009
73168	2009
67186	2009
73000	2009
72982	2009
77427	2009
72165	2009
70305	2009
67799	2009
66783	2009
71484	2009
72043	2009
67867	2009
66240	2009
65601	2009
72405	2009
71429	2009
78266	2009
70728	2009
71327	2009
77201	2009
76111	2009
68554	2009
71156	2009
71838	2009
71520	2009
68205	2009
67923	2009
69275	2009
79684	2009
70361	2009
68194	2009
68073	2009
72554	2009
74791	2009
73266	2009
78349	2009
77843	2009
74370	2009
82041	2009
69406	2009
73323	2009
71466	2009
73015	2009
70567	2009
65585	2009
74624	2009
72741	2009
75813	2009
69436	2009
71668	2009
70984	2009
76079	2009
74488	2009
79073	2009
65802	2009
77328	2009
77330	2009
76054	2009
77359	2009
70344	2009
72228	2009
70687	2009
78774	2009
71325	2009
84847	2009
69604	2009
74275	2009
70183	2009
74948	2009
76210	2009
72176	2009
79946	2009
72169	2009
72694	2009
74573	2009
69516	2009
69654	2009
66203	2009
73101	2009
71823	2009
82589	2009
74677	2009
73881	2009
73860	2009
73681	2009
69712	2009
68486	2009
66385	2009
68552	2009
71902	2009
79318	2009
65810	2009
81910	2009
77540	2009
69529	2009
73392	2009
84716	2009
71910	2009
74541	2009
71928	2009
68135	2009
69069	2009
76030	2009
78703	2009
70643	2009
62265	2009
69253	2009
66798	2009
74868	2009
77795	2009
66691	2009
71460	2009
83798	2009
72919	2009
79590	2009
71670	2009
67788	2009
70334	2009
73106	2009
79132	2010
74458	2010
81845	2010
78499	2010
80463	2010
81591	2010
76093	2010
76251	2010
81834	2010
82459	2010
77561	2010
79702	2010
81562	2010
81847	2010
81932	2010
80489	2010
74789	2010
77455	2010
81564	2010
81229	2010
80906	2010
78574	2010
74545	2010
78039	2010
85774	2010
79242	2010
74795	2010
78209	2010
85342	2010
79185	2010
77800	2010
83132	2010
79720	2010
87304	2010
86142	2010
74685	2010
81018	2010
80917	2010
82667	2010
82767	2010
74916	2010
81791	2010
77421	2010
81385	2010
81456	2010
84240	2010
79091	2010
83134	2010
80969	2010
86781	2010
80831	2010
78088	2010
79274	2010
82169	2010
81819	2010
82242	2010
80185	2010
82463	2010
81257	2010
81191	2010
86892	2010
76763	2010
83270	2010
82037	2010
81132	2010
84116	2010
80553	2010
80469	2010
82173	2010
86000	2010
89072	2010
92048	2010
85790	2010
83827	2010
73321	2010
82461	2010
73268	2010
78637	2010
76175	2010
81156	2010
81788	2010
87234	2010
79224	2010
81158	2010
80862	2010
80590	2010
85401	2010
82527	2010
81784	2010
78116	2010
84952	2010
80398	2010
82499	2010
80094	2010
80549	2010
79293	2010
80219	2010
78469	2010
79695	2010
76077	2010
76293	2010
79057	2010
85412	2010
75985	2010
74156	2010
77364	2010
89047	2010
79796	2010
82744	2010
74532	2010
85780	2010
74452	2010
78679	2010
81535	2010
75395	2010
79879	2010
82095	2010
77798	2010
83374	2010
85394	2010
81731	2010
81537	2010
78218	2010
80928	2010
81516	2010
77866	2010
79592	2010
74324	2010
80693	2010
82167	2010
80126	2010
85788	2010
80839	2010
79428	2010
80860	2010
74450	2010
77837	2010
78316	2010
81512	2010
80166	2010
83976	2010
87298	2010
74688	2010
82534	2010
80864	2010
73929	2010
80939	2010
88950	2010
83293	2010
82053	2010
83302	2010
84242	2010
74946	2010
74851	2010
81417	2010
81817	2010
83086	2010
83803	2010
80241	2010
78517	2010
81786	2010
76738	2010
77629	2010
77833	2010
79134	2010
75805	2010
77206	2010
77667	2010
86345	2010
81782	2010
81641	2010
78034	2010
74944	2010
74787	2010
87194	2010
84775	2010
79251	2010
78105	2010
82202	2010
79553	2010
79824	2010
83369	2010
85007	2010
89780	2010
88118	2010
89629	2010
77191	2010
79588	2010
79139	2010
80363	2010
80846	2010
82852	2010
78041	2010
81804	2010
87079	2010
79860	2010
82244	2010
78772	2010
80615	2010
78174	2010
75341	2010
80586	2010
81383	2010
74530	2010
74154	2010
78893	2010
80551	2010
83506	2010
82378	2010
82093	2010
73319	2010
77414	2010
80222	2010
88125	2011
87232	2011
88129	2011
91658	2011
89492	2011
86882	2011
86332	2011
89864	2011
88140	2011
88163	2011
91630	2011
84954	2011
90866	2011
87306	2011
89904	2011
84944	2011
90746	2011
84392	2011
87869	2011
89804	2011
86190	2011
89470	2011
89753	2011
86911	2011
89759	2011
90439	2011
86898	2011
90531	2011
90600	2011
91094	2011
93838	2011
85438	2011
90430	2011
90057	2011
88672	2011
90374	2011
91622	2011
89761	2011
92643	2011
91128	2011
89535	2011
86884	2011
90809	2011
92259	2011
88744	2011
88810	2011
84772	2011
87222	2011
86320	2011
93721	2011
90376	2011
86298	2011
87192	2011
96606	2011
91134	2011
86852	2011
86487	2011
90357	2011
91869	2011
91199	2011
88267	2011
91548	2011
87660	2011
90266	2011
90528	2011
98604	2011
87004	2011
92243	2011
89260	2011
94126	2011
85414	2011
90647	2011
84152	2011
86833	2011
84601	2011
89118	2011
90249	2011
85020	2011
90717	2011
86295	2011
90405	2011
85510	2011
83613	2011
86644	2011
87430	2011
85131	2011
90888	2011
92008	2011
90345	2011
89087	2011
85022	2011
89343	2011
85796	2011
88932	2011
84942	2011
91542	2011
91077	2011
94070	2011
84273	2011
86880	2011
85881	2011
87520	2011
88405	2011
83349	2011
89039	2011
91653	2011
89085	2011
85367	2011
91126	2011
93740	2011
91325	2011
90719	2011
86628	2011
91079	2011
85397	2011
86293	2011
90645	2011
95135	2011
89190	2011
88954	2011
90914	2011
82152	2011
91323	2011
91571	2011
89030	2011
89774	2011
94896	2011
95761	2011
91414	2011
91690	2011
108983	2011
85025	2011
90947	2011
87876	2011
93443	2011
88235	2011
94931	2011
92475	2011
92535	2011
94466	2011
93265	2011
86548	2011
91890	2011
94150	2011
84374	2011
85056	2011
88785	2011
90403	2011
84950	2011
86835	2011
87529	2011
88127	2011
93475	2011
84615	2011
90603	2011
90943	2011
92920	2011
85213	2011
93855	2011
89074	2011
89090	2011
93790	2011
93422	2011
87485	2011
89840	2011
88812	2011
87522	2011
84395	2011
90576	2011
90522	2011
86815	2011
90738	2011
84613	2011
91104	2011
88179	2011
93287	2011
84637	2011
83480	2011
86817	2011
92694	2011
90469	2011
89305	2011
90524	2011
91628	2011
88515	2011
91529	2012
89745	2012
99114	2012
91500	2012
96079	2012
96610	2012
98809	2012
97304	2012
97938	2012
96821	2012
97752	2012
98961	2012
96829	2012
96488	2012
102194	2012
95558	2012
96655	2012
99145	2012
98243	2012
102800	2012
93498	2012
98056	2012
100556	2012
96832	2012
97024	2012
98585	2012
97057	2012
97673	2012
96911	2012
101962	2012
103027	2012
102588	2012
100344	2012
97395	2012
103279	2012
94864	2012
95510	2012
93840	2012
97306	2012
95441	2012
95875	2012
91976	2012
91485	2012
96861	2012
96417	2012
93831	2012
93297	2012
99437	2012
93563	2012
94959	2012
97921	2012
98154	2012
97923	2012
95088	2012
92420	2012
94777	2012
96811	2012
99149	2012
101525	2012
96728	2012
95873	2012
94677	2012
94780	2012
95309	2012
97870	2012
93512	2012
91974	2012
91978	2012
94266	2012
96751	2012
97936	2012
93270	2012
99117	2012
93766	2012
95307	2012
96314	2012
99750	2012
94953	2012
93510	2012
95167	2012
91535	2012
96588	2012
93363	2012
96281	2012
96432	2012
97860	2012
97172	2012
95449	2012
94833	2012
96150	2012
96121	2012
94015	2012
98361	2012
96737	2012
99112	2012
97913	2012
98491	2012
97393	2012
99468	2012
93272	2012
95583	2012
95939	2012
99220	2012
102792	2012
93805	2012
97866	2012
92422	2012
97188	2012
91842	2012
101973	2012
98017	2012
92507	2012
93326	2012
95567	2012
95720	2012
96567	2012
96857	2012
103606	2012
96467	2012
96693	2012
96612	2012
98124	2012
94478	2012
94018	2012
96110	2012
95543	2012
95207	2012
94985	2012
93982	2012
98203	2012
95201	2012
97328	2012
97225	2012
98122	2012
97168	2012
95105	2012
94405	2012
96691	2012
92509	2012
100302	2012
102445	2013
106920	2013
106487	2013
106489	2013
105504	2013
106100	2013
105844	2013
106696	2013
103042	2013
103228	2013
103335	2013
106072	2013
107141	2013
106438	2013
107406	2013
105355	2013
105213	2013
104944	2013
101895	2013
104272	2013
107771	2013
99917	2013
104337	2013
103984	2013
109848	2013
104283	2013
106841	2013
103624	2013
102753	2013
111384	2013
102684	2013
111235	2013
106452	2013
107883	2013
103107	2013
110591	2013
102125	2013
103249	2013
99728	2013
102686	2013
101739	2013
99910	2013
100498	2013
100108	2013
104841	2013
106782	2013
100714	2013
106766	2013
105954	2013
101106	2013
106916	2013
104879	2013
101864	2013
106918	2013
103341	2013
102407	2013
103980	2013
102993	2013
99007	2013
111622	2013
107348	2013
103539	2013
105211	2013
101088	2013
110882	2013
101741	2013
103048	2013
105593	2013
109895	2013
100244	2013
100487	2013
100390	2013
103075	2013
104881	2013
100383	2013
106642	2013
103688	2013
105197	2013
103372	2013
102716	2013
101285	2013
108729	2013
102819	2013
101360	2013
103137	2013
104913	2013
103253	2013
103772	2013
104241	2013
107069	2013
104374	2013
102903	2013
104339	2013
100527	2013
105468	2013
103141	2013
106002	2013
104211	2013
103810	2013
103384	2013
104243	2013
101362	2013
103883	2013
102123	2013
103235	2013
103306	2013
106491	2013
104069	2013
105835	2013
106062	2013
99813	2013
113741	2013
105653	2013
103659	2013
103801	2013
102880	2013
99912	2013
101142	2013
106441	2013
101112	2013
102481	2013
102033	2013
104078	2013
103339	2013
101025	2013
100163	2013
108727	2013
108981	2013
100745	2013
104908	2013
106330	2013
104303	2013
101577	2013
102720	2013
109374	2014
112852	2014
112556	2014
111362	2014
110102	2014
108932	2014
112290	2014
116797	2014
112183	2014
112623	2014
112175	2014
116823	2014
115617	2014
111921	2014
109864	2014
112515	2014
114028	2014
118997	2014
114552	2014
114342	2014
111759	2014
118696	2014
112421	2014
113829	2014
109578	2014
109740	2014
109487	2014
115210	2014
115149	2014
114662	2014
112171	2014
108945	2014
113573	2014
112897	2014
112552	2014
112138	2014
111360	2014
111364	2014
111113	2014
116161	2014
117881	2014
115569	2014
108190	2014
111659	2014
110501	2014
112940	2014
110127	2014
110553	2014
111443	2014
108188	2014
117176	2014
114180	2014
114935	2014
119141	2014
110586	2014
113275	2014
115231	2014
118900	2014
115170	2014
115122	2014
118700	2014
114060	2014
116799	2014
117533	2014
110730	2014
109673	2014
108928	2014
112370	2014
109846	2014
113225	2014
111743	2014
114795	2014
110771	2014
112804	2014
113378	2014
109850	2014
